2025-04-28 18:32:24,803 - DEBUG - Building prefix dict from the default dictionary ...
2025-04-28 18:32:24,804 - DEBUG - Loading model from cache C:\Users\fangx\AppData\Local\Temp\jieba.cache
2025-04-28 18:32:25,094 - DEBUG - Loading model cost 0.291 seconds.
2025-04-28 18:32:25,094 - DEBUG - Prefix dict has been built successfully.
2025-04-28 18:32:25,094 - INFO - 自定义词典加载成功
2025-04-28 18:32:25,097 - INFO - 停用词表加载成功
2025-04-28 18:32:25,276 - INFO - Websocket connected
2025-04-28 18:32:25,277 - INFO - 连接建立
2025-04-28 18:32:27,424 - INFO - 开始录音（按回车键停止）
2025-04-28 18:33:12,682 - WARNING - 错误码：10165，信息：invalid handle
2025-04-28 18:33:13,101 - INFO - 连接关闭
2025-04-28 18:33:13,102 - INFO - 最终结果已保存
2025-04-28 18:33:14,110 - INFO - 尝试第1次重连...
2025-04-28 18:33:14,270 - INFO - Websocket connected
2025-04-28 18:33:14,271 - INFO - 连接建立
2025-04-28 18:33:16,122 - INFO - 重连成功
2025-04-28 18:33:16,156 - WARNING - 错误码：10165，信息：invalid handle
2025-04-28 18:33:16,657 - INFO - 连接关闭
2025-04-28 18:33:17,662 - INFO - 尝试第1次重连...
2025-04-28 18:33:17,799 - INFO - Websocket connected
2025-04-28 18:33:17,799 - INFO - 连接建立
2025-04-28 18:33:19,664 - INFO - 重连成功
2025-04-28 18:33:19,698 - WARNING - 错误码：10165，信息：invalid handle
2025-04-28 18:33:20,199 - INFO - 连接关闭
2025-04-28 18:33:21,211 - INFO - 尝试第1次重连...
2025-04-28 18:33:21,355 - INFO - Websocket connected
2025-04-28 18:33:21,355 - INFO - 连接建立
2025-04-28 18:33:23,223 - INFO - 重连成功
2025-04-28 18:33:23,260 - WARNING - 错误码：10165，信息：invalid handle
2025-04-28 18:33:23,757 - INFO - 连接关闭
2025-04-28 18:33:24,763 - INFO - 尝试第1次重连...
2025-04-28 18:33:24,909 - INFO - Websocket connected
2025-04-28 18:33:24,910 - INFO - 连接建立
2025-04-28 18:33:26,778 - INFO - 重连成功
2025-04-28 18:33:26,810 - WARNING - 错误码：10165，信息：invalid handle
2025-04-28 18:33:27,311 - INFO - 连接关闭
2025-04-28 18:33:28,323 - INFO - 尝试第1次重连...
2025-04-28 18:33:28,483 - INFO - Websocket connected
2025-04-28 18:33:28,484 - INFO - 连接建立
2025-04-28 18:33:30,337 - INFO - 重连成功
2025-04-28 18:33:30,375 - WARNING - 错误码：10165，信息：invalid handle
2025-04-28 18:33:30,875 - INFO - 连接关闭
2025-04-28 18:33:31,879 - INFO - 尝试第1次重连...
2025-04-28 18:33:32,038 - INFO - Websocket connected
2025-04-28 18:33:32,038 - INFO - 连接建立
2025-04-28 18:33:33,891 - INFO - 重连成功
2025-04-28 18:33:33,925 - WARNING - 错误码：10165，信息：invalid handle
2025-04-28 18:33:34,426 - INFO - 连接关闭
2025-04-28 18:33:35,434 - INFO - 尝试第1次重连...
2025-04-28 18:33:35,600 - INFO - Websocket connected
2025-04-28 18:33:35,601 - INFO - 连接建立
2025-04-28 18:33:37,448 - INFO - 重连成功
2025-04-28 18:33:37,488 - WARNING - 错误码：10165，信息：invalid handle
2025-04-28 18:33:37,988 - INFO - 连接关闭
2025-04-28 18:33:38,991 - INFO - 尝试第1次重连...
2025-04-28 18:33:39,138 - INFO - Websocket connected
2025-04-28 18:33:39,138 - INFO - 连接建立
2025-04-28 18:33:40,998 - INFO - 重连成功
2025-04-28 18:33:41,033 - WARNING - 错误码：10165，信息：invalid handle
2025-04-28 18:33:41,534 - INFO - 连接关闭
2025-04-28 18:33:42,543 - INFO - 尝试第1次重连...
2025-04-28 18:33:42,699 - INFO - Websocket connected
2025-04-28 18:33:42,699 - INFO - 连接建立
2025-04-28 18:33:44,553 - INFO - 重连成功
2025-04-28 18:33:44,590 - WARNING - 错误码：10165，信息：invalid handle
2025-04-28 18:33:45,091 - INFO - 连接关闭
2025-04-28 18:33:46,092 - INFO - 尝试第1次重连...
2025-04-28 18:33:46,263 - INFO - Websocket connected
2025-04-28 18:33:46,264 - INFO - 连接建立
2025-04-28 18:33:48,098 - INFO - 重连成功
2025-04-28 18:33:48,138 - WARNING - 错误码：10165，信息：invalid handle
2025-04-28 18:33:48,637 - INFO - 连接关闭
2025-04-28 18:33:49,651 - INFO - 尝试第1次重连...
2025-04-28 18:33:49,815 - INFO - Websocket connected
2025-04-28 18:33:49,815 - INFO - 连接建立
2025-04-28 18:33:51,657 - INFO - 重连成功
2025-04-28 18:33:51,693 - WARNING - 错误码：10165，信息：invalid handle
2025-04-28 18:33:52,193 - INFO - 连接关闭
2025-04-28 18:33:53,197 - INFO - 尝试第1次重连...
2025-04-28 18:33:53,350 - INFO - Websocket connected
2025-04-28 18:33:53,350 - INFO - 连接建立
2025-04-28 18:33:55,212 - INFO - 重连成功
2025-04-28 18:33:55,246 - WARNING - 错误码：10165，信息：invalid handle
2025-04-28 18:33:55,747 - INFO - 连接关闭
2025-04-28 18:33:56,759 - INFO - 尝试第1次重连...
2025-04-28 18:33:56,916 - INFO - Websocket connected
2025-04-28 18:33:56,917 - INFO - 连接建立
2025-04-28 18:33:58,768 - INFO - 重连成功
2025-04-28 18:33:58,806 - WARNING - 错误码：10165，信息：invalid handle
2025-04-28 18:33:59,307 - INFO - 连接关闭
2025-04-28 18:34:00,315 - INFO - 尝试第1次重连...
2025-04-28 18:34:00,472 - INFO - Websocket connected
2025-04-28 18:34:00,472 - INFO - 连接建立
2025-04-28 18:34:02,325 - INFO - 重连成功
2025-04-28 18:34:02,361 - WARNING - 错误码：10165，信息：invalid handle
2025-04-28 18:34:02,861 - INFO - 连接关闭
2025-04-28 18:34:03,861 - INFO - 尝试第1次重连...
2025-04-28 18:34:04,017 - INFO - Websocket connected
2025-04-28 18:34:04,018 - INFO - 连接建立
2025-04-28 18:34:05,876 - INFO - 重连成功
2025-04-28 18:34:05,915 - WARNING - 错误码：10165，信息：invalid handle
2025-04-28 18:34:06,415 - INFO - 连接关闭
2025-04-28 18:34:07,422 - INFO - 尝试第1次重连...
2025-04-28 18:34:07,589 - INFO - Websocket connected
2025-04-28 18:34:07,590 - INFO - 连接建立
2025-04-28 18:34:09,435 - INFO - 重连成功
2025-04-28 18:34:09,473 - WARNING - 错误码：10165，信息：invalid handle
2025-04-28 18:34:09,972 - INFO - 连接关闭
2025-04-28 18:34:10,980 - INFO - 尝试第1次重连...
2025-04-28 18:34:11,137 - INFO - Websocket connected
2025-04-28 18:34:11,138 - INFO - 连接建立
2025-04-28 18:34:12,993 - INFO - 重连成功
2025-04-28 18:34:13,033 - WARNING - 错误码：10165，信息：invalid handle
2025-04-28 18:34:13,532 - INFO - 连接关闭
2025-04-28 18:34:14,534 - INFO - 尝试第1次重连...
2025-04-28 18:34:14,710 - INFO - Websocket connected
2025-04-28 18:34:14,711 - INFO - 连接建立
2025-04-28 18:34:16,545 - INFO - 重连成功
2025-04-28 18:34:16,588 - WARNING - 错误码：10165，信息：invalid handle
2025-04-28 18:34:17,088 - INFO - 连接关闭
2025-04-28 18:34:18,103 - INFO - 尝试第1次重连...
2025-04-28 18:34:18,268 - INFO - Websocket connected
2025-04-28 18:34:18,269 - INFO - 连接建立
2025-04-28 18:34:20,116 - INFO - 重连成功
2025-04-28 18:34:20,158 - WARNING - 错误码：10165，信息：invalid handle
2025-04-28 18:34:20,659 - INFO - 连接关闭
2025-04-28 18:34:21,670 - INFO - 尝试第1次重连...
2025-04-28 18:34:21,825 - INFO - Websocket connected
2025-04-28 18:34:21,826 - INFO - 连接建立
2025-04-28 18:34:23,680 - INFO - 重连成功
2025-04-28 18:34:23,719 - WARNING - 错误码：10165，信息：invalid handle
2025-04-28 18:34:24,220 - INFO - 连接关闭
2025-04-28 18:34:25,225 - INFO - 尝试第1次重连...
2025-04-28 18:34:25,397 - INFO - Websocket connected
2025-04-28 18:34:25,399 - INFO - 连接建立
2025-04-28 18:34:27,237 - INFO - 重连成功
2025-04-28 18:34:27,280 - WARNING - 错误码：10165，信息：invalid handle
2025-04-28 18:34:27,780 - INFO - 连接关闭
2025-04-28 18:34:28,795 - INFO - 尝试第1次重连...
2025-04-28 18:34:28,973 - INFO - Websocket connected
2025-04-28 18:34:28,973 - INFO - 连接建立
2025-04-28 18:34:30,808 - INFO - 重连成功
2025-04-28 18:34:30,851 - WARNING - 错误码：10165，信息：invalid handle
2025-04-28 18:34:31,351 - INFO - 连接关闭
2025-04-28 18:34:32,357 - INFO - 尝试第1次重连...
2025-04-28 18:34:32,540 - INFO - Websocket connected
2025-04-28 18:34:32,541 - INFO - 连接建立
2025-04-28 18:34:34,362 - INFO - 重连成功
2025-04-28 18:34:34,406 - WARNING - 错误码：10165，信息：invalid handle
2025-04-28 18:34:34,906 - INFO - 连接关闭
2025-04-28 18:34:35,921 - INFO - 尝试第1次重连...
2025-04-28 18:34:36,075 - INFO - Websocket connected
2025-04-28 18:34:36,076 - INFO - 连接建立
2025-04-28 18:34:37,923 - INFO - 重连成功
2025-04-28 18:34:37,961 - WARNING - 错误码：10165，信息：invalid handle
2025-04-28 18:34:38,462 - INFO - 连接关闭
2025-04-28 18:34:39,465 - INFO - 尝试第1次重连...
2025-04-28 18:34:39,643 - INFO - Websocket connected
2025-04-28 18:34:39,644 - INFO - 连接建立
2025-04-28 18:34:41,471 - INFO - 重连成功
2025-04-28 18:34:41,511 - WARNING - 错误码：10165，信息：invalid handle
2025-04-28 18:34:42,011 - INFO - 连接关闭
2025-04-28 18:34:43,014 - INFO - 尝试第1次重连...
2025-04-28 18:34:43,183 - INFO - Websocket connected
2025-04-28 18:34:43,183 - INFO - 连接建立
2025-04-28 18:34:45,022 - INFO - 重连成功
2025-04-28 18:34:45,062 - WARNING - 错误码：10165，信息：invalid handle
2025-04-28 18:34:45,562 - INFO - 连接关闭
2025-04-28 18:34:46,563 - INFO - 尝试第1次重连...
2025-04-28 18:34:46,741 - INFO - Websocket connected
2025-04-28 18:34:46,742 - INFO - 连接建立
2025-04-28 18:34:48,567 - INFO - 重连成功
2025-04-28 18:34:48,610 - WARNING - 错误码：10165，信息：invalid handle
2025-04-28 18:34:49,111 - INFO - 连接关闭
2025-04-28 18:34:50,111 - INFO - 尝试第1次重连...
2025-04-28 18:34:50,284 - INFO - Websocket connected
2025-04-28 18:34:50,284 - INFO - 连接建立
2025-04-28 18:34:52,117 - INFO - 重连成功
2025-04-28 18:34:52,161 - WARNING - 错误码：10165，信息：invalid handle
2025-04-28 18:34:52,661 - INFO - 连接关闭
2025-04-28 18:34:53,665 - INFO - 尝试第1次重连...
2025-04-28 18:34:53,841 - INFO - Websocket connected
2025-04-28 18:34:53,842 - INFO - 连接建立
2025-04-28 18:34:55,671 - INFO - 重连成功
2025-04-28 18:34:55,716 - WARNING - 错误码：10165，信息：invalid handle
2025-04-28 18:34:56,216 - INFO - 连接关闭
2025-04-28 18:34:57,231 - INFO - 尝试第1次重连...
2025-04-28 18:34:57,405 - INFO - Websocket connected
2025-04-28 18:34:57,406 - INFO - 连接建立
2025-04-28 18:34:59,236 - INFO - 重连成功
2025-04-28 18:34:59,283 - WARNING - 错误码：10165，信息：invalid handle
2025-04-28 18:34:59,782 - INFO - 连接关闭
2025-04-28 18:35:00,794 - INFO - 尝试第1次重连...
2025-04-28 18:35:00,967 - INFO - Websocket connected
2025-04-28 18:35:00,967 - INFO - 连接建立
2025-04-28 18:35:02,798 - INFO - 重连成功
2025-04-28 18:35:02,840 - WARNING - 错误码：10165，信息：invalid handle
2025-04-28 18:35:03,341 - INFO - 连接关闭
2025-04-28 18:35:04,351 - INFO - 尝试第1次重连...
2025-04-28 18:35:04,510 - INFO - Websocket connected
2025-04-28 18:35:04,511 - INFO - 连接建立
2025-04-28 18:35:06,367 - INFO - 重连成功
2025-04-28 18:35:06,406 - WARNING - 错误码：10165，信息：invalid handle
2025-04-28 18:35:06,908 - INFO - 连接关闭
2025-04-28 18:35:07,911 - INFO - 尝试第1次重连...
2025-04-28 18:35:08,090 - INFO - Websocket connected
2025-04-28 18:35:08,090 - INFO - 连接建立
2025-04-28 18:35:09,919 - INFO - 重连成功
2025-04-28 18:35:09,962 - WARNING - 错误码：10165，信息：invalid handle
2025-04-28 18:35:10,463 - INFO - 连接关闭
2025-04-28 18:35:11,465 - INFO - 尝试第1次重连...
2025-04-28 18:35:11,644 - INFO - Websocket connected
2025-04-28 18:35:11,645 - INFO - 连接建立
2025-04-28 18:35:13,475 - INFO - 重连成功
2025-04-28 18:35:13,516 - WARNING - 错误码：10165，信息：invalid handle
2025-04-28 18:35:14,017 - INFO - 连接关闭
2025-04-28 18:35:15,031 - INFO - 尝试第1次重连...
2025-04-28 18:35:15,205 - INFO - Websocket connected
2025-04-28 18:35:15,206 - INFO - 连接建立
2025-04-28 18:35:17,042 - INFO - 重连成功
2025-04-28 18:35:17,079 - WARNING - 错误码：10165，信息：invalid handle
2025-04-28 18:35:17,580 - INFO - 连接关闭
2025-04-28 18:35:18,583 - INFO - 尝试第1次重连...
2025-04-28 18:35:18,736 - INFO - Websocket connected
2025-04-28 18:35:18,737 - INFO - 连接建立
2025-04-28 18:35:20,597 - INFO - 重连成功
2025-04-28 18:35:20,637 - WARNING - 错误码：10165，信息：invalid handle
2025-04-28 18:35:21,138 - INFO - 连接关闭
2025-04-28 18:35:22,146 - INFO - 尝试第1次重连...
2025-04-28 18:35:22,281 - INFO - Websocket connected
2025-04-28 18:35:22,282 - INFO - 连接建立
2025-04-28 18:35:24,156 - INFO - 重连成功
2025-04-28 18:35:24,189 - WARNING - 错误码：10165，信息：invalid handle
2025-04-28 18:35:24,689 - INFO - 连接关闭
2025-04-28 18:35:25,703 - INFO - 尝试第1次重连...
2025-04-28 18:35:25,848 - INFO - Websocket connected
2025-04-28 18:35:25,848 - INFO - 连接建立
2025-04-28 18:35:27,717 - INFO - 重连成功
2025-04-28 18:35:27,752 - WARNING - 错误码：10165，信息：invalid handle
2025-04-28 18:35:28,249 - INFO - 连接关闭
2025-04-28 18:35:29,260 - INFO - 尝试第1次重连...
2025-04-28 18:35:29,417 - INFO - Websocket connected
2025-04-28 18:35:29,418 - INFO - 连接建立
2025-04-28 18:35:31,270 - INFO - 重连成功
2025-04-28 18:35:31,311 - WARNING - 错误码：10165，信息：invalid handle
2025-04-28 18:35:31,809 - INFO - 连接关闭
2025-04-28 18:35:32,812 - INFO - 尝试第1次重连...
2025-04-28 18:35:32,970 - INFO - Websocket connected
2025-04-28 18:35:32,971 - INFO - 连接建立
2025-04-28 18:35:34,825 - INFO - 重连成功
2025-04-28 18:35:34,862 - WARNING - 错误码：10165，信息：invalid handle
2025-04-28 18:35:35,361 - INFO - 连接关闭
2025-04-28 18:35:36,363 - INFO - 尝试第1次重连...
2025-04-28 18:35:36,534 - INFO - Websocket connected
2025-04-28 18:35:36,535 - INFO - 连接建立
2025-04-28 18:35:38,374 - INFO - 重连成功
2025-04-28 18:35:38,411 - WARNING - 错误码：10165，信息：invalid handle
2025-04-28 18:35:38,910 - INFO - 连接关闭
2025-04-28 18:35:39,923 - INFO - 尝试第1次重连...
2025-04-28 18:35:40,086 - INFO - Websocket connected
2025-04-28 18:35:40,086 - INFO - 连接建立
2025-04-28 18:35:41,928 - INFO - 重连成功
2025-04-28 18:35:41,965 - WARNING - 错误码：10165，信息：invalid handle
2025-04-28 18:35:42,465 - INFO - 连接关闭
2025-04-28 18:35:43,477 - INFO - 尝试第1次重连...
2025-04-28 18:35:43,635 - INFO - Websocket connected
2025-04-28 18:35:43,636 - INFO - 连接建立
2025-04-28 18:35:45,484 - INFO - 重连成功
2025-04-28 18:35:45,526 - WARNING - 错误码：10165，信息：invalid handle
2025-04-28 18:35:46,025 - INFO - 连接关闭
2025-04-28 18:35:47,028 - INFO - 尝试第1次重连...
2025-04-28 18:35:47,188 - INFO - Websocket connected
2025-04-28 18:35:47,188 - INFO - 连接建立
2025-04-28 18:35:49,041 - INFO - 重连成功
2025-04-28 18:35:49,094 - WARNING - 错误码：10165，信息：invalid handle
2025-04-28 18:35:49,592 - INFO - 连接关闭
2025-04-28 18:35:50,604 - INFO - 尝试第1次重连...
2025-04-28 18:35:50,738 - INFO - Websocket connected
2025-04-28 18:35:50,738 - INFO - 连接建立
2025-04-28 18:35:52,611 - INFO - 重连成功
2025-04-28 18:35:52,644 - WARNING - 错误码：10165，信息：invalid handle
2025-04-28 18:35:53,147 - INFO - 连接关闭
2025-04-28 18:35:54,154 - INFO - 尝试第1次重连...
2025-04-28 18:35:54,335 - INFO - Websocket connected
2025-04-28 18:35:54,335 - INFO - 连接建立
2025-04-28 18:35:56,162 - INFO - 重连成功
2025-04-28 18:35:56,202 - WARNING - 错误码：10165，信息：invalid handle
2025-04-28 18:35:56,702 - INFO - 连接关闭
2025-04-28 18:35:57,715 - INFO - 尝试第1次重连...
2025-04-28 18:35:57,867 - INFO - Websocket connected
2025-04-28 18:35:57,867 - INFO - 连接建立
2025-04-28 18:35:59,717 - INFO - 重连成功
2025-04-28 18:35:59,757 - WARNING - 错误码：10165，信息：invalid handle
2025-04-28 18:36:00,256 - INFO - 连接关闭
2025-04-28 18:36:01,262 - INFO - 尝试第1次重连...
2025-04-28 18:36:01,408 - INFO - Websocket connected
2025-04-28 18:36:01,408 - INFO - 连接建立
2025-04-28 18:36:03,269 - INFO - 重连成功
2025-04-28 18:36:03,303 - WARNING - 错误码：10165，信息：invalid handle
2025-04-28 18:36:03,833 - INFO - 连接关闭
2025-04-28 18:36:04,845 - INFO - 尝试第1次重连...
2025-04-28 18:36:04,997 - INFO - Websocket connected
2025-04-28 18:36:04,997 - INFO - 连接建立
2025-04-28 18:36:06,855 - INFO - 重连成功
2025-04-28 18:36:06,894 - WARNING - 错误码：10165，信息：invalid handle
2025-04-28 18:36:07,394 - INFO - 连接关闭
2025-04-28 18:36:08,409 - INFO - 尝试第1次重连...
2025-04-28 18:36:08,562 - INFO - Websocket connected
2025-04-28 18:36:08,562 - INFO - 连接建立
2025-04-28 18:36:10,418 - INFO - 重连成功
2025-04-28 18:36:10,455 - WARNING - 错误码：10165，信息：invalid handle
2025-04-28 18:36:10,953 - INFO - 连接关闭
2025-04-28 18:36:11,967 - INFO - 尝试第1次重连...
2025-04-28 18:36:12,141 - INFO - Websocket connected
2025-04-28 18:36:12,141 - INFO - 连接建立
2025-04-28 18:36:13,980 - INFO - 重连成功
2025-04-28 18:36:14,021 - WARNING - 错误码：10165，信息：invalid handle
2025-04-28 18:36:14,530 - INFO - 连接关闭
2025-04-28 18:36:15,539 - INFO - 尝试第1次重连...
2025-04-28 18:36:15,707 - INFO - Websocket connected
2025-04-28 18:36:15,708 - INFO - 连接建立
2025-04-28 18:36:17,551 - INFO - 重连成功
2025-04-28 18:36:17,589 - WARNING - 错误码：10165，信息：invalid handle
2025-04-28 18:36:18,090 - INFO - 连接关闭
2025-04-28 18:36:19,091 - INFO - 尝试第1次重连...
2025-04-28 18:36:19,232 - INFO - Websocket connected
2025-04-28 18:36:19,233 - INFO - 连接建立
2025-04-28 18:36:21,096 - INFO - 重连成功
2025-04-28 18:36:21,129 - WARNING - 错误码：10165，信息：invalid handle
2025-04-28 18:36:21,629 - INFO - 连接关闭
2025-04-28 18:36:22,632 - INFO - 尝试第1次重连...
2025-04-28 18:36:22,795 - INFO - Websocket connected
2025-04-28 18:36:22,796 - INFO - 连接建立
2025-04-28 18:36:24,637 - INFO - 重连成功
2025-04-28 18:36:24,674 - WARNING - 错误码：10165，信息：invalid handle
2025-04-28 18:36:25,176 - INFO - 连接关闭
2025-04-28 18:36:26,191 - INFO - 尝试第1次重连...
2025-04-28 18:36:26,326 - INFO - Websocket connected
2025-04-28 18:36:26,326 - INFO - 连接建立
2025-04-28 18:36:28,195 - INFO - 重连成功
2025-04-28 18:36:28,227 - WARNING - 错误码：10165，信息：invalid handle
2025-04-28 18:36:28,729 - INFO - 连接关闭
2025-04-28 18:36:29,730 - INFO - 尝试第1次重连...
2025-04-28 18:36:29,876 - INFO - Websocket connected
2025-04-28 18:36:29,877 - INFO - 连接建立
2025-04-28 18:36:31,743 - INFO - 重连成功
2025-04-28 18:36:31,778 - WARNING - 错误码：10165，信息：invalid handle
2025-04-28 18:36:32,281 - INFO - 连接关闭
2025-04-28 18:36:33,296 - INFO - 尝试第1次重连...
2025-04-28 18:36:33,451 - INFO - Websocket connected
2025-04-28 18:36:33,451 - INFO - 连接建立
2025-04-28 18:36:35,312 - INFO - 重连成功
2025-04-28 18:36:35,352 - WARNING - 错误码：10165，信息：invalid handle
2025-04-28 18:36:35,855 - INFO - 连接关闭
2025-04-28 18:36:36,858 - INFO - 尝试第1次重连...
2025-04-28 18:36:37,010 - INFO - Websocket connected
2025-04-28 18:36:37,012 - INFO - 连接建立
2025-04-28 18:36:38,871 - INFO - 重连成功
2025-04-28 18:36:38,908 - WARNING - 错误码：10165，信息：invalid handle
2025-04-28 18:36:39,406 - INFO - 连接关闭
2025-04-28 18:36:40,415 - INFO - 尝试第1次重连...
2025-04-28 18:36:40,577 - INFO - Websocket connected
2025-04-28 18:36:40,578 - INFO - 连接建立
2025-04-28 18:36:42,426 - INFO - 重连成功
2025-04-28 18:36:42,463 - WARNING - 错误码：10165，信息：invalid handle
2025-04-28 18:36:42,963 - INFO - 连接关闭
2025-04-28 18:36:43,970 - INFO - 尝试第1次重连...
2025-04-28 18:36:44,125 - INFO - Websocket connected
2025-04-28 18:36:44,125 - INFO - 连接建立
2025-04-28 18:36:45,978 - INFO - 重连成功
2025-04-28 18:36:46,017 - WARNING - 错误码：10165，信息：invalid handle
2025-04-28 18:36:46,516 - INFO - 连接关闭
2025-04-28 18:36:47,527 - INFO - 尝试第1次重连...
2025-04-28 18:36:47,703 - INFO - Websocket connected
2025-04-28 18:36:47,704 - INFO - 连接建立
2025-04-28 18:36:49,534 - INFO - 重连成功
2025-04-28 18:36:49,575 - WARNING - 错误码：10165，信息：invalid handle
2025-04-28 18:36:50,107 - INFO - 连接关闭
2025-04-28 18:36:51,118 - INFO - 尝试第1次重连...
2025-04-28 18:36:51,266 - INFO - Websocket connected
2025-04-28 18:36:51,267 - INFO - 连接建立
2025-04-28 18:36:53,121 - INFO - 重连成功
2025-04-28 18:36:53,155 - WARNING - 错误码：10165，信息：invalid handle
2025-04-28 18:36:53,655 - INFO - 连接关闭
2025-04-28 18:36:54,671 - INFO - 尝试第1次重连...
2025-04-28 18:36:54,822 - INFO - Websocket connected
2025-04-28 18:36:54,822 - INFO - 连接建立
2025-04-28 18:36:56,686 - INFO - 重连成功
2025-04-28 18:36:56,724 - WARNING - 错误码：10165，信息：invalid handle
2025-04-28 18:36:57,224 - INFO - 连接关闭
2025-04-28 18:36:58,228 - INFO - 尝试第1次重连...
2025-04-28 18:36:58,368 - INFO - Websocket connected
2025-04-28 18:36:58,368 - INFO - 连接建立
2025-04-28 18:37:00,240 - INFO - 重连成功
2025-04-28 18:37:00,274 - WARNING - 错误码：10165，信息：invalid handle
2025-04-28 18:37:00,775 - INFO - 连接关闭
2025-04-28 18:37:01,779 - INFO - 尝试第1次重连...
2025-04-28 18:37:01,941 - INFO - Websocket connected
2025-04-28 18:37:01,941 - INFO - 连接建立
2025-04-28 18:37:03,794 - INFO - 重连成功
2025-04-28 18:37:03,869 - WARNING - 错误码：10165，信息：invalid handle
2025-04-28 18:37:04,358 - INFO - 连接关闭
2025-04-28 18:37:05,368 - INFO - 尝试第1次重连...
2025-04-28 18:37:05,532 - INFO - Websocket connected
2025-04-28 18:37:05,533 - INFO - 连接建立
2025-04-28 18:37:07,382 - INFO - 重连成功
2025-04-28 18:37:07,420 - WARNING - 错误码：10165，信息：invalid handle
2025-04-28 18:37:07,920 - INFO - 连接关闭
2025-04-28 18:37:08,924 - INFO - 尝试第1次重连...
2025-04-28 18:37:09,075 - INFO - Websocket connected
2025-04-28 18:37:09,076 - INFO - 连接建立
2025-04-28 18:37:10,936 - INFO - 重连成功
2025-04-28 18:37:10,974 - WARNING - 错误码：10165，信息：invalid handle
2025-04-28 18:37:11,473 - INFO - 连接关闭
2025-04-28 18:37:12,485 - INFO - 尝试第1次重连...
2025-04-28 18:37:12,634 - INFO - Websocket connected
2025-04-28 18:37:12,635 - INFO - 连接建立
2025-04-28 18:37:14,494 - INFO - 重连成功
2025-04-28 18:37:14,530 - WARNING - 错误码：10165，信息：invalid handle
2025-04-28 18:37:15,032 - INFO - 连接关闭
2025-04-28 18:37:16,039 - INFO - 尝试第1次重连...
2025-04-28 18:37:16,195 - INFO - Websocket connected
2025-04-28 18:37:16,196 - INFO - 连接建立
2025-04-28 18:37:18,051 - INFO - 重连成功
2025-04-28 18:37:18,089 - WARNING - 错误码：10165，信息：invalid handle
2025-04-28 18:37:18,588 - INFO - 连接关闭
2025-04-28 18:37:19,597 - INFO - 尝试第1次重连...
2025-04-28 18:37:19,753 - INFO - Websocket connected
2025-04-28 18:37:19,753 - INFO - 连接建立
2025-04-28 18:37:21,608 - INFO - 重连成功
2025-04-28 18:37:21,806 - WARNING - 错误码：10165，信息：invalid handle
2025-04-28 18:37:22,294 - INFO - 连接关闭
2025-04-28 18:37:23,298 - INFO - 尝试第1次重连...
2025-04-28 18:37:23,444 - INFO - Websocket connected
2025-04-28 18:37:23,445 - INFO - 连接建立
2025-04-28 18:37:25,306 - INFO - 重连成功
2025-04-28 18:37:25,340 - WARNING - 错误码：10165，信息：invalid handle
2025-04-28 18:37:25,840 - INFO - 连接关闭
2025-04-28 18:37:26,844 - INFO - 尝试第1次重连...
2025-04-28 18:37:26,999 - INFO - Websocket connected
2025-04-28 18:37:26,999 - INFO - 连接建立
2025-04-28 18:37:28,858 - INFO - 重连成功
2025-04-28 18:37:28,894 - WARNING - 错误码：10165，信息：invalid handle
2025-04-28 18:37:29,399 - INFO - 连接关闭
2025-04-28 18:37:30,408 - INFO - 尝试第1次重连...
2025-04-28 18:37:30,567 - INFO - Websocket connected
2025-04-28 18:37:30,567 - INFO - 连接建立
2025-04-28 18:37:32,417 - INFO - 重连成功
2025-04-28 18:37:32,455 - WARNING - 错误码：10165，信息：invalid handle
2025-04-28 18:37:32,955 - INFO - 连接关闭
2025-04-28 18:37:33,969 - INFO - 尝试第1次重连...
2025-04-28 18:37:34,109 - INFO - Websocket connected
2025-04-28 18:37:34,110 - INFO - 连接建立
2025-04-28 18:37:35,982 - INFO - 重连成功
2025-04-28 18:37:36,014 - WARNING - 错误码：10165，信息：invalid handle
2025-04-28 18:37:36,514 - INFO - 连接关闭
2025-04-28 18:37:37,530 - INFO - 尝试第1次重连...
2025-04-28 18:37:37,721 - INFO - Websocket connected
2025-04-28 18:37:37,721 - INFO - 连接建立
2025-04-28 18:37:39,535 - INFO - 重连成功
2025-04-28 18:37:39,572 - WARNING - 错误码：10165，信息：invalid handle
2025-04-28 18:37:40,073 - INFO - 连接关闭
2025-04-28 18:37:41,077 - INFO - 尝试第1次重连...
2025-04-28 18:37:41,214 - INFO - Websocket connected
2025-04-28 18:37:41,214 - INFO - 连接建立
2025-04-28 18:37:43,091 - INFO - 重连成功
2025-04-28 18:37:43,126 - WARNING - 错误码：10165，信息：invalid handle
2025-04-28 18:37:43,658 - INFO - 连接关闭
2025-04-28 18:37:44,661 - INFO - 尝试第1次重连...
2025-04-28 18:37:44,895 - INFO - Websocket connected
2025-04-28 18:37:44,896 - INFO - 连接建立
2025-04-28 18:37:46,663 - INFO - 重连成功
2025-04-28 18:37:46,773 - WARNING - 错误码：10165，信息：invalid handle
2025-04-28 18:37:47,353 - INFO - 连接关闭
2025-04-28 18:37:48,355 - INFO - 尝试第1次重连...
2025-04-28 18:37:48,516 - INFO - Websocket connected
2025-04-28 18:37:48,517 - INFO - 连接建立
2025-04-28 18:37:50,362 - INFO - 重连成功
2025-04-28 18:37:50,407 - WARNING - 错误码：10165，信息：invalid handle
2025-04-28 18:37:50,908 - INFO - 连接关闭
2025-04-28 18:37:51,922 - INFO - 尝试第1次重连...
2025-04-28 18:37:52,081 - INFO - Websocket connected
2025-04-28 18:37:52,082 - INFO - 连接建立
2025-04-28 18:37:53,934 - INFO - 重连成功
2025-04-28 18:37:53,972 - WARNING - 错误码：10165，信息：invalid handle
2025-04-28 18:37:54,478 - INFO - 连接关闭
2025-04-28 18:37:55,488 - INFO - 尝试第1次重连...
2025-04-28 18:37:55,643 - INFO - Websocket connected
2025-04-28 18:37:55,644 - INFO - 连接建立
2025-04-28 18:39:12,427 - INFO - 连接关闭
2025-04-28 18:39:13,248 - WARNING - 重连失败
2025-04-28 18:39:13,248 - ERROR - 无法恢复连接，请重新启动程序
2025-04-28 18:39:13,688 - WARNING - 检测到连接丢失，尝试恢复...
2025-04-28 18:39:15,701 - INFO - 尝试第2次重连...
2025-04-28 18:39:15,858 - INFO - Websocket connected
2025-04-28 18:39:15,858 - INFO - 连接建立
2025-04-28 18:39:17,714 - INFO - 重连成功
2025-04-28 18:39:17,752 - WARNING - 错误码：10165，信息：invalid handle
2025-04-28 18:39:18,252 - INFO - 连接关闭
2025-04-28 18:39:19,267 - INFO - 尝试第1次重连...
2025-04-28 18:39:19,424 - INFO - Websocket connected
2025-04-28 18:39:19,425 - INFO - 连接建立
2025-04-28 18:39:21,274 - INFO - 重连成功
2025-04-28 18:39:21,332 - WARNING - 错误码：10165，信息：invalid handle
2025-04-28 18:39:21,831 - INFO - 连接关闭
2025-04-28 18:39:22,835 - INFO - 尝试第1次重连...
2025-04-28 18:39:22,990 - INFO - Websocket connected
2025-04-28 18:39:22,990 - INFO - 连接建立
2025-04-28 18:39:24,850 - INFO - 重连成功
2025-04-28 18:39:24,890 - WARNING - 错误码：10165，信息：invalid handle
2025-04-28 18:39:25,386 - INFO - 连接关闭
2025-04-28 18:39:26,402 - INFO - 尝试第1次重连...
2025-04-28 18:39:26,564 - INFO - Websocket connected
2025-04-28 18:39:26,565 - INFO - 连接建立
2025-04-28 18:39:28,412 - INFO - 重连成功
2025-04-28 18:39:28,452 - WARNING - 错误码：10165，信息：invalid handle
2025-04-28 18:39:28,951 - INFO - 连接关闭
2025-04-28 18:39:29,955 - INFO - 尝试第1次重连...
2025-04-28 18:39:30,109 - INFO - Websocket connected
2025-04-28 18:39:30,110 - INFO - 连接建立
2025-04-28 18:39:31,969 - INFO - 重连成功
2025-04-28 18:39:32,004 - WARNING - 错误码：10165，信息：invalid handle
2025-04-28 18:39:32,506 - INFO - 连接关闭
2025-04-28 18:39:33,517 - INFO - 尝试第1次重连...
2025-04-28 18:39:33,661 - INFO - Websocket connected
2025-04-28 18:39:33,662 - INFO - 连接建立
2025-04-28 18:39:35,527 - INFO - 重连成功
2025-04-28 18:39:35,562 - WARNING - 错误码：10165，信息：invalid handle
2025-04-28 18:39:36,063 - INFO - 连接关闭
2025-04-28 18:39:37,068 - INFO - 尝试第1次重连...
2025-04-28 18:39:37,218 - INFO - Websocket connected
2025-04-28 18:39:37,219 - INFO - 连接建立
2025-04-28 18:39:39,080 - INFO - 重连成功
2025-04-28 18:39:39,112 - WARNING - 错误码：10165，信息：invalid handle
2025-04-28 18:39:39,613 - INFO - 连接关闭
2025-04-28 18:39:40,619 - INFO - 尝试第1次重连...
2025-04-28 18:39:40,765 - INFO - Websocket connected
2025-04-28 18:39:40,765 - INFO - 连接建立
2025-04-28 18:39:42,634 - INFO - 重连成功
2025-04-28 18:39:42,667 - WARNING - 错误码：10165，信息：invalid handle
2025-04-28 18:39:43,168 - INFO - 连接关闭
2025-04-28 18:39:44,180 - INFO - 尝试第1次重连...
2025-04-28 18:39:44,339 - INFO - Websocket connected
2025-04-28 18:39:44,340 - INFO - 连接建立
2025-04-28 18:39:46,189 - INFO - 重连成功
2025-04-28 18:39:46,227 - WARNING - 错误码：10165，信息：invalid handle
2025-04-28 18:39:46,728 - INFO - 连接关闭
2025-04-28 18:39:47,733 - INFO - 尝试第1次重连...
2025-04-28 18:39:47,873 - INFO - Websocket connected
2025-04-28 18:39:47,873 - INFO - 连接建立
2025-04-28 18:39:49,747 - INFO - 重连成功
2025-04-28 18:39:49,779 - WARNING - 错误码：10165，信息：invalid handle
2025-04-28 18:39:50,279 - INFO - 连接关闭
2025-04-28 18:39:51,291 - INFO - 尝试第1次重连...
2025-04-28 18:39:51,459 - INFO - Websocket connected
2025-04-28 18:39:51,460 - INFO - 连接建立
2025-04-28 18:39:53,293 - INFO - 重连成功
2025-04-28 18:39:53,334 - WARNING - 错误码：10165，信息：invalid handle
2025-04-28 18:39:53,834 - INFO - 连接关闭
2025-04-28 18:39:54,850 - INFO - 尝试第1次重连...
2025-04-28 18:39:55,002 - INFO - Websocket connected
2025-04-28 18:39:55,003 - INFO - 连接建立
2025-04-28 18:39:56,859 - INFO - 重连成功
2025-04-28 18:39:56,896 - WARNING - 错误码：10165，信息：invalid handle
2025-04-28 18:39:57,395 - INFO - 连接关闭
2025-04-28 18:39:58,399 - INFO - 尝试第1次重连...
2025-04-28 18:39:58,552 - INFO - Websocket connected
2025-04-28 18:39:58,553 - INFO - 连接建立
2025-04-28 18:40:00,400 - INFO - 重连成功
2025-04-28 18:40:00,442 - WARNING - 错误码：10165，信息：invalid handle
2025-04-28 18:40:00,997 - INFO - 连接关闭
2025-04-28 18:40:02,010 - INFO - 尝试第1次重连...
2025-04-28 18:40:02,144 - INFO - Websocket connected
2025-04-28 18:40:02,144 - INFO - 连接建立
2025-04-28 18:40:04,026 - INFO - 重连成功
2025-04-28 18:40:04,060 - WARNING - 错误码：10165，信息：invalid handle
2025-04-28 18:40:04,570 - INFO - 连接关闭
2025-04-28 18:40:05,576 - INFO - 尝试第1次重连...
2025-04-28 18:40:05,746 - INFO - Websocket connected
2025-04-28 18:40:05,746 - INFO - 连接建立
2025-04-28 18:40:07,578 - INFO - 重连成功
2025-04-28 18:40:07,616 - WARNING - 错误码：10165，信息：invalid handle
2025-04-28 18:40:08,116 - INFO - 连接关闭
2025-04-28 18:40:09,124 - INFO - 尝试第1次重连...
2025-04-28 18:40:09,274 - INFO - Websocket connected
2025-04-28 18:40:09,276 - INFO - 连接建立
2025-04-28 18:40:11,140 - INFO - 重连成功
2025-04-28 18:40:11,174 - WARNING - 错误码：10165，信息：invalid handle
2025-04-28 18:40:11,676 - INFO - 连接关闭
2025-04-28 18:40:12,687 - INFO - 尝试第1次重连...
2025-04-28 18:40:12,849 - INFO - Websocket connected
2025-04-28 18:40:12,850 - INFO - 连接建立
2025-04-28 18:40:14,700 - INFO - 重连成功
2025-04-28 18:40:14,845 - WARNING - 错误码：10165，信息：invalid handle
2025-04-28 18:40:15,426 - INFO - 连接关闭
2025-04-28 18:40:16,430 - INFO - 尝试第1次重连...
2025-04-28 18:40:16,700 - INFO - Websocket connected
2025-04-28 18:40:16,701 - INFO - 连接建立
2025-04-28 18:40:18,441 - INFO - 重连成功
2025-04-28 18:40:18,479 - WARNING - 错误码：10165，信息：invalid handle
2025-04-28 18:40:18,979 - INFO - 连接关闭
2025-04-28 18:40:19,981 - INFO - 尝试第1次重连...
2025-04-28 18:40:20,126 - INFO - Websocket connected
2025-04-28 18:40:20,126 - INFO - 连接建立
2025-04-28 18:40:21,994 - INFO - 重连成功
2025-04-28 18:40:22,032 - WARNING - 错误码：10165，信息：invalid handle
2025-04-28 18:40:22,533 - INFO - 连接关闭
2025-04-28 18:40:23,548 - INFO - 尝试第1次重连...
2025-04-28 18:40:23,689 - INFO - Websocket connected
2025-04-28 18:40:23,689 - INFO - 连接建立
2025-04-28 18:40:25,552 - INFO - 重连成功
2025-04-28 18:40:25,586 - WARNING - 错误码：10165，信息：invalid handle
2025-04-28 18:40:26,086 - INFO - 连接关闭
2025-04-28 18:40:27,093 - INFO - 尝试第1次重连...
2025-04-28 18:40:27,248 - INFO - Websocket connected
2025-04-28 18:40:27,249 - INFO - 连接建立
2025-04-28 18:40:29,102 - INFO - 重连成功
2025-04-28 18:40:29,140 - WARNING - 错误码：10165，信息：invalid handle
2025-04-28 18:40:29,638 - INFO - 连接关闭
2025-04-28 18:40:30,640 - INFO - 尝试第1次重连...
2025-04-28 18:40:30,812 - INFO - Websocket connected
2025-04-28 18:40:30,813 - INFO - 连接建立
2025-04-28 18:40:32,642 - INFO - 重连成功
2025-04-28 18:40:32,681 - WARNING - 错误码：10165，信息：invalid handle
2025-04-28 18:40:33,183 - INFO - 连接关闭
2025-04-28 18:40:34,186 - INFO - 尝试第1次重连...
2025-04-28 18:40:34,325 - INFO - Websocket connected
2025-04-28 18:40:34,326 - INFO - 连接建立
2025-04-28 18:40:36,195 - INFO - 重连成功
2025-04-28 18:40:36,228 - WARNING - 错误码：10165，信息：invalid handle
2025-04-28 18:40:36,728 - INFO - 连接关闭
2025-04-28 18:40:37,743 - INFO - 尝试第1次重连...
2025-04-28 18:40:37,887 - INFO - Websocket connected
2025-04-28 18:40:37,888 - INFO - 连接建立
2025-04-28 18:40:39,749 - INFO - 重连成功
2025-04-28 18:40:39,782 - WARNING - 错误码：10165，信息：invalid handle
2025-04-28 18:40:40,283 - INFO - 连接关闭
2025-04-28 18:40:41,298 - INFO - 尝试第1次重连...
2025-04-28 18:40:41,462 - INFO - Websocket connected
2025-04-28 18:40:41,464 - INFO - 连接建立
2025-04-28 18:40:43,309 - INFO - 重连成功
2025-04-28 18:40:43,385 - WARNING - 错误码：10165，信息：invalid handle
2025-04-28 18:40:43,881 - INFO - 连接关闭
2025-04-28 18:40:44,891 - INFO - 尝试第1次重连...
2025-04-28 18:40:45,049 - INFO - Websocket connected
2025-04-28 18:40:45,050 - INFO - 连接建立
2025-04-28 18:40:46,893 - INFO - 重连成功
2025-04-28 18:40:46,929 - WARNING - 错误码：10165，信息：invalid handle
2025-04-28 18:40:47,430 - INFO - 连接关闭
2025-04-28 18:40:48,432 - INFO - 尝试第1次重连...
2025-04-28 18:40:48,607 - INFO - Websocket connected
2025-04-28 18:40:48,608 - INFO - 连接建立
2025-04-28 18:40:50,447 - INFO - 重连成功
2025-04-28 18:40:50,485 - WARNING - 错误码：10165，信息：invalid handle
2025-04-28 18:40:50,986 - INFO - 连接关闭
2025-04-28 18:40:51,989 - INFO - 尝试第1次重连...
2025-04-28 18:40:52,134 - INFO - Websocket connected
2025-04-28 18:40:52,135 - INFO - 连接建立
2025-04-28 18:40:53,999 - INFO - 重连成功
2025-04-28 18:40:54,034 - WARNING - 错误码：10165，信息：invalid handle
2025-04-28 18:40:54,537 - INFO - 连接关闭
2025-04-28 18:40:55,544 - INFO - 尝试第1次重连...
2025-04-28 18:40:55,715 - INFO - Websocket connected
2025-04-28 18:40:55,716 - INFO - 连接建立
2025-04-28 18:40:57,555 - INFO - 重连成功
2025-04-28 18:40:57,595 - WARNING - 错误码：10165，信息：invalid handle
2025-04-28 18:40:58,094 - INFO - 连接关闭
2025-04-28 18:40:59,107 - INFO - 尝试第1次重连...
2025-04-28 18:40:59,275 - INFO - Websocket connected
2025-04-28 18:40:59,275 - INFO - 连接建立
2025-04-28 18:41:01,115 - INFO - 重连成功
2025-04-28 18:41:01,153 - WARNING - 错误码：10165，信息：invalid handle
2025-04-28 18:41:01,654 - INFO - 连接关闭
2025-04-28 18:41:02,664 - INFO - 尝试第1次重连...
2025-04-28 18:41:02,815 - INFO - Websocket connected
2025-04-28 18:41:02,815 - INFO - 连接建立
2025-04-28 18:41:04,670 - INFO - 重连成功
2025-04-28 18:41:04,706 - WARNING - 错误码：10165，信息：invalid handle
2025-04-28 18:41:05,224 - INFO - 连接关闭
2025-04-28 18:41:06,235 - INFO - 尝试第1次重连...
2025-04-28 18:41:06,411 - INFO - Websocket connected
2025-04-28 18:41:06,412 - INFO - 连接建立
2025-04-28 18:41:08,242 - INFO - 重连成功
2025-04-28 18:41:08,290 - WARNING - 错误码：10165，信息：invalid handle
2025-04-28 18:41:08,791 - INFO - 连接关闭
2025-04-28 18:41:09,800 - INFO - 尝试第1次重连...
2025-04-28 18:41:10,031 - INFO - Websocket connected
2025-04-28 18:41:10,031 - INFO - 连接建立
2025-04-28 18:41:11,802 - INFO - 重连成功
2025-04-28 18:41:11,835 - WARNING - 错误码：10165，信息：invalid handle
2025-04-28 18:41:12,334 - INFO - 连接关闭
2025-04-28 18:41:13,345 - INFO - 尝试第1次重连...
2025-04-28 18:41:13,497 - INFO - Websocket connected
2025-04-28 18:41:13,498 - INFO - 连接建立
2025-04-28 18:41:15,352 - INFO - 重连成功
2025-04-28 18:41:15,387 - WARNING - 错误码：10165，信息：invalid handle
2025-04-28 18:41:15,888 - INFO - 连接关闭
2025-04-28 18:41:16,894 - INFO - 尝试第1次重连...
2025-04-28 18:41:17,064 - INFO - Websocket connected
2025-04-28 18:41:17,065 - INFO - 连接建立
2025-04-28 18:41:18,903 - INFO - 重连成功
2025-04-28 18:41:18,944 - WARNING - 错误码：10165，信息：invalid handle
2025-04-28 18:41:19,444 - INFO - 连接关闭
2025-04-28 18:41:20,446 - INFO - 尝试第1次重连...
2025-04-28 18:41:20,598 - INFO - Websocket connected
2025-04-28 18:41:20,598 - INFO - 连接建立
2025-04-28 18:41:22,449 - INFO - 重连成功
2025-04-28 18:41:22,481 - WARNING - 错误码：10165，信息：invalid handle
2025-04-28 18:41:22,981 - INFO - 连接关闭
2025-04-28 18:41:23,989 - INFO - 尝试第1次重连...
2025-04-28 18:41:24,147 - INFO - Websocket connected
2025-04-28 18:41:24,147 - INFO - 连接建立
2025-04-28 18:41:25,995 - INFO - 重连成功
2025-04-28 18:41:26,031 - WARNING - 错误码：10165，信息：invalid handle
2025-04-28 18:41:26,532 - INFO - 连接关闭
2025-04-28 18:41:27,537 - INFO - 尝试第1次重连...
2025-04-28 18:41:27,680 - INFO - Websocket connected
2025-04-28 18:41:27,681 - INFO - 连接建立
2025-04-28 18:41:29,551 - INFO - 重连成功
2025-04-28 18:41:29,585 - WARNING - 错误码：10165，信息：invalid handle
2025-04-28 18:41:30,086 - INFO - 连接关闭
2025-04-28 18:41:31,096 - INFO - 尝试第1次重连...
2025-04-28 18:41:31,255 - INFO - Websocket connected
2025-04-28 18:41:31,255 - INFO - 连接建立
2025-04-28 18:41:33,107 - INFO - 重连成功
2025-04-28 18:41:33,147 - WARNING - 错误码：10165，信息：invalid handle
2025-04-28 18:41:33,646 - INFO - 连接关闭
2025-04-28 18:41:34,659 - INFO - 尝试第1次重连...
2025-04-28 18:41:34,821 - INFO - Websocket connected
2025-04-28 18:41:34,822 - INFO - 连接建立
2025-04-28 18:41:36,669 - INFO - 重连成功
2025-04-28 18:41:36,707 - WARNING - 错误码：10165，信息：invalid handle
2025-04-28 18:41:37,208 - INFO - 连接关闭
2025-04-28 18:41:38,211 - INFO - 尝试第1次重连...
2025-04-28 18:41:38,368 - INFO - Websocket connected
2025-04-28 18:41:38,368 - INFO - 连接建立
2025-04-28 18:41:40,224 - INFO - 重连成功
2025-04-28 18:41:40,258 - WARNING - 错误码：10165，信息：invalid handle
2025-04-28 18:41:40,760 - INFO - 连接关闭
2025-04-28 18:41:41,764 - INFO - 尝试第1次重连...
2025-04-28 18:41:41,924 - INFO - Websocket connected
2025-04-28 18:41:41,924 - INFO - 连接建立
2025-04-28 18:41:43,773 - INFO - 重连成功
2025-04-28 18:41:43,813 - WARNING - 错误码：10165，信息：invalid handle
2025-04-28 18:41:44,312 - INFO - 连接关闭
2025-04-28 18:41:45,317 - INFO - 尝试第1次重连...
2025-04-28 18:41:45,475 - INFO - Websocket connected
2025-04-28 18:41:45,476 - INFO - 连接建立
2025-04-28 18:41:47,325 - INFO - 重连成功
2025-04-28 18:41:47,361 - WARNING - 错误码：10165，信息：invalid handle
2025-04-28 18:41:47,862 - INFO - 连接关闭
2025-04-28 18:41:48,872 - INFO - 尝试第1次重连...
2025-04-28 18:41:49,020 - INFO - Websocket connected
2025-04-28 18:41:49,021 - INFO - 连接建立
2025-04-28 18:41:50,874 - INFO - 重连成功
2025-04-28 18:41:50,910 - WARNING - 错误码：10165，信息：invalid handle
2025-04-28 18:41:51,409 - INFO - 连接关闭
2025-04-28 18:41:52,423 - INFO - 尝试第1次重连...
2025-04-28 18:41:52,589 - INFO - Websocket connected
2025-04-28 18:41:52,590 - INFO - 连接建立
2025-04-28 18:41:54,438 - INFO - 重连成功
2025-04-28 18:41:54,477 - WARNING - 错误码：10165，信息：invalid handle
2025-04-28 18:41:54,979 - INFO - 连接关闭
2025-04-28 18:41:55,982 - INFO - 尝试第1次重连...
2025-04-28 18:41:56,131 - INFO - Websocket connected
2025-04-28 18:41:56,132 - INFO - 连接建立
2025-04-28 18:41:57,985 - INFO - 重连成功
2025-04-28 18:41:58,020 - WARNING - 错误码：10165，信息：invalid handle
2025-04-28 18:41:58,519 - INFO - 连接关闭
2025-04-28 18:41:59,529 - INFO - 尝试第1次重连...
2025-04-28 18:41:59,696 - INFO - Websocket connected
2025-04-28 18:41:59,697 - INFO - 连接建立
2025-04-28 18:42:01,534 - INFO - 重连成功
2025-04-28 18:42:01,568 - WARNING - 错误码：10165，信息：invalid handle
2025-04-28 18:42:02,068 - INFO - 连接关闭
2025-04-28 18:42:03,078 - INFO - 尝试第1次重连...
2025-04-28 18:42:03,246 - INFO - Websocket connected
2025-04-28 18:42:03,246 - INFO - 连接建立
2025-04-28 18:42:05,085 - INFO - 重连成功
2025-04-28 18:42:05,125 - WARNING - 错误码：10165，信息：invalid handle
2025-04-28 18:42:05,625 - INFO - 连接关闭
2025-04-28 18:42:06,629 - INFO - 尝试第1次重连...
2025-04-28 18:42:06,793 - INFO - Websocket connected
2025-04-28 18:42:06,794 - INFO - 连接建立
2025-04-28 18:42:08,631 - INFO - 重连成功
2025-04-28 18:42:08,669 - WARNING - 错误码：10165，信息：invalid handle
2025-04-28 18:42:09,169 - INFO - 连接关闭
2025-04-28 18:42:10,183 - INFO - 尝试第1次重连...
2025-04-28 18:42:10,360 - INFO - Websocket connected
2025-04-28 18:42:10,361 - INFO - 连接建立
2025-04-28 18:42:12,192 - INFO - 重连成功
2025-04-28 18:42:12,230 - WARNING - 错误码：10165，信息：invalid handle
2025-04-28 18:42:12,730 - INFO - 连接关闭
2025-04-28 18:42:13,735 - INFO - 尝试第1次重连...
2025-04-28 18:42:13,882 - INFO - Websocket connected
2025-04-28 18:42:13,883 - INFO - 连接建立
2025-04-28 18:42:15,747 - INFO - 重连成功
2025-04-28 18:42:15,781 - WARNING - 错误码：10165，信息：invalid handle
2025-04-28 18:42:16,281 - INFO - 连接关闭
2025-04-28 18:42:17,291 - INFO - 尝试第1次重连...
2025-04-28 18:42:17,442 - INFO - Websocket connected
2025-04-28 18:42:17,443 - INFO - 连接建立
2025-04-28 18:42:19,301 - INFO - 重连成功
2025-04-28 18:42:19,337 - WARNING - 错误码：10165，信息：invalid handle
2025-04-28 18:42:19,840 - INFO - 连接关闭
2025-04-28 18:42:20,841 - INFO - 尝试第1次重连...
2025-04-28 18:42:20,988 - INFO - Websocket connected
2025-04-28 18:42:20,989 - INFO - 连接建立
2025-04-28 18:42:22,846 - INFO - 重连成功
2025-04-28 18:42:22,881 - WARNING - 错误码：10165，信息：invalid handle
2025-04-28 18:42:23,383 - INFO - 连接关闭
2025-04-28 18:42:24,385 - INFO - 尝试第1次重连...
2025-04-28 18:42:24,535 - INFO - Websocket connected
2025-04-28 18:42:24,535 - INFO - 连接建立
2025-04-28 18:42:26,395 - INFO - 重连成功
2025-04-28 18:42:26,429 - WARNING - 错误码：10165，信息：invalid handle
2025-04-28 18:42:26,930 - INFO - 连接关闭
2025-04-28 18:42:27,937 - INFO - 尝试第1次重连...
2025-04-28 18:42:28,107 - INFO - Websocket connected
2025-04-28 18:42:28,107 - INFO - 连接建立
2025-04-28 18:42:29,950 - INFO - 重连成功
2025-04-28 18:42:29,984 - WARNING - 错误码：10165，信息：invalid handle
2025-04-28 18:42:30,486 - INFO - 连接关闭
2025-04-28 18:42:31,502 - INFO - 尝试第1次重连...
2025-04-28 18:42:31,653 - INFO - Websocket connected
2025-04-28 18:42:31,654 - INFO - 连接建立
2025-04-28 18:42:33,511 - INFO - 重连成功
2025-04-28 18:42:33,552 - WARNING - 错误码：10165，信息：invalid handle
2025-04-28 18:42:34,052 - INFO - 连接关闭
2025-04-28 18:42:35,056 - INFO - 尝试第1次重连...
2025-04-28 18:42:35,216 - INFO - Websocket connected
2025-04-28 18:42:35,217 - INFO - 连接建立
2025-04-28 18:42:37,062 - INFO - 重连成功
2025-04-28 18:42:37,099 - WARNING - 错误码：10165，信息：invalid handle
2025-04-28 18:42:37,600 - INFO - 连接关闭
2025-04-28 18:42:38,615 - INFO - 尝试第1次重连...
2025-04-28 18:42:38,767 - INFO - Websocket connected
2025-04-28 18:42:38,768 - INFO - 连接建立
2025-04-28 18:42:40,629 - INFO - 重连成功
2025-04-28 18:42:40,662 - WARNING - 错误码：10165，信息：invalid handle
2025-04-28 18:42:41,162 - INFO - 连接关闭
2025-04-28 18:42:42,170 - INFO - 尝试第1次重连...
2025-04-28 18:42:42,341 - INFO - Websocket connected
2025-04-28 18:42:42,342 - INFO - 连接建立
2025-04-28 18:42:44,174 - INFO - 重连成功
2025-04-28 18:42:44,216 - WARNING - 错误码：10165，信息：invalid handle
2025-04-28 18:42:44,711 - INFO - 连接关闭
2025-04-28 18:42:45,712 - INFO - 尝试第1次重连...
2025-04-28 18:42:45,882 - INFO - Websocket connected
2025-04-28 18:42:45,883 - INFO - 连接建立
2025-04-28 18:42:47,722 - INFO - 重连成功
2025-04-28 18:42:47,763 - WARNING - 错误码：10165，信息：invalid handle
2025-04-28 18:42:48,262 - INFO - 连接关闭
2025-04-28 18:42:49,266 - INFO - 尝试第1次重连...
2025-04-28 18:42:49,420 - INFO - Websocket connected
2025-04-28 18:42:49,420 - INFO - 连接建立
2025-04-28 18:42:51,282 - INFO - 重连成功
2025-04-28 18:42:51,319 - WARNING - 错误码：10165，信息：invalid handle
2025-04-28 18:42:51,820 - INFO - 连接关闭
2025-04-28 18:42:52,823 - INFO - 尝试第1次重连...
2025-04-28 18:42:52,981 - INFO - Websocket connected
2025-04-28 18:42:52,981 - INFO - 连接建立
2025-04-28 18:42:54,833 - INFO - 重连成功
2025-04-28 18:42:54,868 - WARNING - 错误码：10165，信息：invalid handle
2025-04-28 18:42:55,371 - INFO - 连接关闭
2025-04-28 18:42:56,387 - INFO - 尝试第1次重连...
2025-04-28 18:42:56,577 - INFO - Websocket connected
2025-04-28 18:42:56,578 - INFO - 连接建立
2025-04-28 18:42:58,390 - INFO - 重连成功
2025-04-28 18:42:58,427 - WARNING - 错误码：10165，信息：invalid handle
2025-04-28 18:42:58,929 - INFO - 连接关闭
2025-04-28 18:42:59,945 - INFO - 尝试第1次重连...
2025-04-28 18:43:00,104 - INFO - Websocket connected
2025-04-28 18:43:00,104 - INFO - 连接建立
2025-04-28 18:43:01,954 - INFO - 重连成功
2025-04-28 18:43:01,990 - WARNING - 错误码：10165，信息：invalid handle
2025-04-28 18:43:02,490 - INFO - 连接关闭
2025-04-28 18:43:03,504 - INFO - 尝试第1次重连...
2025-04-28 18:43:03,652 - INFO - Websocket connected
2025-04-28 18:43:03,653 - INFO - 连接建立
2025-04-28 18:43:05,517 - INFO - 重连成功
2025-04-28 18:43:05,550 - WARNING - 错误码：10165，信息：invalid handle
2025-04-28 18:43:06,051 - INFO - 连接关闭
2025-04-28 18:43:07,066 - INFO - 尝试第1次重连...
2025-04-28 18:43:07,218 - INFO - Websocket connected
2025-04-28 18:43:07,219 - INFO - 连接建立
2025-04-28 18:43:09,067 - INFO - 重连成功
2025-04-28 18:43:09,102 - WARNING - 错误码：10165，信息：invalid handle
2025-04-28 18:43:09,602 - INFO - 连接关闭
2025-04-28 18:43:10,611 - INFO - 尝试第1次重连...
2025-04-28 18:43:10,772 - INFO - Websocket connected
2025-04-28 18:43:10,772 - INFO - 连接建立
2025-04-28 18:43:12,622 - INFO - 重连成功
2025-04-28 18:43:12,660 - WARNING - 错误码：10165，信息：invalid handle
2025-04-28 18:43:13,160 - INFO - 连接关闭
2025-04-28 18:43:14,165 - INFO - 尝试第1次重连...
2025-04-28 18:43:14,331 - INFO - Websocket connected
2025-04-28 18:43:14,331 - INFO - 连接建立
2025-04-28 18:43:16,172 - INFO - 重连成功
2025-04-28 18:43:16,210 - WARNING - 错误码：10165，信息：invalid handle
2025-04-28 18:43:16,710 - INFO - 连接关闭
2025-04-28 18:43:17,714 - INFO - 尝试第1次重连...
2025-04-28 18:43:17,874 - INFO - Websocket connected
2025-04-28 18:43:17,874 - INFO - 连接建立
2025-04-28 18:43:19,723 - INFO - 重连成功
2025-04-28 18:43:19,768 - WARNING - 错误码：10165，信息：invalid handle
2025-04-28 18:43:20,269 - INFO - 连接关闭
2025-04-28 18:43:21,282 - INFO - 尝试第1次重连...
2025-04-28 18:43:21,438 - INFO - Websocket connected
2025-04-28 18:43:21,439 - INFO - 连接建立
2025-04-28 18:43:23,293 - INFO - 重连成功
2025-04-28 18:43:23,326 - WARNING - 错误码：10165，信息：invalid handle
2025-04-28 18:43:23,828 - INFO - 连接关闭
2025-04-28 18:43:24,833 - INFO - 尝试第1次重连...
2025-04-28 18:43:24,992 - INFO - Websocket connected
2025-04-28 18:43:24,992 - INFO - 连接建立
2025-04-28 18:43:26,849 - INFO - 重连成功
2025-04-28 18:43:26,887 - WARNING - 错误码：10165，信息：invalid handle
2025-04-28 18:43:27,388 - INFO - 连接关闭
2025-04-28 18:43:28,392 - INFO - 尝试第1次重连...
2025-04-28 18:43:28,566 - INFO - Websocket connected
2025-04-28 18:43:28,566 - INFO - 连接建立
2025-04-28 18:43:30,398 - INFO - 重连成功
2025-04-28 18:43:30,437 - WARNING - 错误码：10165，信息：invalid handle
2025-04-28 18:43:30,936 - INFO - 连接关闭
2025-04-28 18:43:31,939 - INFO - 尝试第1次重连...
2025-04-28 18:43:32,120 - INFO - Websocket connected
2025-04-28 18:43:32,121 - INFO - 连接建立
2025-04-28 18:43:33,947 - INFO - 重连成功
2025-04-28 18:43:33,990 - WARNING - 错误码：10165，信息：invalid handle
2025-04-28 18:43:34,490 - INFO - 连接关闭
2025-04-28 18:43:35,494 - INFO - 尝试第1次重连...
2025-04-28 18:43:35,667 - INFO - Websocket connected
2025-04-28 18:43:35,667 - INFO - 连接建立
2025-04-28 18:43:37,506 - INFO - 重连成功
2025-04-28 18:43:37,551 - WARNING - 错误码：10165，信息：invalid handle
2025-04-28 18:43:38,049 - INFO - 连接关闭
2025-04-28 18:43:39,061 - INFO - 尝试第1次重连...
2025-04-28 18:43:39,229 - INFO - Websocket connected
2025-04-28 18:43:39,230 - INFO - 连接建立
2025-04-28 18:43:41,074 - INFO - 重连成功
2025-04-28 18:43:41,117 - WARNING - 错误码：10165，信息：invalid handle
2025-04-28 18:43:41,616 - INFO - 连接关闭
2025-04-28 18:43:42,632 - INFO - 尝试第1次重连...
2025-04-28 18:43:42,809 - INFO - Websocket connected
2025-04-28 18:43:42,809 - INFO - 连接建立
2025-04-28 18:43:44,649 - INFO - 重连成功
2025-04-28 18:43:44,692 - WARNING - 错误码：10165，信息：invalid handle
2025-04-28 18:43:45,192 - INFO - 连接关闭
2025-04-28 18:43:46,205 - INFO - 尝试第1次重连...
2025-04-28 18:43:46,392 - INFO - Websocket connected
2025-04-28 18:43:46,394 - INFO - 连接建立
2025-04-28 18:43:48,213 - INFO - 重连成功
2025-04-28 18:43:48,257 - WARNING - 错误码：10165，信息：invalid handle
2025-04-28 18:43:48,757 - INFO - 连接关闭
2025-04-28 18:43:49,762 - INFO - 尝试第1次重连...
2025-04-28 18:43:49,968 - INFO - Websocket connected
2025-04-28 18:43:49,969 - INFO - 连接建立
2025-04-28 18:43:51,765 - INFO - 重连成功
2025-04-28 18:43:51,808 - WARNING - 错误码：10165，信息：invalid handle
2025-04-28 18:43:52,308 - INFO - 连接关闭
2025-04-28 18:43:53,314 - INFO - 尝试第1次重连...
2025-04-28 18:43:53,492 - INFO - Websocket connected
2025-04-28 18:43:53,493 - INFO - 连接建立
2025-04-28 18:43:55,327 - INFO - 重连成功
2025-04-28 18:43:55,372 - WARNING - 错误码：10165，信息：invalid handle
2025-04-28 18:43:55,872 - INFO - 连接关闭
2025-04-28 18:43:56,886 - INFO - 尝试第1次重连...
2025-04-28 18:43:57,075 - INFO - Websocket connected
2025-04-28 18:43:57,076 - INFO - 连接建立
2025-04-28 18:43:58,892 - INFO - 重连成功
2025-04-28 18:43:58,937 - WARNING - 错误码：10165，信息：invalid handle
2025-04-28 18:43:59,437 - INFO - 连接关闭
2025-04-28 18:44:00,454 - INFO - 尝试第1次重连...
2025-04-28 18:44:00,604 - INFO - Websocket connected
2025-04-28 18:44:00,604 - INFO - 连接建立
2025-04-28 18:44:02,458 - INFO - 重连成功
2025-04-28 18:44:02,494 - WARNING - 错误码：10165，信息：invalid handle
2025-04-28 18:44:02,995 - INFO - 连接关闭
2025-04-28 18:44:04,004 - INFO - 尝试第1次重连...
2025-04-28 18:44:04,182 - INFO - Websocket connected
2025-04-28 18:44:04,183 - INFO - 连接建立
2025-04-28 18:44:06,014 - INFO - 重连成功
2025-04-28 18:44:06,057 - WARNING - 错误码：10165，信息：invalid handle
2025-04-28 18:44:06,558 - INFO - 连接关闭
2025-04-28 18:44:07,569 - INFO - 尝试第1次重连...
2025-04-28 18:44:07,744 - INFO - Websocket connected
2025-04-28 18:44:07,745 - INFO - 连接建立
2025-04-28 18:44:09,577 - INFO - 重连成功
2025-04-28 18:44:09,624 - WARNING - 错误码：10165，信息：invalid handle
2025-04-28 18:44:10,122 - INFO - 连接关闭
2025-04-28 18:44:11,137 - INFO - 尝试第1次重连...
2025-04-28 18:44:11,312 - INFO - Websocket connected
2025-04-28 18:44:11,312 - INFO - 连接建立
2025-04-28 18:44:13,151 - INFO - 重连成功
2025-04-28 18:44:13,167 - WARNING - 检测到连接丢失，尝试恢复...
2025-04-28 18:44:13,193 - WARNING - 错误码：10165，信息：invalid handle
2025-04-28 18:44:13,694 - INFO - 连接关闭
2025-04-28 18:44:14,176 - INFO - 尝试第1次重连...
2025-04-28 18:44:14,359 - INFO - Websocket connected
2025-04-28 18:44:14,360 - INFO - 连接建立
2025-04-28 18:44:14,707 - INFO - 尝试第1次重连...
2025-04-28 18:44:16,182 - INFO - 重连成功
2025-04-28 18:44:16,228 - INFO - 连接关闭
2025-04-28 18:44:16,917 - INFO - Websocket connected
2025-04-28 18:44:16,917 - INFO - 连接建立
2025-04-28 18:44:18,734 - INFO - 重连成功
2025-04-28 18:44:18,779 - WARNING - 错误码：10165，信息：invalid handle
2025-04-28 18:44:19,280 - INFO - 连接关闭
2025-04-28 18:44:20,293 - INFO - 尝试第1次重连...
2025-04-28 18:44:20,473 - INFO - Websocket connected
2025-04-28 18:44:20,473 - INFO - 连接建立
2025-04-28 18:44:22,303 - INFO - 重连成功
2025-04-28 18:44:22,345 - WARNING - 错误码：10165，信息：invalid handle
2025-04-28 18:44:22,845 - INFO - 连接关闭
2025-04-28 18:44:23,860 - INFO - 尝试第1次重连...
2025-04-28 18:44:24,034 - INFO - Websocket connected
2025-04-28 18:44:24,035 - INFO - 连接建立
2025-04-28 18:44:25,872 - INFO - 重连成功
2025-04-28 18:44:25,913 - WARNING - 错误码：10165，信息：invalid handle
2025-04-28 18:44:26,413 - INFO - 连接关闭
2025-04-28 18:44:27,418 - INFO - 尝试第1次重连...
2025-04-28 18:44:27,578 - INFO - Websocket connected
2025-04-28 18:44:27,579 - INFO - 连接建立
2025-04-28 18:44:29,433 - INFO - 重连成功
2025-04-28 18:44:29,468 - WARNING - 错误码：10165，信息：invalid handle
2025-04-28 18:44:29,970 - INFO - 连接关闭
2025-04-28 18:44:30,973 - INFO - 尝试第1次重连...
2025-04-28 18:44:31,129 - INFO - Websocket connected
2025-04-28 18:44:31,130 - INFO - 连接建立
2025-04-28 18:44:32,977 - INFO - 重连成功
2025-04-28 18:44:33,014 - WARNING - 错误码：10165，信息：invalid handle
2025-04-28 18:44:33,511 - INFO - 连接关闭
2025-04-28 18:44:34,515 - INFO - 尝试第1次重连...
2025-04-28 18:44:34,671 - INFO - Websocket connected
2025-04-28 18:44:34,672 - INFO - 连接建立
2025-04-28 18:44:36,517 - INFO - 重连成功
2025-04-28 18:44:36,555 - WARNING - 错误码：10165，信息：invalid handle
2025-04-28 18:44:37,057 - INFO - 连接关闭
2025-04-28 18:44:38,069 - INFO - 尝试第1次重连...
2025-04-28 18:44:38,209 - INFO - Websocket connected
2025-04-28 18:44:38,210 - INFO - 连接建立
2025-04-28 18:44:40,084 - INFO - 重连成功
2025-04-28 18:44:40,119 - WARNING - 错误码：10165，信息：invalid handle
2025-04-28 18:44:40,621 - INFO - 连接关闭
2025-04-28 18:44:41,622 - INFO - 尝试第1次重连...
2025-04-28 18:44:41,775 - INFO - Websocket connected
2025-04-28 18:44:41,776 - INFO - 连接建立
2025-04-28 18:44:43,630 - INFO - 重连成功
2025-04-28 18:44:43,666 - WARNING - 错误码：10165，信息：invalid handle
2025-04-28 18:44:44,166 - INFO - 连接关闭
2025-04-28 18:44:45,168 - INFO - 尝试第1次重连...
2025-04-28 18:44:45,317 - INFO - Websocket connected
2025-04-28 18:44:45,317 - INFO - 连接建立
2025-04-28 18:44:47,181 - INFO - 重连成功
2025-04-28 18:44:47,218 - WARNING - 错误码：10165，信息：invalid handle
2025-04-28 18:44:47,719 - INFO - 连接关闭
2025-04-28 18:44:48,729 - INFO - 尝试第1次重连...
2025-04-28 18:44:48,886 - INFO - Websocket connected
2025-04-28 18:44:48,886 - INFO - 连接建立
2025-04-28 18:44:50,738 - INFO - 重连成功
2025-04-28 18:44:50,770 - WARNING - 错误码：10165，信息：invalid handle
2025-04-28 18:44:51,270 - INFO - 连接关闭
2025-04-28 18:44:52,278 - INFO - 尝试第1次重连...
2025-04-28 18:44:52,450 - INFO - Websocket connected
2025-04-28 18:44:52,451 - INFO - 连接建立
2025-04-28 18:44:54,280 - INFO - 重连成功
2025-04-28 18:44:54,320 - WARNING - 错误码：10165，信息：invalid handle
2025-04-28 18:44:54,829 - INFO - 连接关闭
2025-04-28 18:44:55,830 - INFO - 尝试第1次重连...
2025-04-28 18:44:55,978 - INFO - Websocket connected
2025-04-28 18:44:55,979 - INFO - 连接建立
2025-04-28 18:44:57,840 - INFO - 重连成功
2025-04-28 18:44:57,876 - WARNING - 错误码：10165，信息：invalid handle
2025-04-28 18:44:58,377 - INFO - 连接关闭
2025-04-28 18:44:59,378 - INFO - 尝试第1次重连...
2025-04-28 18:44:59,543 - INFO - Websocket connected
2025-04-28 18:44:59,543 - INFO - 连接建立
2025-04-28 18:45:01,384 - INFO - 重连成功
2025-04-28 18:45:01,436 - WARNING - 错误码：10165，信息：invalid handle
2025-04-28 18:45:01,933 - INFO - 连接关闭
2025-04-28 18:45:02,939 - INFO - 尝试第1次重连...
2025-04-28 18:45:03,105 - INFO - Websocket connected
2025-04-28 18:45:03,106 - INFO - 连接建立
2025-04-28 18:45:04,950 - INFO - 重连成功
2025-04-28 18:45:04,988 - WARNING - 错误码：10165，信息：invalid handle
2025-04-28 18:45:05,489 - INFO - 连接关闭
2025-04-28 18:45:06,492 - INFO - 尝试第1次重连...
2025-04-28 18:45:06,647 - INFO - Websocket connected
2025-04-28 18:45:06,647 - INFO - 连接建立
2025-04-28 18:45:08,500 - INFO - 重连成功
2025-04-28 18:45:08,535 - WARNING - 错误码：10165，信息：invalid handle
2025-04-28 18:45:09,035 - INFO - 连接关闭
2025-04-28 18:45:10,052 - INFO - 尝试第1次重连...
2025-04-28 18:45:10,219 - INFO - Websocket connected
2025-04-28 18:45:10,219 - INFO - 连接建立
2025-04-28 18:45:12,061 - INFO - 重连成功
2025-04-28 18:45:12,103 - WARNING - 错误码：10165，信息：invalid handle
2025-04-28 18:45:12,601 - INFO - 连接关闭
2025-04-28 18:45:13,602 - INFO - 尝试第1次重连...
2025-04-28 18:45:13,748 - INFO - Websocket connected
2025-04-28 18:45:13,749 - INFO - 连接建立
2025-04-28 18:45:15,612 - INFO - 重连成功
2025-04-28 18:45:15,646 - WARNING - 错误码：10165，信息：invalid handle
2025-04-28 18:45:16,146 - INFO - 连接关闭
2025-04-28 18:45:17,156 - INFO - 尝试第1次重连...
2025-04-28 18:45:17,301 - INFO - Websocket connected
2025-04-28 18:45:17,301 - INFO - 连接建立
2025-04-28 18:45:19,165 - INFO - 重连成功
2025-04-28 18:45:19,200 - WARNING - 错误码：10165，信息：invalid handle
2025-04-28 18:45:19,702 - INFO - 连接关闭
2025-04-28 18:45:20,705 - INFO - 尝试第1次重连...
2025-04-28 18:45:20,870 - INFO - Websocket connected
2025-04-28 18:45:20,871 - INFO - 连接建立
2025-04-28 18:45:22,712 - INFO - 重连成功
2025-04-28 18:45:22,752 - WARNING - 错误码：10165，信息：invalid handle
2025-04-28 18:45:23,251 - INFO - 连接关闭
2025-04-28 18:45:24,259 - INFO - 尝试第1次重连...
2025-04-28 18:45:24,418 - INFO - Websocket connected
2025-04-28 18:45:24,418 - INFO - 连接建立
2025-04-28 18:45:26,265 - INFO - 重连成功
2025-04-28 18:45:26,295 - WARNING - 检测到连接丢失，尝试恢复...
2025-04-28 18:45:26,302 - WARNING - 错误码：10165，信息：invalid handle
2025-04-28 18:45:26,806 - INFO - 连接关闭
2025-04-28 18:45:27,308 - INFO - 尝试第1次重连...
2025-04-28 18:45:27,474 - INFO - Websocket connected
2025-04-28 18:45:27,475 - INFO - 连接建立
2025-04-28 18:45:27,809 - INFO - 尝试第1次重连...
2025-04-28 18:45:29,322 - INFO - 重连成功
2025-04-28 18:45:29,363 - INFO - 连接关闭
2025-04-28 18:45:30,046 - INFO - Websocket connected
2025-04-28 18:45:30,047 - INFO - 连接建立
2025-04-28 18:45:31,874 - INFO - 重连成功
2025-04-28 18:45:31,914 - WARNING - 错误码：10165，信息：invalid handle
2025-04-28 18:45:32,414 - INFO - 连接关闭
2025-04-28 18:45:33,417 - INFO - 尝试第1次重连...
2025-04-28 18:45:33,563 - INFO - Websocket connected
2025-04-28 18:45:33,563 - INFO - 连接建立
2025-04-28 18:45:35,419 - INFO - 重连成功
2025-04-28 18:45:35,452 - WARNING - 错误码：10165，信息：invalid handle
2025-04-28 18:45:35,953 - INFO - 连接关闭
2025-04-28 18:45:36,965 - INFO - 尝试第1次重连...
2025-04-28 18:45:37,121 - INFO - Websocket connected
2025-04-28 18:45:37,122 - INFO - 连接建立
2025-04-28 18:45:38,975 - INFO - 重连成功
2025-04-28 18:45:39,012 - WARNING - 错误码：10165，信息：invalid handle
2025-04-28 18:45:39,511 - INFO - 连接关闭
2025-04-28 18:45:40,517 - INFO - 尝试第1次重连...
2025-04-28 18:45:40,666 - INFO - Websocket connected
2025-04-28 18:45:40,667 - INFO - 连接建立
2025-04-28 18:45:42,526 - INFO - 重连成功
2025-04-28 18:45:42,559 - WARNING - 错误码：10165，信息：invalid handle
2025-04-28 18:45:43,061 - INFO - 连接关闭
2025-04-28 18:45:44,068 - INFO - 尝试第1次重连...
2025-04-28 18:45:44,225 - INFO - Websocket connected
2025-04-28 18:45:44,226 - INFO - 连接建立
2025-04-28 18:45:46,072 - INFO - 重连成功
2025-04-28 18:45:46,106 - WARNING - 错误码：10165，信息：invalid handle
2025-04-28 18:45:46,606 - INFO - 连接关闭
2025-04-28 18:45:47,608 - INFO - 尝试第1次重连...
2025-04-28 18:45:47,765 - INFO - Websocket connected
2025-04-28 18:45:47,765 - INFO - 连接建立
2025-04-28 18:45:49,614 - INFO - 重连成功
2025-04-28 18:45:49,648 - WARNING - 错误码：10165，信息：invalid handle
2025-04-28 18:45:50,149 - INFO - 连接关闭
2025-04-28 18:45:51,153 - INFO - 尝试第1次重连...
2025-04-28 18:45:51,312 - INFO - Websocket connected
2025-04-28 18:45:51,314 - INFO - 连接建立
2025-04-28 18:45:53,154 - INFO - 重连成功
2025-04-28 18:45:53,192 - WARNING - 错误码：10165，信息：invalid handle
2025-04-28 18:45:53,690 - INFO - 连接关闭
2025-04-28 18:45:54,699 - INFO - 尝试第1次重连...
2025-04-28 18:45:54,863 - INFO - Websocket connected
2025-04-28 18:45:54,863 - INFO - 连接建立
2025-04-28 18:45:56,710 - INFO - 重连成功
2025-04-28 18:45:56,745 - WARNING - 错误码：10165，信息：invalid handle
2025-04-28 18:45:57,245 - INFO - 连接关闭
2025-04-28 18:45:58,253 - INFO - 尝试第1次重连...
2025-04-28 18:45:58,417 - INFO - Websocket connected
2025-04-28 18:45:58,418 - INFO - 连接建立
2025-04-28 18:46:00,260 - INFO - 重连成功
2025-04-28 18:46:00,298 - WARNING - 错误码：10165，信息：invalid handle
2025-04-28 18:46:00,798 - INFO - 连接关闭
2025-04-28 18:46:01,799 - INFO - 尝试第1次重连...
2025-04-28 18:46:01,969 - INFO - Websocket connected
2025-04-28 18:46:01,970 - INFO - 连接建立
2025-04-28 18:46:03,810 - INFO - 重连成功
2025-04-28 18:46:03,848 - WARNING - 错误码：10165，信息：invalid handle
2025-04-28 18:46:04,349 - INFO - 连接关闭
2025-04-28 18:46:05,352 - INFO - 尝试第1次重连...
2025-04-28 18:46:05,510 - INFO - Websocket connected
2025-04-28 18:46:05,510 - INFO - 连接建立
2025-04-28 18:46:07,360 - INFO - 重连成功
2025-04-28 18:46:07,400 - WARNING - 错误码：10165，信息：invalid handle
2025-04-28 18:46:07,900 - INFO - 连接关闭
2025-04-28 18:46:08,902 - INFO - 尝试第1次重连...
2025-04-28 18:46:09,059 - INFO - Websocket connected
2025-04-28 18:46:09,059 - INFO - 连接建立
2025-04-28 18:46:10,914 - INFO - 重连成功
2025-04-28 18:46:10,978 - WARNING - 错误码：10165，信息：invalid handle
2025-04-28 18:46:11,469 - INFO - 连接关闭
2025-04-28 18:46:12,481 - INFO - 尝试第1次重连...
2025-04-28 18:46:12,642 - INFO - Websocket connected
2025-04-28 18:46:12,643 - INFO - 连接建立
2025-04-28 18:46:14,488 - INFO - 重连成功
2025-04-28 18:46:14,526 - WARNING - 错误码：10165，信息：invalid handle
2025-04-28 18:46:15,026 - INFO - 连接关闭
2025-04-28 18:46:16,042 - INFO - 尝试第1次重连...
2025-04-28 18:46:16,199 - INFO - Websocket connected
2025-04-28 18:46:16,199 - INFO - 连接建立
2025-04-28 18:46:18,055 - INFO - 重连成功
2025-04-28 18:46:18,094 - WARNING - 错误码：10165，信息：invalid handle
2025-04-28 18:46:18,593 - INFO - 连接关闭
2025-04-28 18:46:19,607 - INFO - 尝试第1次重连...
2025-04-28 18:46:19,769 - INFO - Websocket connected
2025-04-28 18:46:19,770 - INFO - 连接建立
2025-04-28 18:46:21,610 - INFO - 重连成功
2025-04-28 18:46:21,650 - WARNING - 错误码：10165，信息：invalid handle
2025-04-28 18:46:22,152 - INFO - 连接关闭
2025-04-28 18:46:23,168 - INFO - 尝试第1次重连...
2025-04-28 18:46:23,330 - INFO - Websocket connected
2025-04-28 18:46:23,331 - INFO - 连接建立
2025-04-28 18:46:25,170 - INFO - 重连成功
2025-04-28 18:46:25,206 - WARNING - 错误码：10165，信息：invalid handle
2025-04-28 18:46:25,707 - INFO - 连接关闭
2025-04-28 20:36:06,886 - INFO - 尝试第1次重连...
2025-04-28 20:36:07,337 - INFO - Websocket connected
2025-04-28 20:36:07,339 - INFO - 连接建立
2025-04-28 20:36:08,895 - INFO - 重连成功
2025-04-28 20:36:09,033 - WARNING - 错误码：10165，信息：invalid handle
2025-04-28 20:36:09,437 - INFO - 连接关闭
2025-04-28 20:36:10,443 - INFO - 尝试第1次重连...
2025-04-28 20:36:10,735 - INFO - Websocket connected
2025-04-28 20:36:10,735 - INFO - 连接建立
2025-04-28 20:36:12,450 - INFO - 重连成功
2025-04-28 20:36:12,496 - WARNING - 错误码：10165，信息：invalid handle
2025-04-28 20:36:12,995 - INFO - 连接关闭
2025-04-28 20:36:13,999 - INFO - 尝试第1次重连...
2025-04-28 20:36:14,164 - INFO - Websocket connected
2025-04-28 20:36:14,164 - INFO - 连接建立
2025-04-28 20:36:16,003 - INFO - 重连成功
2025-04-28 20:36:16,043 - WARNING - 错误码：10165，信息：invalid handle
2025-04-28 20:36:16,543 - INFO - 连接关闭
2025-04-28 20:36:17,553 - INFO - 尝试第1次重连...
2025-04-28 20:36:17,749 - INFO - Websocket connected
2025-04-28 20:36:17,749 - INFO - 连接建立
2025-04-28 20:36:19,558 - INFO - 重连成功
2025-04-28 20:36:19,608 - WARNING - 错误码：10165，信息：invalid handle
2025-04-28 20:36:20,108 - INFO - 连接关闭
2025-04-28 20:36:21,121 - INFO - 尝试第1次重连...
2025-04-28 20:36:21,303 - INFO - Websocket connected
2025-04-28 20:36:21,304 - INFO - 连接建立
2025-04-28 20:36:23,129 - INFO - 重连成功
2025-04-28 20:36:23,172 - WARNING - 错误码：10165，信息：invalid handle
2025-04-28 20:36:23,672 - INFO - 连接关闭
2025-04-28 20:36:24,681 - INFO - 尝试第1次重连...
2025-04-28 20:36:24,834 - INFO - Websocket connected
2025-04-28 20:36:24,835 - INFO - 连接建立
2025-04-28 20:36:26,690 - INFO - 重连成功
2025-04-28 20:36:26,732 - WARNING - 错误码：10165，信息：invalid handle
2025-04-28 20:36:27,233 - INFO - 连接关闭
2025-04-28 20:36:28,240 - INFO - 尝试第1次重连...
2025-04-28 20:36:28,427 - INFO - Websocket connected
2025-04-28 20:36:28,427 - INFO - 连接建立
2025-04-28 20:36:30,242 - INFO - 重连成功
2025-04-28 20:36:30,290 - WARNING - 错误码：10165，信息：invalid handle
2025-04-28 20:36:30,787 - INFO - 连接关闭
2025-04-28 20:36:31,797 - INFO - 尝试第1次重连...
2025-04-28 20:36:31,964 - INFO - Websocket connected
2025-04-28 20:36:31,965 - INFO - 连接建立
2025-04-28 20:36:33,810 - INFO - 重连成功
2025-04-28 20:36:33,857 - WARNING - 错误码：10165，信息：invalid handle
2025-04-28 20:36:34,357 - INFO - 连接关闭
2025-04-28 20:36:35,372 - INFO - 尝试第1次重连...
2025-04-28 20:36:35,559 - INFO - Websocket connected
2025-04-28 20:36:35,560 - INFO - 连接建立
2025-04-28 20:36:37,387 - INFO - 重连成功
2025-04-28 20:36:37,433 - WARNING - 错误码：10165，信息：invalid handle
2025-04-28 20:36:37,932 - INFO - 连接关闭
2025-04-28 20:36:38,945 - INFO - 尝试第1次重连...
2025-04-28 20:36:39,106 - INFO - Websocket connected
2025-04-28 20:36:39,107 - INFO - 连接建立
2025-04-28 20:36:40,946 - INFO - 重连成功
2025-04-28 20:36:40,999 - WARNING - 错误码：10165，信息：invalid handle
2025-04-28 20:36:41,489 - INFO - 连接关闭
2025-04-28 20:36:42,497 - INFO - 尝试第1次重连...
2025-04-28 20:36:42,662 - INFO - Websocket connected
2025-04-28 20:36:42,663 - INFO - 连接建立
2025-04-28 20:36:44,513 - INFO - 重连成功
2025-04-28 20:36:44,644 - WARNING - 错误码：10165，信息：invalid handle
2025-04-28 20:36:45,065 - INFO - 连接关闭
2025-04-28 20:36:46,069 - INFO - 尝试第1次重连...
2025-04-28 20:36:46,337 - INFO - Websocket connected
2025-04-28 20:36:46,338 - INFO - 连接建立
2025-04-28 20:36:48,071 - INFO - 重连成功
2025-04-28 20:36:48,114 - WARNING - 错误码：10165，信息：invalid handle
2025-04-28 20:36:48,613 - INFO - 连接关闭
2025-04-28 20:36:49,628 - INFO - 尝试第1次重连...
2025-04-28 20:36:49,813 - INFO - Websocket connected
2025-04-28 20:36:49,814 - INFO - 连接建立
2025-04-28 20:36:51,639 - INFO - 重连成功
2025-04-28 20:36:51,683 - WARNING - 错误码：10165，信息：invalid handle
2025-04-28 20:36:52,183 - INFO - 连接关闭
2025-04-28 20:36:53,191 - INFO - 尝试第1次重连...
2025-04-28 20:36:53,360 - INFO - Websocket connected
2025-04-28 20:36:53,361 - INFO - 连接建立
2025-04-28 20:36:55,192 - INFO - 重连成功
2025-04-28 20:36:55,240 - WARNING - 错误码：10165，信息：invalid handle
2025-04-28 20:36:55,738 - INFO - 连接关闭
2025-04-28 20:36:56,753 - INFO - 尝试第1次重连...
2025-04-28 20:36:56,937 - INFO - Websocket connected
2025-04-28 20:36:56,937 - INFO - 连接建立
2025-04-28 20:36:58,760 - INFO - 重连成功
2025-04-28 20:36:58,809 - WARNING - 错误码：10165，信息：invalid handle
2025-04-28 20:36:59,310 - INFO - 连接关闭
2025-04-28 20:37:00,313 - INFO - 尝试第1次重连...
2025-04-28 20:37:00,484 - INFO - Websocket connected
2025-04-28 20:37:00,485 - INFO - 连接建立
2025-04-28 20:37:02,319 - INFO - 重连成功
2025-04-28 20:37:02,360 - WARNING - 错误码：10165，信息：invalid handle
2025-04-28 20:37:02,860 - INFO - 连接关闭
2025-04-28 20:37:03,873 - INFO - 尝试第1次重连...
2025-04-28 20:37:04,041 - INFO - Websocket connected
2025-04-28 20:37:04,041 - INFO - 连接建立
2025-04-28 20:37:05,880 - INFO - 重连成功
2025-04-28 20:37:05,921 - WARNING - 错误码：10165，信息：invalid handle
2025-04-28 20:37:06,421 - INFO - 连接关闭
2025-04-28 20:37:07,429 - INFO - 尝试第1次重连...
2025-04-28 20:37:07,631 - INFO - Websocket connected
2025-04-28 20:37:07,631 - INFO - 连接建立
2025-04-28 20:37:09,438 - INFO - 重连成功
2025-04-28 20:37:09,475 - WARNING - 错误码：10165，信息：invalid handle
2025-04-28 20:37:09,981 - INFO - 连接关闭
2025-04-28 20:37:10,995 - INFO - 尝试第1次重连...
2025-04-28 20:37:11,155 - INFO - Websocket connected
2025-04-28 20:37:11,156 - INFO - 连接建立
2025-04-28 20:37:13,011 - INFO - 重连成功
2025-04-28 20:37:13,045 - WARNING - 错误码：10165，信息：invalid handle
2025-04-28 20:37:13,545 - INFO - 连接关闭
2025-04-28 20:37:14,560 - INFO - 尝试第1次重连...
2025-04-28 20:37:14,721 - INFO - Websocket connected
2025-04-28 20:37:14,722 - INFO - 连接建立
2025-04-28 20:37:16,574 - INFO - 重连成功
2025-04-28 20:37:16,611 - WARNING - 错误码：10165，信息：invalid handle
2025-04-28 20:37:17,113 - INFO - 连接关闭
2025-04-28 20:37:18,127 - INFO - 尝试第1次重连...
2025-04-28 20:37:18,286 - INFO - Websocket connected
2025-04-28 20:37:18,287 - INFO - 连接建立
2025-04-28 20:37:20,130 - INFO - 重连成功
2025-04-28 20:37:20,172 - WARNING - 错误码：10165，信息：invalid handle
2025-04-28 20:37:20,668 - INFO - 连接关闭
2025-04-28 20:37:21,681 - INFO - 尝试第1次重连...
2025-04-28 20:37:21,833 - INFO - Websocket connected
2025-04-28 20:37:21,834 - INFO - 连接建立
2025-04-28 20:37:23,686 - INFO - 重连成功
2025-04-28 20:37:23,722 - WARNING - 错误码：10165，信息：invalid handle
2025-04-28 20:37:24,225 - INFO - 连接关闭
2025-04-28 20:37:25,231 - INFO - 尝试第1次重连...
2025-04-28 20:37:25,429 - INFO - Websocket connected
2025-04-28 20:37:25,429 - INFO - 连接建立
2025-04-28 20:37:27,240 - INFO - 重连成功
2025-04-28 20:37:27,276 - WARNING - 错误码：10165，信息：invalid handle
2025-04-28 20:37:27,779 - INFO - 连接关闭
2025-04-28 20:37:28,793 - INFO - 尝试第1次重连...
2025-04-28 20:37:28,941 - INFO - Websocket connected
2025-04-28 20:37:28,943 - INFO - 连接建立
2025-04-28 20:37:30,797 - INFO - 重连成功
2025-04-28 20:37:30,835 - WARNING - 错误码：10165，信息：invalid handle
2025-04-28 20:37:31,345 - INFO - 连接关闭
2025-04-28 20:37:32,354 - INFO - 尝试第1次重连...
2025-04-28 20:37:32,533 - INFO - Websocket connected
2025-04-28 20:37:32,533 - INFO - 连接建立
2025-04-28 20:37:34,359 - INFO - 重连成功
2025-04-28 20:37:34,393 - WARNING - 错误码：10165，信息：invalid handle
2025-04-28 20:37:34,894 - INFO - 连接关闭
2025-04-28 20:37:35,898 - INFO - 尝试第1次重连...
2025-04-28 20:37:36,082 - INFO - Websocket connected
2025-04-28 20:37:36,083 - INFO - 连接建立
2025-04-28 20:37:37,906 - INFO - 重连成功
2025-04-28 20:37:37,946 - WARNING - 错误码：10165，信息：invalid handle
2025-04-28 20:37:38,447 - INFO - 连接关闭
2025-04-28 20:37:39,456 - INFO - 尝试第1次重连...
2025-04-28 20:37:39,653 - INFO - Websocket connected
2025-04-28 20:37:39,654 - INFO - 连接建立
2025-04-28 20:37:41,464 - INFO - 重连成功
2025-04-28 20:37:41,515 - WARNING - 错误码：10165，信息：invalid handle
2025-04-28 20:37:42,028 - INFO - 连接关闭
2025-04-28 20:37:43,034 - INFO - 尝试第1次重连...
2025-04-28 20:37:43,184 - INFO - Websocket connected
2025-04-28 20:37:43,184 - INFO - 连接建立
2025-04-28 20:37:45,046 - INFO - 重连成功
2025-04-28 20:37:45,105 - WARNING - 错误码：10165，信息：invalid handle
2025-04-28 20:37:45,595 - INFO - 连接关闭
2025-04-28 20:37:46,602 - INFO - 尝试第1次重连...
2025-04-28 20:37:46,786 - INFO - Websocket connected
2025-04-28 20:37:46,787 - INFO - 连接建立
2025-04-28 20:37:48,613 - INFO - 重连成功
2025-04-28 20:37:48,648 - WARNING - 错误码：10165，信息：invalid handle
2025-04-28 20:37:49,148 - INFO - 连接关闭
2025-04-28 20:37:50,162 - INFO - 尝试第1次重连...
2025-04-28 20:37:50,344 - INFO - Websocket connected
2025-04-28 20:37:50,345 - INFO - 连接建立
2025-04-28 20:37:52,170 - INFO - 重连成功
2025-04-28 20:37:52,234 - WARNING - 错误码：10165，信息：invalid handle
2025-04-28 20:37:52,716 - INFO - 连接关闭
2025-04-28 20:37:53,726 - INFO - 尝试第1次重连...
2025-04-28 20:37:54,239 - INFO - Websocket connected
2025-04-28 20:37:54,240 - INFO - 连接建立
2025-04-28 20:37:55,733 - INFO - 重连成功
2025-04-28 20:37:56,013 - WARNING - 错误码：10165，信息：invalid handle
2025-04-28 20:37:56,390 - INFO - 连接关闭
2025-04-28 20:37:57,403 - INFO - 尝试第1次重连...
2025-04-28 20:37:57,596 - INFO - Websocket connected
2025-04-28 20:37:57,596 - INFO - 连接建立
2025-04-28 20:37:59,410 - INFO - 重连成功
2025-04-28 20:37:59,455 - WARNING - 错误码：10165，信息：invalid handle
2025-04-28 20:37:59,969 - INFO - 连接关闭
2025-04-28 20:38:00,982 - INFO - 尝试第1次重连...
2025-04-28 20:38:01,202 - INFO - Websocket connected
2025-04-28 20:38:01,202 - INFO - 连接建立
2025-04-28 20:38:02,996 - INFO - 重连成功
2025-04-28 20:38:03,040 - WARNING - 错误码：10165，信息：invalid handle
2025-04-28 20:38:03,603 - INFO - 连接关闭
2025-04-28 20:38:04,616 - INFO - 尝试第1次重连...
2025-04-28 20:38:04,786 - INFO - Websocket connected
2025-04-28 20:38:04,787 - INFO - 连接建立
2025-04-28 20:38:06,630 - INFO - 重连成功
2025-04-28 20:38:06,665 - WARNING - 错误码：10165，信息：invalid handle
2025-04-28 20:38:07,166 - INFO - 连接关闭
2025-04-28 20:38:08,175 - INFO - 尝试第1次重连...
2025-04-28 20:38:08,341 - INFO - Websocket connected
2025-04-28 20:38:08,342 - INFO - 连接建立
2025-04-28 20:38:10,187 - INFO - 重连成功
2025-04-28 20:38:10,228 - WARNING - 错误码：10165，信息：invalid handle
2025-04-28 20:38:10,728 - INFO - 连接关闭
2025-04-28 20:38:11,735 - INFO - 尝试第1次重连...
2025-04-28 20:38:11,904 - INFO - Websocket connected
2025-04-28 20:38:11,905 - INFO - 连接建立
2025-04-28 20:38:13,751 - INFO - 重连成功
2025-04-28 20:38:13,795 - WARNING - 错误码：10165，信息：invalid handle
2025-04-28 20:38:14,293 - INFO - 连接关闭
2025-04-28 20:38:15,307 - INFO - 尝试第1次重连...
2025-04-28 20:38:15,463 - INFO - Websocket connected
2025-04-28 20:38:15,464 - INFO - 连接建立
2025-04-28 20:38:17,317 - INFO - 重连成功
2025-04-28 20:38:17,354 - WARNING - 错误码：10165，信息：invalid handle
2025-04-28 20:38:17,853 - INFO - 连接关闭
2025-04-28 20:38:18,860 - INFO - 尝试第1次重连...
2025-04-28 20:38:19,026 - INFO - Websocket connected
2025-04-28 20:38:19,026 - INFO - 连接建立
2025-04-28 20:38:20,864 - INFO - 重连成功
2025-04-28 20:38:20,909 - WARNING - 错误码：10165，信息：invalid handle
2025-04-28 20:38:21,406 - INFO - 连接关闭
2025-04-28 20:38:22,419 - INFO - 尝试第1次重连...
2025-04-28 20:38:22,599 - INFO - Websocket connected
2025-04-28 20:38:22,599 - INFO - 连接建立
2025-04-28 20:38:24,431 - INFO - 重连成功
2025-04-28 20:38:24,467 - WARNING - 错误码：10165，信息：invalid handle
2025-04-28 20:38:24,967 - INFO - 连接关闭
2025-04-28 20:38:25,984 - INFO - 尝试第1次重连...
2025-04-28 20:38:26,173 - INFO - Websocket connected
2025-04-28 20:38:26,174 - INFO - 连接建立
2025-04-28 20:38:27,992 - INFO - 重连成功
2025-04-28 20:38:28,030 - WARNING - 错误码：10165，信息：invalid handle
2025-04-28 20:38:28,530 - INFO - 连接关闭
2025-04-28 20:38:29,539 - INFO - 尝试第1次重连...
2025-04-28 20:38:29,725 - INFO - Websocket connected
2025-04-28 20:38:29,726 - INFO - 连接建立
2025-04-28 20:38:31,552 - INFO - 重连成功
2025-04-28 20:38:31,590 - WARNING - 错误码：10165，信息：invalid handle
2025-04-28 20:38:32,089 - INFO - 连接关闭
2025-04-28 20:38:33,096 - INFO - 尝试第1次重连...
2025-04-28 20:38:33,250 - INFO - Websocket connected
2025-04-28 20:38:33,250 - INFO - 连接建立
2025-04-28 20:38:35,107 - INFO - 重连成功
2025-04-28 20:38:35,154 - WARNING - 错误码：10165，信息：invalid handle
2025-04-28 20:38:35,646 - INFO - 连接关闭
2025-04-28 20:38:36,649 - INFO - 尝试第1次重连...
2025-04-28 20:38:36,827 - INFO - Websocket connected
2025-04-28 20:38:36,827 - INFO - 连接建立
2025-04-28 20:38:38,657 - INFO - 重连成功
2025-04-28 20:38:38,694 - WARNING - 错误码：10165，信息：invalid handle
2025-04-28 20:38:39,194 - INFO - 连接关闭
2025-04-28 20:38:40,195 - INFO - 尝试第1次重连...
2025-04-28 20:38:40,366 - INFO - Websocket connected
2025-04-28 20:38:40,367 - INFO - 连接建立
2025-04-28 20:38:42,203 - INFO - 重连成功
2025-04-28 20:38:42,242 - WARNING - 错误码：10165，信息：invalid handle
2025-04-28 20:38:42,742 - INFO - 连接关闭
2025-04-28 20:38:43,745 - INFO - 尝试第1次重连...
2025-04-28 20:38:43,899 - INFO - Websocket connected
2025-04-28 20:38:43,900 - INFO - 连接建立
2025-04-28 20:38:45,755 - INFO - 重连成功
2025-04-28 20:38:45,795 - WARNING - 错误码：10165，信息：invalid handle
2025-04-28 20:38:46,296 - INFO - 连接关闭
2025-04-28 20:38:47,299 - INFO - 尝试第1次重连...
2025-04-28 20:38:47,470 - INFO - Websocket connected
2025-04-28 20:38:47,470 - INFO - 连接建立
2025-04-28 20:38:49,305 - INFO - 重连成功
2025-04-28 20:38:49,344 - WARNING - 错误码：10165，信息：invalid handle
2025-04-28 20:38:49,845 - INFO - 连接关闭
2025-04-28 20:38:50,850 - INFO - 尝试第1次重连...
2025-04-28 20:38:51,017 - INFO - Websocket connected
2025-04-28 20:38:51,017 - INFO - 连接建立
2025-04-28 20:38:52,860 - INFO - 重连成功
2025-04-28 20:38:52,899 - WARNING - 错误码：10165，信息：invalid handle
2025-04-28 20:38:53,398 - INFO - 连接关闭
2025-04-28 20:38:54,406 - INFO - 尝试第1次重连...
2025-04-28 20:38:54,572 - INFO - Websocket connected
2025-04-28 20:38:54,573 - INFO - 连接建立
2025-04-28 20:38:56,407 - INFO - 重连成功
2025-04-28 20:38:56,454 - WARNING - 错误码：10165，信息：invalid handle
2025-04-28 20:38:56,951 - INFO - 连接关闭
2025-04-28 20:38:57,959 - INFO - 尝试第1次重连...
2025-04-28 20:38:58,104 - INFO - Websocket connected
2025-04-28 20:38:58,105 - INFO - 连接建立
2025-04-28 20:38:59,966 - INFO - 重连成功
2025-04-28 20:39:00,000 - WARNING - 错误码：10165，信息：invalid handle
2025-04-28 20:39:00,501 - INFO - 连接关闭
2025-04-28 20:39:01,505 - INFO - 尝试第1次重连...
2025-04-28 20:39:01,674 - INFO - Websocket connected
2025-04-28 20:39:01,674 - INFO - 连接建立
2025-04-28 20:39:03,511 - INFO - 重连成功
2025-04-28 20:39:03,553 - WARNING - 错误码：10165，信息：invalid handle
2025-04-28 20:39:04,054 - INFO - 连接关闭
2025-04-28 20:39:05,056 - INFO - 尝试第1次重连...
2025-04-28 20:39:05,214 - INFO - Websocket connected
2025-04-28 20:39:05,215 - INFO - 连接建立
2025-04-28 20:39:07,065 - INFO - 重连成功
2025-04-28 20:39:07,106 - WARNING - 错误码：10165，信息：invalid handle
2025-04-28 20:39:07,608 - INFO - 连接关闭
2025-04-28 20:39:08,622 - INFO - 尝试第1次重连...
2025-04-28 20:39:08,796 - INFO - Websocket connected
2025-04-28 20:39:08,797 - INFO - 连接建立
2025-04-28 20:39:10,626 - INFO - 重连成功
2025-04-28 20:39:10,666 - WARNING - 错误码：10165，信息：invalid handle
2025-04-28 20:39:11,167 - INFO - 连接关闭
2025-04-28 20:39:12,169 - INFO - 尝试第1次重连...
2025-04-28 20:39:12,335 - INFO - Websocket connected
2025-04-28 20:39:12,336 - INFO - 连接建立
2025-04-28 20:39:14,176 - INFO - 重连成功
2025-04-28 20:39:14,217 - WARNING - 错误码：10165，信息：invalid handle
2025-04-28 20:39:14,715 - INFO - 连接关闭
2025-04-28 20:39:15,726 - INFO - 尝试第1次重连...
2025-04-28 20:39:15,896 - INFO - Websocket connected
2025-04-28 20:39:15,897 - INFO - 连接建立
2025-04-28 20:39:17,737 - INFO - 重连成功
2025-04-28 20:39:17,790 - WARNING - 错误码：10165，信息：invalid handle
2025-04-28 20:39:18,291 - INFO - 连接关闭
2025-04-28 20:39:19,293 - INFO - 尝试第1次重连...
2025-04-28 20:39:19,462 - INFO - Websocket connected
2025-04-28 20:39:19,462 - INFO - 连接建立
2025-04-28 20:39:21,303 - INFO - 重连成功
2025-04-28 20:39:21,343 - WARNING - 错误码：10165，信息：invalid handle
2025-04-28 20:39:21,844 - INFO - 连接关闭
2025-04-28 20:39:22,846 - INFO - 尝试第1次重连...
2025-04-28 20:39:23,004 - INFO - Websocket connected
2025-04-28 20:39:23,005 - INFO - 连接建立
2025-04-28 20:39:24,860 - INFO - 重连成功
2025-04-28 20:39:24,904 - WARNING - 错误码：10165，信息：invalid handle
2025-04-28 20:39:25,403 - INFO - 连接关闭
2025-04-28 20:39:26,413 - INFO - 尝试第1次重连...
2025-04-28 20:39:26,591 - INFO - Websocket connected
2025-04-28 20:39:26,591 - INFO - 连接建立
2025-04-28 20:39:28,424 - INFO - 重连成功
2025-04-28 20:39:28,461 - WARNING - 错误码：10165，信息：invalid handle
2025-04-28 20:39:28,962 - INFO - 连接关闭
2025-04-28 20:39:29,967 - INFO - 尝试第1次重连...
2025-04-28 20:39:30,115 - INFO - Websocket connected
2025-04-28 20:39:30,115 - INFO - 连接建立
2025-04-28 20:39:31,979 - INFO - 重连成功
2025-04-28 20:39:32,015 - WARNING - 错误码：10165，信息：invalid handle
2025-04-28 20:39:32,515 - INFO - 连接关闭
2025-04-28 20:39:33,528 - INFO - 尝试第1次重连...
2025-04-28 20:39:33,680 - INFO - Websocket connected
2025-04-28 20:39:33,681 - INFO - 连接建立
2025-04-28 20:39:35,533 - INFO - 重连成功
2025-04-28 20:39:35,572 - WARNING - 错误码：10165，信息：invalid handle
2025-04-28 20:39:36,072 - INFO - 连接关闭
2025-04-28 20:39:37,084 - INFO - 尝试第1次重连...
2025-04-28 20:39:37,287 - INFO - Websocket connected
2025-04-28 20:39:37,287 - INFO - 连接建立
2025-04-28 20:39:39,094 - INFO - 重连成功
2025-04-28 20:39:39,131 - WARNING - 错误码：10165，信息：invalid handle
2025-04-28 20:39:39,632 - INFO - 连接关闭
2025-04-28 20:39:40,642 - INFO - 尝试第1次重连...
2025-04-28 20:39:40,816 - INFO - Websocket connected
2025-04-28 20:39:40,817 - INFO - 连接建立
2025-04-28 20:39:42,657 - INFO - 重连成功
2025-04-28 20:39:42,706 - WARNING - 错误码：10165，信息：invalid handle
2025-04-28 20:39:43,209 - INFO - 连接关闭
2025-04-28 20:39:44,224 - INFO - 尝试第1次重连...
2025-04-28 20:39:44,391 - INFO - Websocket connected
2025-04-28 20:39:44,391 - INFO - 连接建立
2025-04-28 20:39:46,231 - INFO - 重连成功
2025-04-28 20:39:46,267 - WARNING - 错误码：10165，信息：invalid handle
2025-04-28 20:39:46,769 - INFO - 连接关闭
2025-04-28 20:39:47,784 - INFO - 尝试第1次重连...
2025-04-28 20:39:47,929 - INFO - Websocket connected
2025-04-28 20:39:47,930 - INFO - 连接建立
2025-04-28 20:39:49,795 - INFO - 重连成功
2025-04-28 20:39:49,830 - WARNING - 错误码：10165，信息：invalid handle
2025-04-28 20:39:50,330 - INFO - 连接关闭
2025-04-28 20:39:51,344 - INFO - 尝试第1次重连...
2025-04-28 20:39:51,513 - INFO - Websocket connected
2025-04-28 20:39:51,514 - INFO - 连接建立
2025-04-28 20:39:53,353 - INFO - 重连成功
2025-04-28 20:39:53,393 - WARNING - 错误码：10165，信息：invalid handle
2025-04-28 20:39:53,893 - INFO - 连接关闭
2025-04-28 20:39:54,900 - INFO - 尝试第1次重连...
2025-04-28 20:39:55,056 - INFO - Websocket connected
2025-04-28 20:39:55,059 - INFO - 连接建立
2025-04-28 20:39:56,907 - INFO - 重连成功
2025-04-28 20:39:56,942 - WARNING - 错误码：10165，信息：invalid handle
2025-04-28 20:39:57,444 - INFO - 连接关闭
2025-04-28 20:39:58,445 - INFO - 尝试第1次重连...
2025-04-28 20:39:58,623 - INFO - Websocket connected
2025-04-28 20:39:58,624 - INFO - 连接建立
2025-04-28 20:40:00,460 - INFO - 重连成功
2025-04-28 20:40:00,505 - WARNING - 错误码：10165，信息：invalid handle
2025-04-28 20:40:01,008 - INFO - 连接关闭
2025-04-28 20:40:02,015 - INFO - 尝试第1次重连...
2025-04-28 20:40:02,195 - INFO - Websocket connected
2025-04-28 20:40:02,196 - INFO - 连接建立
2025-04-28 20:40:04,021 - INFO - 重连成功
2025-04-28 20:40:04,055 - WARNING - 错误码：10165，信息：invalid handle
2025-04-28 20:40:04,553 - INFO - 连接关闭
2025-04-28 20:40:05,557 - INFO - 尝试第1次重连...
2025-04-28 20:40:05,715 - INFO - Websocket connected
2025-04-28 20:40:05,715 - INFO - 连接建立
2025-04-28 20:40:07,569 - INFO - 重连成功
2025-04-28 20:40:07,607 - WARNING - 错误码：10165，信息：invalid handle
2025-04-28 20:40:08,109 - INFO - 连接关闭
2025-04-28 20:40:09,124 - INFO - 尝试第1次重连...
2025-04-28 20:40:09,286 - INFO - Websocket connected
2025-04-28 20:40:09,287 - INFO - 连接建立
2025-04-28 20:40:11,132 - INFO - 重连成功
2025-04-28 20:40:11,179 - WARNING - 错误码：10165，信息：invalid handle
2025-04-28 20:40:11,672 - INFO - 连接关闭
2025-04-28 20:40:12,682 - INFO - 尝试第1次重连...
2025-04-28 20:40:12,866 - INFO - Websocket connected
2025-04-28 20:40:12,866 - INFO - 连接建立
2025-04-28 20:40:14,685 - INFO - 重连成功
2025-04-28 20:40:14,735 - WARNING - 错误码：10165，信息：invalid handle
2025-04-28 20:40:15,232 - INFO - 连接关闭
2025-04-28 20:40:16,233 - INFO - 尝试第1次重连...
2025-04-28 20:40:16,435 - INFO - Websocket connected
2025-04-28 20:40:16,435 - INFO - 连接建立
2025-04-28 20:40:18,234 - INFO - 重连成功
2025-04-28 20:40:18,281 - WARNING - 错误码：10165，信息：invalid handle
2025-04-28 20:40:18,781 - INFO - 连接关闭
2025-04-28 20:40:19,793 - INFO - 尝试第1次重连...
2025-04-28 20:40:19,966 - INFO - Websocket connected
2025-04-28 20:40:19,967 - INFO - 连接建立
2025-04-28 20:40:21,802 - INFO - 重连成功
2025-04-28 20:40:21,847 - WARNING - 错误码：10165，信息：invalid handle
2025-04-28 20:40:22,345 - INFO - 连接关闭
2025-04-28 20:40:23,347 - INFO - 尝试第1次重连...
2025-04-28 20:40:23,512 - INFO - Websocket connected
2025-04-28 20:40:23,513 - INFO - 连接建立
2025-04-28 20:40:25,354 - INFO - 重连成功
2025-04-28 20:40:25,396 - WARNING - 错误码：10165，信息：invalid handle
2025-04-28 20:40:25,897 - INFO - 连接关闭
2025-04-28 20:40:26,901 - INFO - 尝试第1次重连...
2025-04-28 20:40:27,053 - INFO - Websocket connected
2025-04-28 20:40:27,053 - INFO - 连接建立
2025-04-28 20:40:28,906 - INFO - 重连成功
2025-04-28 20:40:28,943 - WARNING - 错误码：10165，信息：invalid handle
2025-04-28 20:40:29,444 - INFO - 连接关闭
2025-04-28 20:40:30,449 - INFO - 尝试第1次重连...
2025-04-28 20:40:30,623 - INFO - Websocket connected
2025-04-28 20:40:30,624 - INFO - 连接建立
2025-04-28 20:40:32,457 - INFO - 重连成功
2025-04-28 20:40:32,500 - WARNING - 错误码：10165，信息：invalid handle
2025-04-28 20:40:33,003 - INFO - 连接关闭
2025-04-28 20:40:34,007 - INFO - 尝试第1次重连...
2025-04-28 20:40:34,223 - INFO - Websocket connected
2025-04-28 20:40:34,224 - INFO - 连接建立
2025-04-28 20:40:36,015 - INFO - 重连成功
2025-04-28 20:40:36,080 - WARNING - 错误码：10165，信息：invalid handle
2025-04-28 20:40:36,566 - INFO - 连接关闭
2025-04-28 20:40:37,568 - INFO - 尝试第1次重连...
2025-04-28 20:40:37,716 - INFO - Websocket connected
2025-04-28 20:40:37,717 - INFO - 连接建立
2025-04-28 20:40:39,578 - INFO - 重连成功
2025-04-28 20:40:39,615 - WARNING - 错误码：10165，信息：invalid handle
2025-04-28 20:40:40,115 - INFO - 连接关闭
2025-04-28 20:40:41,130 - INFO - 尝试第1次重连...
2025-04-28 20:40:41,331 - INFO - Websocket connected
2025-04-28 20:40:41,332 - INFO - 连接建立
2025-04-28 20:40:43,138 - INFO - 重连成功
2025-04-28 20:40:43,184 - WARNING - 错误码：10165，信息：invalid handle
2025-04-28 20:40:43,683 - INFO - 连接关闭
2025-04-28 20:40:44,693 - INFO - 尝试第1次重连...
2025-04-28 20:40:44,883 - INFO - Websocket connected
2025-04-28 20:40:44,884 - INFO - 连接建立
2025-04-28 20:40:46,703 - INFO - 重连成功
2025-04-28 20:40:46,747 - WARNING - 错误码：10165，信息：invalid handle
2025-04-28 20:40:47,249 - INFO - 连接关闭
2025-04-28 20:40:48,259 - INFO - 尝试第1次重连...
2025-04-28 20:40:48,451 - INFO - Websocket connected
2025-04-28 20:40:48,452 - INFO - 连接建立
2025-04-28 20:40:50,265 - INFO - 重连成功
2025-04-28 20:40:50,310 - WARNING - 错误码：10165，信息：invalid handle
2025-04-28 20:40:50,812 - INFO - 连接关闭
2025-04-28 20:40:51,825 - INFO - 尝试第1次重连...
2025-04-28 20:40:52,008 - INFO - Websocket connected
2025-04-28 20:40:52,009 - INFO - 连接建立
2025-04-28 20:40:53,834 - INFO - 重连成功
2025-04-28 20:40:53,877 - WARNING - 错误码：10165，信息：invalid handle
2025-04-28 20:40:54,378 - INFO - 连接关闭
2025-04-28 20:40:55,389 - INFO - 尝试第1次重连...
2025-04-28 20:40:55,555 - INFO - Websocket connected
2025-04-28 20:40:55,556 - INFO - 连接建立
2025-04-28 20:40:57,400 - INFO - 重连成功
2025-04-28 20:40:57,442 - WARNING - 错误码：10165，信息：invalid handle
2025-04-28 20:40:57,941 - INFO - 连接关闭
2025-04-28 20:40:58,954 - INFO - 尝试第1次重连...
2025-04-28 20:40:59,135 - INFO - Websocket connected
2025-04-28 20:40:59,136 - INFO - 连接建立
2025-04-28 20:41:00,963 - INFO - 重连成功
2025-04-28 20:41:01,006 - WARNING - 错误码：10165，信息：invalid handle
2025-04-28 20:41:01,504 - INFO - 连接关闭
2025-04-28 20:41:02,516 - INFO - 尝试第1次重连...
2025-04-28 20:41:02,694 - INFO - Websocket connected
2025-04-28 20:41:02,695 - INFO - 连接建立
2025-04-28 20:41:04,524 - INFO - 重连成功
2025-04-28 20:41:04,569 - WARNING - 错误码：10165，信息：invalid handle
2025-04-28 20:41:05,069 - INFO - 连接关闭
2025-04-28 20:41:06,085 - INFO - 尝试第1次重连...
2025-04-28 20:41:06,282 - INFO - Websocket connected
2025-04-28 20:41:06,283 - INFO - 连接建立
2025-04-28 20:41:08,092 - INFO - 重连成功
2025-04-28 20:41:08,140 - WARNING - 错误码：10165，信息：invalid handle
2025-04-28 20:41:08,637 - INFO - 连接关闭
2025-04-28 20:41:09,648 - INFO - 尝试第1次重连...
2025-04-28 20:41:09,825 - INFO - Websocket connected
2025-04-28 20:41:09,826 - INFO - 连接建立
2025-04-28 20:41:11,659 - INFO - 重连成功
2025-04-28 20:41:11,709 - WARNING - 错误码：10165，信息：invalid handle
2025-04-28 20:41:12,205 - INFO - 连接关闭
2025-04-28 20:41:13,219 - INFO - 尝试第1次重连...
2025-04-28 20:41:13,392 - INFO - Websocket connected
2025-04-28 20:41:13,393 - INFO - 连接建立
2025-04-28 20:41:15,234 - INFO - 重连成功
2025-04-28 20:41:15,277 - WARNING - 错误码：10165，信息：invalid handle
2025-04-28 20:41:15,779 - INFO - 连接关闭
2025-04-28 20:41:16,787 - INFO - 尝试第1次重连...
2025-04-28 20:41:16,934 - INFO - Websocket connected
2025-04-28 20:41:16,934 - INFO - 连接建立
2025-04-28 20:41:18,794 - INFO - 重连成功
2025-04-28 20:41:18,836 - WARNING - 错误码：10165，信息：invalid handle
2025-04-28 20:41:19,337 - INFO - 连接关闭
2025-04-28 20:41:20,347 - INFO - 尝试第1次重连...
2025-04-28 20:41:20,505 - INFO - Websocket connected
2025-04-28 20:41:20,506 - INFO - 连接建立
2025-04-28 20:41:22,356 - INFO - 重连成功
2025-04-28 20:41:22,394 - WARNING - 错误码：10165，信息：invalid handle
2025-04-28 20:41:22,897 - INFO - 连接关闭
2025-04-28 20:41:23,898 - INFO - 尝试第1次重连...
2025-04-28 20:41:24,064 - INFO - Websocket connected
2025-04-28 20:41:24,064 - INFO - 连接建立
2025-04-28 20:41:25,910 - INFO - 重连成功
2025-04-28 20:41:25,948 - WARNING - 错误码：10165，信息：invalid handle
2025-04-28 20:41:26,447 - INFO - 连接关闭
2025-04-28 20:42:01,681 - INFO - 尝试第1次重连...
2025-04-28 20:42:01,992 - INFO - Websocket connected
2025-04-28 20:42:01,992 - INFO - 连接建立
2025-04-28 20:42:03,696 - INFO - 重连成功
2025-04-28 20:42:03,733 - WARNING - 错误码：10165，信息：invalid handle
2025-04-28 20:42:04,235 - INFO - 连接关闭
2025-04-28 20:42:05,251 - INFO - 尝试第1次重连...
2025-04-28 20:42:05,484 - INFO - Websocket connected
2025-04-28 20:42:05,484 - INFO - 连接建立
2025-04-28 20:42:07,257 - INFO - 重连成功
2025-04-28 20:42:07,296 - WARNING - 错误码：10165，信息：invalid handle
2025-04-28 20:42:07,794 - INFO - 连接关闭
2025-04-28 20:42:08,802 - INFO - 尝试第1次重连...
2025-04-28 20:42:08,967 - INFO - Websocket connected
2025-04-28 20:42:08,969 - INFO - 连接建立
2025-04-28 20:42:10,814 - INFO - 重连成功
2025-04-28 20:42:10,855 - WARNING - 错误码：10165，信息：invalid handle
2025-04-28 20:42:11,356 - INFO - 连接关闭
2025-04-28 20:42:12,365 - INFO - 尝试第1次重连...
2025-04-28 20:42:12,526 - INFO - Websocket connected
2025-04-28 20:42:12,527 - INFO - 连接建立
2025-04-28 20:42:14,370 - INFO - 重连成功
2025-04-28 20:42:14,409 - WARNING - 错误码：10165，信息：invalid handle
2025-04-28 20:42:14,910 - INFO - 连接关闭
2025-04-28 20:42:15,912 - INFO - 尝试第1次重连...
2025-04-28 20:42:16,095 - INFO - Websocket connected
2025-04-28 20:42:16,095 - INFO - 连接建立
2025-04-28 20:42:17,921 - INFO - 重连成功
2025-04-28 20:42:17,956 - WARNING - 错误码：10165，信息：invalid handle
2025-04-28 20:42:18,458 - INFO - 连接关闭
2025-04-28 20:42:19,464 - INFO - 尝试第1次重连...
2025-04-28 20:42:19,618 - INFO - Websocket connected
2025-04-28 20:42:19,618 - INFO - 连接建立
2025-04-28 20:42:21,468 - INFO - 重连成功
2025-04-28 20:42:21,507 - WARNING - 错误码：10165，信息：invalid handle
2025-04-28 20:42:22,004 - INFO - 连接关闭
2025-04-28 20:42:25,262 - INFO - 尝试第1次重连...
2025-04-28 20:42:25,420 - INFO - Websocket connected
2025-04-28 20:42:25,422 - INFO - 连接建立
2025-04-28 20:42:27,265 - INFO - 重连成功
2025-04-28 20:42:27,303 - WARNING - 错误码：10165，信息：invalid handle
2025-04-28 20:42:27,804 - INFO - 连接关闭
2025-04-28 20:42:28,808 - INFO - 尝试第1次重连...
2025-04-28 20:42:28,962 - INFO - Websocket connected
2025-04-28 20:42:28,964 - INFO - 连接建立
2025-04-28 20:42:30,811 - INFO - 重连成功
2025-04-28 20:42:30,847 - WARNING - 错误码：10165，信息：invalid handle
2025-04-28 20:42:31,348 - INFO - 连接关闭
2025-04-28 20:42:32,355 - INFO - 尝试第1次重连...
2025-04-28 20:42:32,503 - INFO - Websocket connected
2025-04-28 20:42:32,504 - INFO - 连接建立
2025-04-28 20:42:34,368 - INFO - 重连成功
2025-04-28 20:42:34,403 - WARNING - 错误码：10165，信息：invalid handle
2025-04-28 20:42:34,902 - INFO - 连接关闭
2025-04-28 20:42:35,914 - INFO - 尝试第1次重连...
2025-04-28 20:42:36,064 - INFO - Websocket connected
2025-04-28 20:42:36,064 - INFO - 连接建立
2025-04-28 20:42:37,928 - INFO - 重连成功
2025-04-28 20:42:37,961 - WARNING - 错误码：10165，信息：invalid handle
2025-04-28 20:42:38,461 - INFO - 连接关闭
2025-04-28 20:42:39,469 - INFO - 尝试第1次重连...
2025-04-28 20:42:39,631 - INFO - Websocket connected
2025-04-28 20:42:39,632 - INFO - 连接建立
2025-04-28 20:42:41,472 - INFO - 重连成功
2025-04-28 20:42:41,506 - WARNING - 错误码：10165，信息：invalid handle
2025-04-28 20:42:42,008 - INFO - 连接关闭
2025-04-28 20:42:43,016 - INFO - 尝试第1次重连...
2025-04-28 20:42:43,183 - INFO - Websocket connected
2025-04-28 20:42:43,183 - INFO - 连接建立
2025-04-28 20:42:45,032 - INFO - 重连成功
2025-04-28 20:42:45,075 - WARNING - 错误码：10165，信息：invalid handle
2025-04-28 20:42:45,579 - INFO - 连接关闭
2025-04-28 20:42:46,589 - INFO - 尝试第1次重连...
2025-04-28 20:42:46,748 - INFO - Websocket connected
2025-04-28 20:42:46,748 - INFO - 连接建立
2025-04-28 20:42:48,591 - INFO - 重连成功
2025-04-28 20:42:48,637 - WARNING - 错误码：10165，信息：invalid handle
2025-04-28 20:42:49,141 - INFO - 连接关闭
2025-04-28 20:42:50,144 - INFO - 尝试第1次重连...
2025-04-28 20:42:50,299 - INFO - Websocket connected
2025-04-28 20:42:50,299 - INFO - 连接建立
2025-04-28 20:42:52,147 - INFO - 重连成功
2025-04-28 20:42:52,183 - WARNING - 错误码：10165，信息：invalid handle
2025-04-28 20:42:52,686 - INFO - 连接关闭
2025-04-28 20:42:53,702 - INFO - 尝试第1次重连...
2025-04-28 20:42:53,853 - INFO - Websocket connected
2025-04-28 20:42:53,853 - INFO - 连接建立
2025-04-28 20:42:55,707 - INFO - 重连成功
2025-04-28 20:42:55,742 - WARNING - 错误码：10165，信息：invalid handle
2025-04-28 20:42:56,243 - INFO - 连接关闭
2025-04-28 20:42:57,254 - INFO - 尝试第1次重连...
2025-04-28 20:42:57,428 - INFO - Websocket connected
2025-04-28 20:42:57,429 - INFO - 连接建立
2025-04-28 20:42:59,261 - INFO - 重连成功
2025-04-28 20:42:59,302 - WARNING - 错误码：10165，信息：invalid handle
2025-04-28 20:42:59,804 - INFO - 连接关闭
2025-04-28 20:43:00,813 - INFO - 尝试第1次重连...
2025-04-28 20:43:00,998 - INFO - Websocket connected
2025-04-28 20:43:00,999 - INFO - 连接建立
2025-04-28 20:43:02,824 - INFO - 重连成功
2025-04-28 20:43:02,864 - WARNING - 错误码：10165，信息：invalid handle
2025-04-28 20:43:03,366 - INFO - 连接关闭
2025-04-28 20:43:04,367 - INFO - 尝试第1次重连...
2025-04-28 20:43:04,525 - INFO - Websocket connected
2025-04-28 20:43:04,526 - INFO - 连接建立
2025-04-28 20:43:06,373 - INFO - 重连成功
2025-04-28 20:43:06,411 - WARNING - 错误码：10165，信息：invalid handle
2025-04-28 20:43:06,911 - INFO - 连接关闭
2025-04-28 20:43:07,916 - INFO - 尝试第1次重连...
2025-04-28 20:43:08,072 - INFO - Websocket connected
2025-04-28 20:43:08,072 - INFO - 连接建立
2025-04-28 20:43:09,927 - INFO - 重连成功
2025-04-28 20:43:09,963 - WARNING - 错误码：10165，信息：invalid handle
2025-04-28 20:43:10,463 - INFO - 连接关闭
2025-04-28 20:43:11,465 - INFO - 尝试第1次重连...
2025-04-28 20:43:11,627 - INFO - Websocket connected
2025-04-28 20:43:11,628 - INFO - 连接建立
2025-04-28 20:43:13,468 - INFO - 重连成功
2025-04-28 20:43:13,507 - WARNING - 错误码：10165，信息：invalid handle
2025-04-28 20:43:14,009 - INFO - 连接关闭
2025-04-28 20:43:15,023 - INFO - 尝试第1次重连...
2025-04-28 20:43:15,262 - INFO - Websocket connected
2025-04-28 20:43:15,262 - INFO - 连接建立
2025-04-28 20:43:17,032 - INFO - 重连成功
2025-04-28 20:43:17,068 - WARNING - 错误码：10165，信息：invalid handle
2025-04-28 20:43:17,572 - INFO - 连接关闭
2025-04-28 20:43:18,576 - INFO - 尝试第1次重连...
2025-04-28 20:43:18,756 - INFO - Websocket connected
2025-04-28 20:43:18,756 - INFO - 连接建立
2025-04-28 20:43:20,588 - INFO - 重连成功
2025-04-28 20:43:20,624 - WARNING - 错误码：10165，信息：invalid handle
2025-04-28 20:43:21,126 - INFO - 连接关闭
2025-04-28 20:43:22,132 - INFO - 尝试第1次重连...
2025-04-28 20:43:22,314 - INFO - Websocket connected
2025-04-28 20:43:22,314 - INFO - 连接建立
2025-04-28 20:43:24,134 - INFO - 重连成功
2025-04-28 20:43:24,174 - WARNING - 错误码：10165，信息：invalid handle
2025-04-28 20:43:24,674 - INFO - 连接关闭
2025-04-28 20:43:25,682 - INFO - 尝试第1次重连...
2025-04-28 20:43:25,843 - INFO - Websocket connected
2025-04-28 20:43:25,844 - INFO - 连接建立
2025-04-28 20:43:27,689 - INFO - 重连成功
2025-04-28 20:43:27,728 - WARNING - 错误码：10165，信息：invalid handle
2025-04-28 20:43:28,228 - INFO - 连接关闭
2025-04-28 20:43:29,229 - INFO - 尝试第1次重连...
2025-04-28 20:43:29,382 - INFO - Websocket connected
2025-04-28 20:43:29,385 - INFO - 连接建立
2025-04-28 20:43:31,231 - INFO - 重连成功
2025-04-28 20:43:31,267 - WARNING - 错误码：10165，信息：invalid handle
2025-04-28 20:43:31,769 - INFO - 连接关闭
2025-04-28 20:43:32,784 - INFO - 尝试第1次重连...
2025-04-28 20:43:32,941 - INFO - Websocket connected
2025-04-28 20:43:32,942 - INFO - 连接建立
2025-04-28 20:43:34,788 - INFO - 重连成功
2025-04-28 20:43:34,824 - WARNING - 错误码：10165，信息：invalid handle
2025-04-28 20:43:35,324 - INFO - 连接关闭
2025-04-28 20:43:36,334 - INFO - 尝试第1次重连...
2025-04-28 20:43:36,478 - INFO - Websocket connected
2025-04-28 20:43:36,479 - INFO - 连接建立
2025-04-28 20:43:38,350 - INFO - 重连成功
2025-04-28 20:43:38,384 - WARNING - 错误码：10165，信息：invalid handle
2025-04-28 20:43:38,884 - INFO - 连接关闭
2025-04-28 20:43:39,888 - INFO - 尝试第1次重连...
2025-04-28 20:43:40,036 - INFO - Websocket connected
2025-04-28 20:43:40,036 - INFO - 连接建立
2025-04-28 20:43:41,900 - INFO - 重连成功
2025-04-28 20:43:41,934 - WARNING - 错误码：10165，信息：invalid handle
2025-04-28 20:43:42,440 - INFO - 连接关闭
2025-04-28 20:43:43,456 - INFO - 尝试第1次重连...
2025-04-28 20:43:43,616 - INFO - Websocket connected
2025-04-28 20:43:43,616 - INFO - 连接建立
2025-04-28 20:43:45,458 - INFO - 重连成功
2025-04-28 20:43:45,494 - WARNING - 错误码：10165，信息：invalid handle
2025-04-28 20:43:45,994 - INFO - 连接关闭
2025-04-28 20:43:47,008 - INFO - 尝试第1次重连...
2025-04-28 20:43:47,175 - INFO - Websocket connected
2025-04-28 20:43:47,176 - INFO - 连接建立
2025-04-28 20:43:49,022 - INFO - 重连成功
2025-04-28 20:43:49,060 - WARNING - 错误码：10165，信息：invalid handle
2025-04-28 20:43:49,561 - INFO - 连接关闭
2025-04-28 20:43:50,572 - INFO - 尝试第1次重连...
2025-04-28 20:43:50,711 - INFO - Websocket connected
2025-04-28 20:43:50,711 - INFO - 连接建立
2025-04-28 20:43:52,578 - INFO - 重连成功
2025-04-28 20:43:52,612 - WARNING - 错误码：10165，信息：invalid handle
2025-04-28 20:43:53,113 - INFO - 连接关闭
2025-04-28 20:43:54,129 - INFO - 尝试第1次重连...
2025-04-28 20:43:54,268 - INFO - Websocket connected
2025-04-28 20:43:54,269 - INFO - 连接建立
2025-04-28 20:43:56,131 - INFO - 重连成功
2025-04-28 20:43:56,163 - WARNING - 错误码：10165，信息：invalid handle
2025-04-28 20:43:56,664 - INFO - 连接关闭
2025-04-28 20:43:57,673 - INFO - 尝试第1次重连...
2025-04-28 20:43:57,855 - INFO - Websocket connected
2025-04-28 20:43:57,856 - INFO - 连接建立
2025-04-28 20:43:59,689 - INFO - 重连成功
2025-04-28 20:43:59,733 - WARNING - 错误码：10165，信息：invalid handle
2025-04-28 20:44:00,231 - INFO - 连接关闭
2025-04-28 20:44:01,243 - INFO - 尝试第1次重连...
2025-04-28 20:44:01,435 - INFO - Websocket connected
2025-04-28 20:44:01,435 - INFO - 连接建立
2025-04-28 20:44:03,255 - INFO - 重连成功
2025-04-28 20:44:03,303 - WARNING - 错误码：10165，信息：invalid handle
2025-04-28 20:44:03,795 - INFO - 连接关闭
2025-04-28 20:44:04,806 - INFO - 尝试第1次重连...
2025-04-28 20:44:04,975 - INFO - Websocket connected
2025-04-28 20:44:04,976 - INFO - 连接建立
2025-04-28 20:44:06,818 - INFO - 重连成功
2025-04-28 20:44:06,854 - WARNING - 错误码：10165，信息：invalid handle
2025-04-28 20:44:07,354 - INFO - 连接关闭
2025-04-28 20:44:08,357 - INFO - 尝试第1次重连...
2025-04-28 20:44:08,536 - INFO - Websocket connected
2025-04-28 20:44:08,536 - INFO - 连接建立
2025-04-28 20:44:10,369 - INFO - 重连成功
2025-04-28 20:44:10,409 - WARNING - 错误码：10165，信息：invalid handle
2025-04-28 20:44:10,911 - INFO - 连接关闭
2025-04-28 20:44:11,913 - INFO - 尝试第1次重连...
2025-04-28 20:44:12,068 - INFO - Websocket connected
2025-04-28 20:44:12,068 - INFO - 连接建立
2025-04-28 20:44:13,930 - INFO - 重连成功
2025-04-28 20:44:13,968 - WARNING - 错误码：10165，信息：invalid handle
2025-04-28 20:44:14,467 - INFO - 连接关闭
2025-04-28 20:44:15,471 - INFO - 尝试第1次重连...
2025-04-28 20:44:15,640 - INFO - Websocket connected
2025-04-28 20:44:15,641 - INFO - 连接建立
2025-04-28 20:44:17,482 - INFO - 重连成功
2025-04-28 20:44:17,519 - WARNING - 错误码：10165，信息：invalid handle
2025-04-28 20:44:18,018 - INFO - 连接关闭
2025-04-28 20:44:19,028 - INFO - 尝试第1次重连...
2025-04-28 20:44:19,193 - INFO - Websocket connected
2025-04-28 20:44:19,194 - INFO - 连接建立
2025-04-28 20:44:21,042 - INFO - 重连成功
2025-04-28 20:44:21,156 - WARNING - 错误码：10165，信息：invalid handle
2025-04-28 20:44:21,639 - INFO - 连接关闭
2025-04-28 20:44:22,649 - INFO - 尝试第1次重连...
2025-04-28 20:44:22,803 - INFO - Websocket connected
2025-04-28 20:44:22,803 - INFO - 连接建立
2025-04-28 20:44:24,665 - INFO - 重连成功
2025-04-28 20:44:24,705 - WARNING - 错误码：10165，信息：invalid handle
2025-04-28 20:44:25,205 - INFO - 连接关闭
2025-04-28 20:44:26,210 - INFO - 尝试第1次重连...
2025-04-28 20:44:26,352 - INFO - Websocket connected
2025-04-28 20:44:26,352 - INFO - 连接建立
2025-04-28 20:44:28,212 - INFO - 重连成功
2025-04-28 20:44:28,247 - WARNING - 错误码：10165，信息：invalid handle
2025-04-28 20:44:28,746 - INFO - 连接关闭
2025-04-28 20:44:29,757 - INFO - 尝试第1次重连...
2025-04-28 20:44:29,933 - INFO - Websocket connected
2025-04-28 20:44:29,933 - INFO - 连接建立
2025-04-28 20:44:31,774 - INFO - 重连成功
2025-04-28 20:44:31,817 - WARNING - 错误码：10165，信息：invalid handle
2025-04-28 20:44:32,316 - INFO - 连接关闭
2025-04-28 20:44:33,328 - INFO - 尝试第1次重连...
2025-04-28 20:44:33,491 - INFO - Websocket connected
2025-04-28 20:44:33,492 - INFO - 连接建立
2025-04-28 20:44:35,338 - INFO - 重连成功
2025-04-28 20:44:35,384 - WARNING - 错误码：10165，信息：invalid handle
2025-04-28 20:44:35,886 - INFO - 连接关闭
2025-04-28 20:44:36,892 - INFO - 尝试第1次重连...
2025-04-28 20:44:37,044 - INFO - Websocket connected
2025-04-28 20:44:37,045 - INFO - 连接建立
2025-04-28 20:44:38,908 - INFO - 重连成功
2025-04-28 20:44:38,944 - WARNING - 错误码：10165，信息：invalid handle
2025-04-28 20:44:39,445 - INFO - 连接关闭
2025-04-28 20:44:40,457 - INFO - 尝试第1次重连...
2025-04-28 20:44:40,616 - INFO - Websocket connected
2025-04-28 20:44:40,616 - INFO - 连接建立
2025-04-28 20:44:42,462 - INFO - 重连成功
2025-04-28 20:44:42,499 - WARNING - 错误码：10165，信息：invalid handle
2025-04-28 20:44:43,000 - INFO - 连接关闭
2025-04-28 20:44:44,006 - INFO - 尝试第1次重连...
2025-04-28 20:44:44,157 - INFO - Websocket connected
2025-04-28 20:44:44,158 - INFO - 连接建立
2025-04-28 20:44:46,010 - INFO - 重连成功
2025-04-28 20:44:46,045 - WARNING - 错误码：10165，信息：invalid handle
2025-04-28 20:44:46,543 - INFO - 连接关闭
2025-04-28 20:44:47,552 - INFO - 尝试第1次重连...
2025-04-28 20:44:47,709 - INFO - Websocket connected
2025-04-28 20:44:47,709 - INFO - 连接建立
2025-04-28 20:44:49,561 - INFO - 重连成功
2025-04-28 20:44:49,599 - WARNING - 错误码：10165，信息：invalid handle
2025-04-28 20:44:50,099 - INFO - 连接关闭
2025-04-28 20:44:51,103 - INFO - 尝试第1次重连...
2025-04-28 20:44:51,293 - INFO - Websocket connected
2025-04-28 20:44:51,294 - INFO - 连接建立
2025-04-28 20:44:53,113 - INFO - 重连成功
2025-04-28 20:44:53,154 - WARNING - 错误码：10165，信息：invalid handle
2025-04-28 20:44:53,656 - INFO - 连接关闭
2025-04-28 20:44:54,658 - INFO - 尝试第1次重连...
2025-04-28 20:44:54,812 - INFO - Websocket connected
2025-04-28 20:44:54,812 - INFO - 连接建立
2025-04-28 20:44:56,662 - INFO - 重连成功
2025-04-28 20:44:56,695 - WARNING - 错误码：10165，信息：invalid handle
2025-04-28 20:44:57,195 - INFO - 连接关闭
2025-04-28 20:44:58,202 - INFO - 尝试第1次重连...
2025-04-28 20:44:58,367 - INFO - Websocket connected
2025-04-28 20:44:58,368 - INFO - 连接建立
2025-04-28 20:45:00,211 - INFO - 重连成功
2025-04-28 20:45:00,252 - WARNING - 错误码：10165，信息：invalid handle
2025-04-28 20:45:00,752 - INFO - 连接关闭
2025-04-28 20:45:01,766 - INFO - 尝试第1次重连...
2025-04-28 20:45:01,933 - INFO - Websocket connected
2025-04-28 20:45:01,934 - INFO - 连接建立
2025-04-28 20:45:03,770 - INFO - 重连成功
2025-04-28 20:45:03,811 - WARNING - 错误码：10165，信息：invalid handle
2025-04-28 20:45:04,314 - INFO - 连接关闭
2025-04-28 20:45:05,329 - INFO - 尝试第1次重连...
2025-04-28 20:45:05,479 - INFO - Websocket connected
2025-04-28 20:45:05,480 - INFO - 连接建立
2025-04-28 20:45:07,338 - INFO - 重连成功
2025-04-28 20:45:07,380 - WARNING - 错误码：10165，信息：invalid handle
2025-04-28 20:45:07,880 - INFO - 连接关闭
2025-04-28 20:45:08,887 - INFO - 尝试第1次重连...
2025-04-28 20:45:09,058 - INFO - Websocket connected
2025-04-28 20:45:09,059 - INFO - 连接建立
2025-04-28 20:45:10,895 - INFO - 重连成功
2025-04-28 20:45:10,935 - WARNING - 错误码：10165，信息：invalid handle
2025-04-28 20:45:11,434 - INFO - 连接关闭
2025-04-28 20:45:12,436 - INFO - 尝试第1次重连...
2025-04-28 20:45:12,617 - INFO - Websocket connected
2025-04-28 20:45:12,618 - INFO - 连接建立
2025-04-28 20:45:14,448 - INFO - 重连成功
2025-04-28 20:45:14,488 - WARNING - 错误码：10165，信息：invalid handle
2025-04-28 20:45:14,989 - INFO - 连接关闭
2025-04-28 20:45:16,002 - INFO - 尝试第1次重连...
2025-04-28 20:45:16,268 - INFO - Websocket connected
2025-04-28 20:45:16,268 - INFO - 连接建立
2025-04-28 20:45:18,004 - INFO - 重连成功
2025-04-28 20:45:18,047 - WARNING - 错误码：10165，信息：invalid handle
2025-04-28 20:45:18,546 - INFO - 连接关闭
2025-04-28 20:45:19,560 - INFO - 尝试第1次重连...
2025-04-28 20:45:19,731 - INFO - Websocket connected
2025-04-28 20:45:19,732 - INFO - 连接建立
2025-04-28 20:45:21,575 - INFO - 重连成功
2025-04-28 20:45:21,622 - WARNING - 错误码：10165，信息：invalid handle
2025-04-28 20:45:22,131 - INFO - 连接关闭
2025-04-28 20:45:23,143 - INFO - 尝试第1次重连...
2025-04-28 20:45:23,296 - INFO - Websocket connected
2025-04-28 20:45:23,297 - INFO - 连接建立
2025-04-28 20:45:25,154 - INFO - 重连成功
2025-04-28 20:45:25,197 - WARNING - 错误码：10165，信息：invalid handle
2025-04-28 20:45:25,698 - INFO - 连接关闭
2025-04-28 20:45:26,711 - INFO - 尝试第1次重连...
2025-04-28 20:45:26,883 - INFO - Websocket connected
2025-04-28 20:45:26,884 - INFO - 连接建立
2025-04-28 20:45:28,721 - INFO - 重连成功
2025-04-28 20:45:28,767 - WARNING - 错误码：10165，信息：invalid handle
2025-04-28 20:45:29,265 - INFO - 连接关闭
2025-04-28 20:45:30,273 - INFO - 尝试第1次重连...
2025-04-28 20:45:30,440 - INFO - Websocket connected
2025-04-28 20:45:30,441 - INFO - 连接建立
2025-04-28 20:45:32,278 - INFO - 重连成功
2025-04-28 20:45:32,320 - WARNING - 错误码：10165，信息：invalid handle
2025-04-28 20:45:32,821 - INFO - 连接关闭
2025-04-28 20:45:33,836 - INFO - 尝试第1次重连...
2025-04-28 20:45:33,993 - INFO - Websocket connected
2025-04-28 20:45:33,994 - INFO - 连接建立
2025-04-28 20:45:35,839 - INFO - 重连成功
2025-04-28 20:45:35,897 - WARNING - 错误码：10165，信息：invalid handle
2025-04-28 20:45:36,392 - INFO - 连接关闭
2025-04-28 20:45:37,408 - INFO - 尝试第1次重连...
2025-04-28 20:45:37,560 - INFO - Websocket connected
2025-04-28 20:45:37,561 - INFO - 连接建立
2025-04-28 20:45:39,422 - INFO - 重连成功
2025-04-28 20:45:39,456 - WARNING - 错误码：10165，信息：invalid handle
2025-04-28 20:45:39,955 - INFO - 连接关闭
2025-04-28 20:45:40,968 - INFO - 尝试第1次重连...
2025-04-28 20:45:41,128 - INFO - Websocket connected
2025-04-28 20:45:41,129 - INFO - 连接建立
2025-04-28 20:45:42,980 - INFO - 重连成功
2025-04-28 20:45:43,016 - WARNING - 错误码：10165，信息：invalid handle
2025-04-28 20:45:43,518 - INFO - 连接关闭
2025-04-28 20:45:44,518 - INFO - 尝试第1次重连...
2025-04-28 20:45:44,698 - INFO - Websocket connected
2025-04-28 20:45:44,699 - INFO - 连接建立
2025-04-28 20:45:46,540 - INFO - 重连成功
2025-04-28 20:45:46,583 - WARNING - 错误码：10165，信息：invalid handle
2025-04-28 20:45:47,081 - INFO - 连接关闭
2025-04-28 20:45:48,084 - INFO - 尝试第1次重连...
2025-04-28 20:45:48,259 - INFO - Websocket connected
2025-04-28 20:45:48,259 - INFO - 连接建立
2025-04-28 20:45:50,099 - INFO - 重连成功
2025-04-28 20:45:50,137 - WARNING - 错误码：10165，信息：invalid handle
2025-04-28 20:45:50,668 - INFO - 连接关闭
2025-04-28 20:45:51,683 - INFO - 尝试第1次重连...
2025-04-28 20:45:51,852 - INFO - Websocket connected
2025-04-28 20:45:51,853 - INFO - 连接建立
2025-04-28 20:45:53,690 - INFO - 重连成功
2025-04-28 20:45:53,735 - WARNING - 错误码：10165，信息：invalid handle
2025-04-28 20:45:54,236 - INFO - 连接关闭
2025-04-28 20:45:55,247 - INFO - 尝试第1次重连...
2025-04-28 20:45:55,388 - INFO - Websocket connected
2025-04-28 20:45:55,389 - INFO - 连接建立
2025-04-28 20:45:57,254 - INFO - 重连成功
2025-04-28 20:45:57,287 - WARNING - 错误码：10165，信息：invalid handle
2025-04-28 20:45:57,787 - INFO - 连接关闭
2025-04-28 20:45:58,802 - INFO - 尝试第1次重连...
2025-04-28 20:45:58,940 - INFO - Websocket connected
2025-04-28 20:45:58,940 - INFO - 连接建立
2025-04-28 20:46:00,804 - INFO - 重连成功
2025-04-28 20:46:00,840 - WARNING - 错误码：10165，信息：invalid handle
2025-04-28 20:46:01,341 - INFO - 连接关闭
2025-04-28 20:46:02,343 - INFO - 尝试第1次重连...
2025-04-28 20:46:02,521 - INFO - Websocket connected
2025-04-28 20:46:02,521 - INFO - 连接建立
2025-04-28 20:46:04,357 - INFO - 重连成功
2025-04-28 20:46:04,399 - WARNING - 错误码：10165，信息：invalid handle
2025-04-28 20:46:04,898 - INFO - 连接关闭
2025-04-28 20:46:05,902 - INFO - 尝试第1次重连...
2025-04-28 20:46:06,079 - INFO - Websocket connected
2025-04-28 20:46:06,079 - INFO - 连接建立
2025-04-28 20:46:07,912 - INFO - 重连成功
2025-04-28 20:46:07,948 - WARNING - 错误码：10165，信息：invalid handle
2025-04-28 20:46:08,449 - INFO - 连接关闭
2025-04-28 20:46:09,464 - INFO - 尝试第1次重连...
2025-04-28 20:46:09,609 - INFO - Websocket connected
2025-04-28 20:46:09,610 - INFO - 连接建立
2025-04-28 20:46:11,478 - INFO - 重连成功
2025-04-28 20:46:11,516 - WARNING - 错误码：10165，信息：invalid handle
2025-04-28 20:46:12,014 - INFO - 连接关闭
2025-04-28 20:46:13,029 - INFO - 尝试第1次重连...
2025-04-28 20:46:13,232 - INFO - Websocket connected
2025-04-28 20:46:13,232 - INFO - 连接建立
2025-04-28 20:46:15,037 - INFO - 重连成功
2025-04-28 20:46:15,081 - WARNING - 错误码：10165，信息：invalid handle
2025-04-28 20:46:15,578 - INFO - 连接关闭
2025-04-28 20:46:16,592 - INFO - 尝试第1次重连...
2025-04-28 20:46:16,747 - INFO - Websocket connected
2025-04-28 20:46:16,747 - INFO - 连接建立
2025-04-28 20:46:18,601 - INFO - 重连成功
2025-04-28 20:46:18,636 - WARNING - 错误码：10165，信息：invalid handle
2025-04-28 20:46:19,138 - INFO - 连接关闭
2025-04-28 20:46:20,141 - INFO - 尝试第1次重连...
2025-04-28 20:46:20,296 - INFO - Websocket connected
2025-04-28 20:46:20,296 - INFO - 连接建立
2025-04-28 20:46:22,143 - INFO - 重连成功
2025-04-28 20:46:22,184 - WARNING - 错误码：10165，信息：invalid handle
2025-04-28 20:46:22,684 - INFO - 连接关闭
2025-04-28 20:46:23,699 - INFO - 尝试第1次重连...
2025-04-28 20:46:23,893 - INFO - Websocket connected
2025-04-28 20:46:23,894 - INFO - 连接建立
2025-04-28 20:46:25,711 - INFO - 重连成功
2025-04-28 20:46:25,751 - WARNING - 错误码：10165，信息：invalid handle
2025-04-28 20:46:26,257 - INFO - 连接关闭
2025-04-28 20:46:27,267 - INFO - 尝试第1次重连...
2025-04-28 20:46:27,420 - INFO - Websocket connected
2025-04-28 20:46:27,420 - INFO - 连接建立
2025-04-28 20:46:29,270 - INFO - 重连成功
2025-04-28 20:46:29,306 - WARNING - 错误码：10165，信息：invalid handle
2025-04-28 20:46:29,809 - INFO - 连接关闭
2025-04-28 20:46:30,821 - INFO - 尝试第1次重连...
2025-04-28 20:46:31,001 - INFO - Websocket connected
2025-04-28 20:46:31,001 - INFO - 连接建立
2025-04-28 20:46:32,825 - INFO - 重连成功
2025-04-28 20:46:32,863 - WARNING - 错误码：10165，信息：invalid handle
2025-04-28 20:46:33,366 - INFO - 连接关闭
2025-04-28 20:46:34,377 - INFO - 尝试第1次重连...
2025-04-28 20:46:34,566 - INFO - Websocket connected
2025-04-28 20:46:34,566 - INFO - 连接建立
2025-04-28 20:46:36,382 - INFO - 重连成功
2025-04-28 20:46:36,421 - WARNING - 错误码：10165，信息：invalid handle
2025-04-28 20:46:36,921 - INFO - 连接关闭
2025-04-28 20:46:37,922 - INFO - 尝试第1次重连...
2025-04-28 20:46:38,087 - INFO - Websocket connected
2025-04-28 20:46:38,088 - INFO - 连接建立
2025-04-28 20:46:39,937 - INFO - 重连成功
2025-04-28 20:46:39,980 - WARNING - 错误码：10165，信息：invalid handle
2025-04-28 20:46:40,478 - INFO - 连接关闭
2025-04-28 20:46:41,488 - INFO - 尝试第1次重连...
2025-04-28 20:46:41,649 - INFO - Websocket connected
2025-04-28 20:46:41,650 - INFO - 连接建立
2025-04-28 20:46:43,492 - INFO - 重连成功
2025-04-28 20:46:43,528 - WARNING - 错误码：10165，信息：invalid handle
2025-04-28 20:46:44,033 - INFO - 连接关闭
2025-04-28 20:46:45,040 - INFO - 尝试第1次重连...
2025-04-28 20:46:45,212 - INFO - Websocket connected
2025-04-28 20:46:45,212 - INFO - 连接建立
2025-04-28 20:46:47,046 - INFO - 重连成功
2025-04-28 20:46:47,099 - WARNING - 错误码：10165，信息：invalid handle
2025-04-28 20:46:47,593 - INFO - 连接关闭
2025-04-28 20:46:48,604 - INFO - 尝试第1次重连...
2025-04-28 20:46:48,784 - INFO - Websocket connected
2025-04-28 20:46:48,785 - INFO - 连接建立
2025-04-28 20:46:50,608 - INFO - 重连成功
2025-04-28 20:46:50,651 - WARNING - 错误码：10165，信息：invalid handle
2025-04-28 20:46:51,150 - INFO - 连接关闭
2025-04-28 20:46:52,152 - INFO - 尝试第1次重连...
2025-04-28 20:46:52,318 - INFO - Websocket connected
2025-04-28 20:46:52,319 - INFO - 连接建立
2025-04-28 20:46:54,158 - INFO - 重连成功
2025-04-28 20:46:54,196 - WARNING - 错误码：10165，信息：invalid handle
2025-04-28 20:46:54,704 - INFO - 连接关闭
2025-04-28 20:46:55,718 - INFO - 尝试第1次重连...
2025-04-28 20:46:55,878 - INFO - Websocket connected
2025-04-28 20:46:55,879 - INFO - 连接建立
2025-04-28 20:46:57,733 - INFO - 重连成功
2025-04-28 20:46:57,767 - WARNING - 错误码：10165，信息：invalid handle
2025-04-28 20:46:58,267 - INFO - 连接关闭
2025-04-28 20:46:59,281 - INFO - 尝试第1次重连...
2025-04-28 20:46:59,463 - INFO - Websocket connected
2025-04-28 20:46:59,463 - INFO - 连接建立
2025-04-28 20:47:01,289 - INFO - 重连成功
2025-04-28 20:47:01,327 - WARNING - 错误码：10165，信息：invalid handle
2025-04-28 20:47:01,829 - INFO - 连接关闭
2025-04-28 20:47:02,838 - INFO - 尝试第1次重连...
2025-04-28 20:47:03,043 - INFO - Websocket connected
2025-04-28 20:47:03,043 - INFO - 连接建立
2025-04-28 20:47:04,845 - INFO - 重连成功
2025-04-28 20:47:04,902 - WARNING - 错误码：10165，信息：invalid handle
2025-04-28 20:47:05,397 - INFO - 连接关闭
2025-04-28 20:47:06,413 - INFO - 尝试第1次重连...
2025-04-28 20:47:06,603 - INFO - Websocket connected
2025-04-28 20:47:06,603 - INFO - 连接建立
2025-04-28 20:47:08,416 - INFO - 重连成功
2025-04-28 20:47:08,454 - WARNING - 错误码：10165，信息：invalid handle
2025-04-28 20:47:08,955 - INFO - 连接关闭
2025-04-28 20:47:09,968 - INFO - 尝试第1次重连...
2025-04-28 20:47:10,108 - INFO - Websocket connected
2025-04-28 20:47:10,109 - INFO - 连接建立
2025-04-28 20:47:11,982 - INFO - 重连成功
2025-04-28 20:47:12,020 - WARNING - 错误码：10165，信息：invalid handle
2025-04-28 20:47:12,526 - INFO - 连接关闭
2025-04-28 20:47:13,540 - INFO - 尝试第1次重连...
2025-04-28 20:47:13,707 - INFO - Websocket connected
2025-04-28 20:47:13,708 - INFO - 连接建立
2025-04-28 20:47:15,550 - INFO - 重连成功
2025-04-28 20:47:15,584 - WARNING - 错误码：10165，信息：invalid handle
2025-04-28 20:47:16,084 - INFO - 连接关闭
2025-04-28 20:47:17,088 - INFO - 尝试第1次重连...
2025-04-28 20:47:17,238 - INFO - Websocket connected
2025-04-28 20:47:17,238 - INFO - 连接建立
2025-04-28 20:47:19,090 - INFO - 重连成功
2025-04-28 20:47:19,128 - WARNING - 错误码：10165，信息：invalid handle
2025-04-28 20:47:19,630 - INFO - 连接关闭
2025-04-28 20:47:20,638 - INFO - 尝试第1次重连...
2025-04-28 20:47:20,811 - INFO - Websocket connected
2025-04-28 20:47:20,812 - INFO - 连接建立
2025-04-28 20:47:22,653 - INFO - 重连成功
2025-04-28 20:47:22,689 - WARNING - 错误码：10165，信息：invalid handle
2025-04-28 20:47:23,190 - INFO - 连接关闭
2025-04-28 20:47:24,193 - INFO - 尝试第1次重连...
2025-04-28 20:47:24,342 - INFO - Websocket connected
2025-04-28 20:47:24,343 - INFO - 连接建立
2025-04-28 20:47:26,200 - INFO - 重连成功
2025-04-28 20:47:26,232 - WARNING - 错误码：10165，信息：invalid handle
2025-04-28 20:47:26,734 - INFO - 连接关闭
2025-04-28 20:47:27,737 - INFO - 尝试第1次重连...
2025-04-28 20:47:27,866 - INFO - Websocket connected
2025-04-28 20:47:27,867 - INFO - 连接建立
2025-04-28 20:47:29,745 - INFO - 重连成功
2025-04-28 20:47:29,776 - WARNING - 错误码：10165，信息：invalid handle
2025-04-28 20:47:30,276 - INFO - 连接关闭
2025-04-28 20:47:31,283 - INFO - 尝试第1次重连...
2025-04-28 20:47:31,450 - INFO - Websocket connected
2025-04-28 20:47:31,450 - INFO - 连接建立
2025-04-28 20:47:33,297 - INFO - 重连成功
2025-04-28 20:47:33,339 - WARNING - 错误码：10165，信息：invalid handle
2025-04-28 20:47:33,851 - INFO - 连接关闭
2025-04-28 20:47:34,864 - INFO - 尝试第1次重连...
2025-04-28 20:47:35,011 - INFO - Websocket connected
2025-04-28 20:47:35,011 - INFO - 连接建立
2025-04-28 20:47:36,871 - INFO - 重连成功
2025-04-28 20:47:36,914 - WARNING - 错误码：10165，信息：invalid handle
2025-04-28 20:47:37,411 - INFO - 连接关闭
2025-04-28 20:47:38,412 - INFO - 尝试第1次重连...
2025-04-28 20:47:38,624 - INFO - Websocket connected
2025-04-28 20:47:38,625 - INFO - 连接建立
2025-04-28 20:47:40,423 - INFO - 重连成功
2025-04-28 20:47:40,474 - WARNING - 错误码：10165，信息：invalid handle
2025-04-28 20:47:40,972 - INFO - 连接关闭
2025-04-28 20:47:41,977 - INFO - 尝试第1次重连...
2025-04-28 20:47:42,111 - INFO - Websocket connected
2025-04-28 20:47:42,111 - INFO - 连接建立
2025-04-28 20:47:43,982 - INFO - 重连成功
2025-04-28 20:47:44,024 - WARNING - 错误码：10165，信息：invalid handle
2025-04-28 20:47:44,517 - INFO - 连接关闭
2025-04-28 20:47:45,524 - INFO - 尝试第1次重连...
2025-04-28 20:47:45,693 - INFO - Websocket connected
2025-04-28 20:47:45,694 - INFO - 连接建立
2025-04-28 20:47:47,533 - INFO - 重连成功
2025-04-28 20:47:47,574 - WARNING - 错误码：10165，信息：invalid handle
2025-04-28 20:47:48,074 - INFO - 连接关闭
2025-04-28 20:47:49,084 - INFO - 尝试第1次重连...
2025-04-28 20:47:49,231 - INFO - Websocket connected
2025-04-28 20:47:49,232 - INFO - 连接建立
2025-04-28 20:47:51,097 - INFO - 重连成功
2025-04-28 20:47:51,134 - WARNING - 错误码：10165，信息：invalid handle
2025-04-28 20:47:51,634 - INFO - 连接关闭
2025-04-28 20:47:52,647 - INFO - 尝试第1次重连...
2025-04-28 20:47:52,803 - INFO - Websocket connected
2025-04-28 20:47:52,803 - INFO - 连接建立
2025-04-28 20:47:54,659 - INFO - 重连成功
2025-04-28 20:47:54,696 - WARNING - 错误码：10165，信息：invalid handle
2025-04-28 20:47:55,197 - INFO - 连接关闭
2025-04-28 20:47:56,203 - INFO - 尝试第1次重连...
2025-04-28 20:47:56,355 - INFO - Websocket connected
2025-04-28 20:47:56,356 - INFO - 连接建立
2025-04-28 20:47:58,207 - INFO - 重连成功
2025-04-28 20:47:58,244 - WARNING - 错误码：10165，信息：invalid handle
2025-04-28 20:47:58,744 - INFO - 连接关闭
2025-04-28 20:47:59,746 - INFO - 尝试第1次重连...
2025-04-28 20:47:59,897 - INFO - Websocket connected
2025-04-28 20:47:59,897 - INFO - 连接建立
2025-04-28 20:48:01,759 - INFO - 重连成功
2025-04-28 20:48:01,797 - WARNING - 错误码：10165，信息：invalid handle
2025-04-28 20:48:02,296 - INFO - 连接关闭
2025-04-28 20:48:03,302 - INFO - 尝试第1次重连...
2025-04-28 20:48:03,479 - INFO - Websocket connected
2025-04-28 20:48:03,482 - INFO - 连接建立
2025-04-28 20:48:05,316 - INFO - 重连成功
2025-04-28 20:48:05,356 - WARNING - 错误码：10165，信息：invalid handle
2025-04-28 20:48:05,857 - INFO - 连接关闭
2025-04-28 20:48:06,867 - INFO - 尝试第1次重连...
2025-04-28 20:48:07,001 - INFO - Websocket connected
2025-04-28 20:48:07,002 - INFO - 连接建立
2025-04-28 20:48:08,872 - INFO - 重连成功
2025-04-28 20:48:08,912 - WARNING - 错误码：10165，信息：invalid handle
2025-04-28 20:48:09,412 - INFO - 连接关闭
2025-04-28 20:48:10,414 - INFO - 尝试第1次重连...
2025-04-28 20:48:10,560 - INFO - Websocket connected
2025-04-28 20:48:10,561 - INFO - 连接建立
2025-04-28 20:48:12,426 - INFO - 重连成功
2025-04-28 20:48:12,464 - WARNING - 错误码：10165，信息：invalid handle
2025-04-28 20:48:12,964 - INFO - 连接关闭
2025-04-28 20:48:13,968 - INFO - 尝试第1次重连...
2025-04-28 20:48:14,130 - INFO - Websocket connected
2025-04-28 20:48:14,131 - INFO - 连接建立
2025-04-28 20:48:15,970 - INFO - 重连成功
2025-04-28 20:48:16,016 - WARNING - 错误码：10165，信息：invalid handle
2025-04-28 20:48:16,514 - INFO - 连接关闭
2025-04-28 20:48:17,521 - INFO - 尝试第1次重连...
2025-04-28 20:48:17,699 - INFO - Websocket connected
2025-04-28 20:48:17,699 - INFO - 连接建立
2025-04-28 20:48:19,529 - INFO - 重连成功
2025-04-28 20:48:19,570 - WARNING - 错误码：10165，信息：invalid handle
2025-04-28 20:48:20,071 - INFO - 连接关闭
2025-04-28 20:48:21,084 - INFO - 尝试第1次重连...
2025-04-28 20:48:21,268 - INFO - Websocket connected
2025-04-28 20:48:21,269 - INFO - 连接建立
2025-04-28 20:48:23,093 - INFO - 重连成功
2025-04-28 20:48:23,133 - WARNING - 错误码：10165，信息：invalid handle
2025-04-28 20:48:23,641 - INFO - 连接关闭
2025-04-28 20:48:24,651 - INFO - 尝试第1次重连...
2025-04-28 20:48:24,799 - INFO - Websocket connected
2025-04-28 20:48:24,799 - INFO - 连接建立
2025-04-28 20:48:26,666 - INFO - 重连成功
2025-04-28 20:48:26,701 - WARNING - 错误码：10165，信息：invalid handle
2025-04-28 20:48:27,204 - INFO - 连接关闭
2025-04-28 20:48:28,206 - INFO - 尝试第1次重连...
2025-04-28 20:48:28,350 - INFO - Websocket connected
2025-04-28 20:48:28,351 - INFO - 连接建立
2025-04-28 20:48:30,219 - INFO - 重连成功
2025-04-28 20:48:30,263 - WARNING - 错误码：10165，信息：invalid handle
2025-04-28 20:48:30,768 - INFO - 连接关闭
2025-04-28 20:48:31,772 - INFO - 尝试第1次重连...
2025-04-28 20:48:31,931 - INFO - Websocket connected
2025-04-28 20:48:31,932 - INFO - 连接建立
2025-04-28 20:48:33,784 - INFO - 重连成功
2025-04-28 20:48:33,824 - WARNING - 错误码：10165，信息：invalid handle
2025-04-28 20:48:34,331 - INFO - 连接关闭
2025-04-28 20:48:35,338 - INFO - 尝试第1次重连...
2025-04-28 20:48:35,515 - INFO - Websocket connected
2025-04-28 20:48:35,515 - INFO - 连接建立
2025-04-28 20:48:37,348 - INFO - 重连成功
2025-04-28 20:48:37,389 - WARNING - 错误码：10165，信息：invalid handle
2025-04-28 20:48:37,888 - INFO - 连接关闭
2025-04-28 20:48:38,896 - INFO - 尝试第1次重连...
2025-04-28 20:48:39,082 - INFO - Websocket connected
2025-04-28 20:48:39,083 - INFO - 连接建立
2025-04-28 20:48:40,906 - INFO - 重连成功
2025-04-28 20:48:40,943 - WARNING - 错误码：10165，信息：invalid handle
2025-04-28 20:48:41,443 - INFO - 连接关闭
2025-04-28 20:48:42,447 - INFO - 尝试第1次重连...
2025-04-28 20:48:42,612 - INFO - Websocket connected
2025-04-28 20:48:42,612 - INFO - 连接建立
2025-04-28 20:48:44,454 - INFO - 重连成功
2025-04-28 20:48:44,499 - WARNING - 错误码：10165，信息：invalid handle
2025-04-28 20:48:44,999 - INFO - 连接关闭
2025-04-28 20:48:46,005 - INFO - 尝试第1次重连...
2025-04-28 20:48:46,151 - INFO - Websocket connected
2025-04-28 20:48:46,151 - INFO - 连接建立
2025-04-28 20:48:48,012 - INFO - 重连成功
2025-04-28 20:48:48,059 - WARNING - 错误码：10165，信息：invalid handle
2025-04-28 20:48:48,566 - INFO - 连接关闭
2025-04-28 20:48:49,581 - INFO - 尝试第1次重连...
2025-04-28 20:48:49,748 - INFO - Websocket connected
2025-04-28 20:48:49,749 - INFO - 连接建立
2025-04-28 20:48:51,586 - INFO - 重连成功
2025-04-28 20:48:51,626 - WARNING - 错误码：10165，信息：invalid handle
2025-04-28 20:48:52,131 - INFO - 连接关闭
2025-04-28 20:48:53,145 - INFO - 尝试第1次重连...
2025-04-28 20:48:53,299 - INFO - Websocket connected
2025-04-28 20:48:53,299 - INFO - 连接建立
2025-04-28 20:48:55,157 - INFO - 重连成功
2025-04-28 20:48:55,195 - WARNING - 错误码：10165，信息：invalid handle
2025-04-28 20:48:55,697 - INFO - 连接关闭
2025-04-28 20:48:56,713 - INFO - 尝试第1次重连...
2025-04-28 20:48:56,917 - INFO - Websocket connected
2025-04-28 20:48:56,918 - INFO - 连接建立
2025-04-28 20:48:58,722 - INFO - 重连成功
2025-04-28 20:48:58,768 - WARNING - 错误码：10165，信息：invalid handle
2025-04-28 20:48:59,267 - INFO - 连接关闭
2025-04-28 20:49:00,269 - INFO - 尝试第1次重连...
2025-04-28 20:49:00,428 - INFO - Websocket connected
2025-04-28 20:49:00,429 - INFO - 连接建立
2025-04-28 20:49:02,275 - INFO - 重连成功
2025-04-28 20:49:02,312 - WARNING - 错误码：10165，信息：invalid handle
2025-04-28 20:49:02,821 - INFO - 连接关闭
2025-04-28 20:49:03,831 - INFO - 尝试第1次重连...
2025-04-28 20:49:04,094 - INFO - Websocket connected
2025-04-28 20:49:04,094 - INFO - 连接建立
2025-04-28 20:49:05,836 - INFO - 重连成功
2025-04-28 20:49:05,916 - WARNING - 错误码：10165，信息：invalid handle
2025-04-28 20:49:06,400 - INFO - 连接关闭
2025-04-28 20:49:07,404 - INFO - 尝试第1次重连...
2025-04-28 20:49:07,562 - INFO - Websocket connected
2025-04-28 20:49:07,562 - INFO - 连接建立
2025-04-28 20:49:09,420 - INFO - 重连成功
2025-04-28 20:49:09,457 - WARNING - 错误码：10165，信息：invalid handle
2025-04-28 20:49:09,956 - INFO - 连接关闭
2025-04-28 20:49:10,961 - INFO - 尝试第1次重连...
2025-04-28 20:49:11,138 - INFO - Websocket connected
2025-04-28 20:49:11,139 - INFO - 连接建立
2025-04-28 20:49:12,969 - INFO - 重连成功
2025-04-28 20:49:13,007 - WARNING - 错误码：10165，信息：invalid handle
2025-04-28 20:49:13,519 - INFO - 连接关闭
2025-04-28 20:49:14,527 - INFO - 尝试第1次重连...
2025-04-28 20:49:14,682 - INFO - Websocket connected
2025-04-28 20:49:14,683 - INFO - 连接建立
2025-04-28 20:49:16,536 - INFO - 重连成功
2025-04-28 20:49:16,574 - WARNING - 错误码：10165，信息：invalid handle
2025-04-28 20:49:17,076 - INFO - 连接关闭
2025-04-28 20:49:18,078 - INFO - 尝试第1次重连...
2025-04-28 20:49:18,247 - INFO - Websocket connected
2025-04-28 20:49:18,248 - INFO - 连接建立
2025-04-28 20:49:20,086 - INFO - 重连成功
2025-04-28 20:49:20,126 - WARNING - 错误码：10165，信息：invalid handle
2025-04-28 20:49:20,624 - INFO - 连接关闭
2025-04-28 20:49:21,638 - INFO - 尝试第1次重连...
2025-04-28 20:49:21,804 - INFO - Websocket connected
2025-04-28 20:49:21,806 - INFO - 连接建立
2025-04-28 20:49:23,651 - INFO - 重连成功
2025-04-28 20:49:23,817 - WARNING - 错误码：10165，信息：invalid handle
2025-04-28 20:49:24,299 - INFO - 连接关闭
2025-04-28 20:49:25,311 - INFO - 尝试第1次重连...
2025-04-28 20:49:25,561 - INFO - Websocket connected
2025-04-28 20:49:25,561 - INFO - 连接建立
2025-04-28 20:49:27,319 - INFO - 重连成功
2025-04-28 20:49:27,359 - WARNING - 错误码：10165，信息：invalid handle
2025-04-28 20:49:27,858 - INFO - 连接关闭
2025-04-28 20:49:28,874 - INFO - 尝试第1次重连...
2025-04-28 20:49:29,038 - INFO - Websocket connected
2025-04-28 20:49:29,039 - INFO - 连接建立
2025-04-28 20:49:30,881 - INFO - 重连成功
2025-04-28 20:49:30,917 - WARNING - 错误码：10165，信息：invalid handle
2025-04-28 20:49:31,418 - INFO - 连接关闭
2025-04-28 20:49:32,421 - INFO - 尝试第1次重连...
2025-04-28 20:49:32,571 - INFO - Websocket connected
2025-04-28 20:49:32,572 - INFO - 连接建立
2025-04-28 20:49:34,428 - INFO - 重连成功
2025-04-28 20:49:34,463 - WARNING - 错误码：10165，信息：invalid handle
2025-04-28 20:49:34,965 - INFO - 连接关闭
2025-04-28 20:49:35,979 - INFO - 尝试第1次重连...
2025-04-28 20:49:36,146 - INFO - Websocket connected
2025-04-28 20:49:36,147 - INFO - 连接建立
2025-04-28 20:49:37,987 - INFO - 重连成功
2025-04-28 20:49:38,026 - WARNING - 错误码：10165，信息：invalid handle
2025-04-28 20:49:38,526 - INFO - 连接关闭
2025-04-28 20:49:39,542 - INFO - 尝试第1次重连...
2025-04-28 20:49:39,710 - INFO - Websocket connected
2025-04-28 20:49:39,710 - INFO - 连接建立
2025-04-28 20:49:41,554 - INFO - 重连成功
2025-04-28 20:49:41,594 - WARNING - 错误码：10165，信息：invalid handle
2025-04-28 20:49:42,097 - INFO - 连接关闭
2025-04-28 20:49:43,109 - INFO - 尝试第1次重连...
2025-04-28 20:49:43,262 - INFO - Websocket connected
2025-04-28 20:49:43,263 - INFO - 连接建立
2025-04-28 20:49:45,125 - INFO - 重连成功
2025-04-28 20:49:45,162 - WARNING - 错误码：10165，信息：invalid handle
2025-04-28 20:49:45,663 - INFO - 连接关闭
2025-04-28 20:49:46,665 - INFO - 尝试第1次重连...
2025-04-28 20:49:46,804 - INFO - Websocket connected
2025-04-28 20:49:46,804 - INFO - 连接建立
2025-04-28 20:49:48,674 - INFO - 重连成功
2025-04-28 20:49:48,708 - WARNING - 错误码：10165，信息：invalid handle
2025-04-28 20:49:49,207 - INFO - 连接关闭
2025-04-28 20:49:50,212 - INFO - 尝试第1次重连...
2025-04-28 20:49:50,364 - INFO - Websocket connected
2025-04-28 20:49:50,364 - INFO - 连接建立
2025-04-28 20:49:52,226 - INFO - 重连成功
2025-04-28 20:49:52,262 - WARNING - 错误码：10165，信息：invalid handle
2025-04-28 20:49:52,762 - INFO - 连接关闭
2025-04-28 20:49:53,771 - INFO - 尝试第1次重连...
2025-04-28 20:49:53,921 - INFO - Websocket connected
2025-04-28 20:49:53,921 - INFO - 连接建立
2025-04-28 20:49:55,784 - INFO - 重连成功
2025-04-28 20:49:55,817 - WARNING - 错误码：10165，信息：invalid handle
2025-04-28 20:49:56,317 - INFO - 连接关闭
2025-04-28 20:49:57,323 - INFO - 尝试第1次重连...
2025-04-28 20:49:57,488 - INFO - Websocket connected
2025-04-28 20:49:57,489 - INFO - 连接建立
2025-04-28 20:49:59,331 - INFO - 重连成功
2025-04-28 20:49:59,372 - WARNING - 错误码：10165，信息：invalid handle
2025-04-28 20:49:59,872 - INFO - 连接关闭
2025-04-28 20:50:00,878 - INFO - 尝试第1次重连...
2025-04-28 20:50:01,020 - INFO - Websocket connected
2025-04-28 20:50:01,021 - INFO - 连接建立
2025-04-28 20:50:02,883 - INFO - 重连成功
2025-04-28 20:50:02,918 - WARNING - 错误码：10165，信息：invalid handle
2025-04-28 20:50:03,418 - INFO - 连接关闭
2025-04-28 20:50:04,420 - INFO - 尝试第1次重连...
2025-04-28 20:50:04,564 - INFO - Websocket connected
2025-04-28 20:50:04,564 - INFO - 连接建立
2025-04-28 20:50:06,427 - INFO - 重连成功
2025-04-28 20:50:06,463 - WARNING - 错误码：10165，信息：invalid handle
2025-04-28 20:50:06,962 - INFO - 连接关闭
2025-04-28 20:50:07,966 - INFO - 尝试第1次重连...
2025-04-28 20:50:08,120 - INFO - Websocket connected
2025-04-28 20:50:08,121 - INFO - 连接建立
2025-04-28 20:50:09,978 - INFO - 重连成功
2025-04-28 20:50:10,016 - WARNING - 错误码：10165，信息：invalid handle
2025-04-28 20:50:10,519 - INFO - 连接关闭
2025-04-28 20:50:11,523 - INFO - 尝试第1次重连...
2025-04-28 20:50:11,677 - INFO - Websocket connected
2025-04-28 20:50:11,677 - INFO - 连接建立
2025-04-28 20:50:13,536 - INFO - 重连成功
2025-04-28 20:50:13,576 - WARNING - 错误码：10165，信息：invalid handle
2025-04-28 20:50:14,076 - INFO - 连接关闭
2025-04-28 20:50:15,089 - INFO - 尝试第1次重连...
2025-04-28 20:50:15,235 - INFO - Websocket connected
2025-04-28 20:50:15,235 - INFO - 连接建立
2025-04-28 20:50:17,100 - INFO - 重连成功
2025-04-28 20:50:17,131 - WARNING - 错误码：10165，信息：invalid handle
2025-04-28 20:50:17,632 - INFO - 连接关闭
2025-04-28 20:50:18,637 - INFO - 尝试第1次重连...
2025-04-28 20:50:18,786 - INFO - Websocket connected
2025-04-28 20:50:18,787 - INFO - 连接建立
2025-04-28 20:50:20,644 - INFO - 重连成功
2025-04-28 20:50:20,679 - WARNING - 错误码：10165，信息：invalid handle
2025-04-28 20:50:21,179 - INFO - 连接关闭
2025-04-28 20:50:22,190 - INFO - 尝试第1次重连...
2025-04-28 20:50:22,345 - INFO - Websocket connected
2025-04-28 20:50:22,345 - INFO - 连接建立
2025-04-28 20:50:24,199 - INFO - 重连成功
2025-04-28 20:50:24,236 - WARNING - 错误码：10165，信息：invalid handle
2025-04-28 20:50:24,737 - INFO - 连接关闭
2025-04-28 20:50:25,741 - INFO - 尝试第1次重连...
2025-04-28 20:50:26,010 - INFO - Websocket connected
2025-04-28 20:50:26,010 - INFO - 连接建立
2025-04-28 20:50:27,745 - INFO - 重连成功
2025-04-28 20:50:27,789 - WARNING - 错误码：10165，信息：invalid handle
2025-04-28 20:50:28,289 - INFO - 连接关闭
2025-04-28 20:50:29,293 - INFO - 尝试第1次重连...
2025-04-28 20:50:29,466 - INFO - Websocket connected
2025-04-28 20:50:29,467 - INFO - 连接建立
2025-04-28 20:50:31,296 - INFO - 重连成功
2025-04-28 20:50:31,333 - WARNING - 错误码：10165，信息：invalid handle
2025-04-28 20:50:31,833 - INFO - 连接关闭
2025-04-28 20:50:32,839 - INFO - 尝试第1次重连...
2025-04-28 20:50:33,001 - INFO - Websocket connected
2025-04-28 20:50:33,002 - INFO - 连接建立
2025-04-28 20:50:34,853 - INFO - 重连成功
2025-04-28 20:50:34,895 - WARNING - 错误码：10165，信息：invalid handle
2025-04-28 20:50:35,396 - INFO - 连接关闭
2025-04-28 20:50:36,407 - INFO - 尝试第1次重连...
2025-04-28 20:50:36,562 - INFO - Websocket connected
2025-04-28 20:50:36,564 - INFO - 连接建立
2025-04-28 20:50:38,417 - INFO - 重连成功
2025-04-28 20:50:38,459 - WARNING - 错误码：10165，信息：invalid handle
2025-04-28 20:50:38,963 - INFO - 连接关闭
2025-04-28 20:50:39,973 - INFO - 尝试第1次重连...
2025-04-28 20:50:40,141 - INFO - Websocket connected
2025-04-28 20:50:40,141 - INFO - 连接建立
2025-04-28 20:50:41,975 - INFO - 重连成功
2025-04-28 20:50:42,024 - WARNING - 错误码：10165，信息：invalid handle
2025-04-28 20:50:42,526 - INFO - 连接关闭
2025-04-28 20:50:43,532 - INFO - 尝试第1次重连...
2025-04-28 20:50:43,693 - INFO - Websocket connected
2025-04-28 20:50:43,693 - INFO - 连接建立
2025-04-28 20:50:45,543 - INFO - 重连成功
2025-04-28 20:50:45,582 - WARNING - 错误码：10165，信息：invalid handle
2025-04-28 20:50:46,082 - INFO - 连接关闭
2025-04-28 20:50:47,086 - INFO - 尝试第1次重连...
2025-04-28 20:50:47,264 - INFO - Websocket connected
2025-04-28 20:50:47,264 - INFO - 连接建立
2025-04-28 20:50:49,098 - INFO - 重连成功
2025-04-28 20:50:49,139 - WARNING - 错误码：10165，信息：invalid handle
2025-04-28 20:50:49,640 - INFO - 连接关闭
2025-04-28 20:50:50,655 - INFO - 尝试第1次重连...
2025-04-28 20:50:50,818 - INFO - Websocket connected
2025-04-28 20:50:50,818 - INFO - 连接建立
2025-04-28 20:50:52,658 - INFO - 重连成功
2025-04-28 20:50:52,698 - WARNING - 错误码：10165，信息：invalid handle
2025-04-28 20:50:53,198 - INFO - 连接关闭
2025-04-28 20:50:54,202 - INFO - 尝试第1次重连...
2025-04-28 20:50:54,373 - INFO - Websocket connected
2025-04-28 20:50:54,374 - INFO - 连接建立
2025-04-28 20:50:56,207 - INFO - 重连成功
2025-04-28 20:50:56,249 - WARNING - 错误码：10165，信息：invalid handle
2025-04-28 20:50:56,747 - INFO - 连接关闭
2025-04-28 20:50:57,759 - INFO - 尝试第1次重连...
2025-04-28 20:50:57,922 - INFO - Websocket connected
2025-04-28 20:50:57,922 - INFO - 连接建立
2025-04-28 20:50:59,764 - INFO - 重连成功
2025-04-28 20:50:59,811 - WARNING - 错误码：10165，信息：invalid handle
2025-04-28 20:51:00,307 - INFO - 连接关闭
2025-04-28 20:51:01,317 - INFO - 尝试第1次重连...
2025-04-28 20:51:01,475 - INFO - Websocket connected
2025-04-28 20:51:01,476 - INFO - 连接建立
2025-04-28 20:51:03,323 - INFO - 重连成功
2025-04-28 20:51:03,361 - WARNING - 错误码：10165，信息：invalid handle
2025-04-28 20:51:03,864 - INFO - 连接关闭
2025-04-28 20:51:04,868 - INFO - 尝试第1次重连...
2025-04-28 20:51:05,030 - INFO - Websocket connected
2025-04-28 20:51:05,031 - INFO - 连接建立
2025-04-28 20:51:06,874 - INFO - 重连成功
2025-04-28 20:51:06,911 - WARNING - 错误码：10165，信息：invalid handle
2025-04-28 20:51:07,411 - INFO - 连接关闭
2025-04-28 20:51:08,416 - INFO - 尝试第1次重连...
2025-04-28 20:51:08,561 - INFO - Websocket connected
2025-04-28 20:51:08,561 - INFO - 连接建立
2025-04-28 20:51:10,425 - INFO - 重连成功
2025-04-28 20:51:10,456 - WARNING - 错误码：10165，信息：invalid handle
2025-04-28 20:51:10,956 - INFO - 连接关闭
2025-04-28 20:51:11,964 - INFO - 尝试第1次重连...
2025-04-28 20:51:12,105 - INFO - Websocket connected
2025-04-28 20:51:12,106 - INFO - 连接建立
2025-04-28 20:51:13,969 - INFO - 重连成功
2025-04-28 20:51:14,005 - WARNING - 错误码：10165，信息：invalid handle
2025-04-28 20:51:14,537 - INFO - 连接关闭
2025-04-28 20:51:15,543 - INFO - 尝试第1次重连...
2025-04-28 20:51:15,690 - INFO - Websocket connected
2025-04-28 20:51:15,691 - INFO - 连接建立
2025-04-28 20:51:17,547 - INFO - 重连成功
2025-04-28 20:51:17,577 - WARNING - 检测到连接丢失，尝试恢复...
2025-04-28 20:51:17,585 - WARNING - 错误码：10165，信息：invalid handle
2025-04-28 20:51:18,080 - INFO - 连接关闭
2025-04-28 20:51:18,590 - INFO - 尝试第1次重连...
2025-04-28 20:51:18,776 - INFO - Websocket connected
2025-04-28 20:51:18,777 - INFO - 连接建立
2025-04-28 20:51:19,090 - INFO - 尝试第1次重连...
2025-04-28 20:51:20,601 - INFO - 重连成功
2025-04-28 20:51:20,642 - INFO - 连接关闭
2025-04-28 20:51:21,318 - INFO - Websocket connected
2025-04-28 20:51:21,318 - INFO - 连接建立
2025-04-28 20:51:23,153 - INFO - 重连成功
2025-04-28 20:51:23,197 - WARNING - 错误码：10165，信息：invalid handle
2025-04-28 20:51:23,697 - INFO - 连接关闭
2025-04-28 20:51:24,711 - INFO - 尝试第1次重连...
2025-04-28 20:51:24,867 - INFO - Websocket connected
2025-04-28 20:51:24,867 - INFO - 连接建立
2025-04-28 20:51:26,718 - INFO - 重连成功
2025-04-28 20:51:26,754 - WARNING - 错误码：10165，信息：invalid handle
2025-04-28 20:51:27,254 - INFO - 连接关闭
2025-04-28 20:51:28,269 - INFO - 尝试第1次重连...
2025-04-28 20:51:28,442 - INFO - Websocket connected
2025-04-28 20:51:28,443 - INFO - 连接建立
2025-04-28 20:51:30,284 - INFO - 重连成功
2025-04-28 20:51:30,326 - WARNING - 错误码：10165，信息：invalid handle
2025-04-28 20:51:30,827 - INFO - 连接关闭
2025-04-28 20:51:31,836 - INFO - 尝试第1次重连...
2025-04-28 20:51:32,013 - INFO - Websocket connected
2025-04-28 20:51:32,013 - INFO - 连接建立
2025-04-28 20:51:33,849 - INFO - 重连成功
2025-04-28 20:51:33,887 - WARNING - 错误码：10165，信息：invalid handle
2025-04-28 20:51:34,389 - INFO - 连接关闭
2025-04-28 20:51:35,390 - INFO - 尝试第1次重连...
2025-04-28 20:51:35,568 - INFO - Websocket connected
2025-04-28 20:51:35,569 - INFO - 连接建立
2025-04-28 20:51:37,397 - INFO - 重连成功
2025-04-28 20:51:37,443 - WARNING - 错误码：10165，信息：invalid handle
2025-04-28 20:51:37,941 - INFO - 连接关闭
2025-04-28 20:51:38,951 - INFO - 尝试第1次重连...
2025-04-28 20:51:39,123 - INFO - Websocket connected
2025-04-28 20:51:39,123 - INFO - 连接建立
2025-04-28 20:51:40,957 - INFO - 重连成功
2025-04-28 20:51:40,997 - WARNING - 错误码：10165，信息：invalid handle
2025-04-28 20:51:41,496 - INFO - 连接关闭
2025-04-28 20:51:42,507 - INFO - 尝试第1次重连...
2025-04-28 20:51:42,694 - INFO - Websocket connected
2025-04-28 20:51:42,696 - INFO - 连接建立
2025-04-28 20:51:44,518 - INFO - 重连成功
2025-04-28 20:51:44,561 - WARNING - 错误码：10165，信息：invalid handle
2025-04-28 20:51:45,060 - INFO - 连接关闭
2025-04-28 20:51:46,070 - INFO - 尝试第1次重连...
2025-04-28 20:51:46,249 - INFO - Websocket connected
2025-04-28 20:51:46,249 - INFO - 连接建立
2025-04-28 20:51:48,075 - INFO - 重连成功
2025-04-28 20:51:48,126 - WARNING - 错误码：10165，信息：invalid handle
2025-04-28 20:51:48,624 - INFO - 连接关闭
2025-04-28 20:51:49,628 - INFO - 尝试第1次重连...
2025-04-28 20:51:49,809 - INFO - Websocket connected
2025-04-28 20:51:49,809 - INFO - 连接建立
2025-04-28 20:51:51,643 - INFO - 重连成功
2025-04-28 20:51:51,684 - WARNING - 错误码：10165，信息：invalid handle
2025-04-28 20:51:52,184 - INFO - 连接关闭
2025-04-28 20:51:53,197 - INFO - 尝试第1次重连...
2025-04-28 20:51:53,376 - INFO - Websocket connected
2025-04-28 20:51:53,376 - INFO - 连接建立
2025-04-28 20:51:55,200 - INFO - 重连成功
2025-04-28 20:51:55,244 - WARNING - 错误码：10165，信息：invalid handle
2025-04-28 20:51:55,745 - INFO - 连接关闭
2025-04-28 20:51:56,753 - INFO - 尝试第1次重连...
2025-04-28 20:51:56,913 - INFO - Websocket connected
2025-04-28 20:51:56,914 - INFO - 连接建立
2025-04-28 20:51:58,756 - INFO - 重连成功
2025-04-28 20:51:58,794 - WARNING - 错误码：10165，信息：invalid handle
2025-04-28 20:51:59,299 - INFO - 连接关闭
2025-04-28 20:52:00,314 - INFO - 尝试第1次重连...
2025-04-28 20:52:00,464 - INFO - Websocket connected
2025-04-28 20:52:00,464 - INFO - 连接建立
2025-04-28 20:52:02,324 - INFO - 重连成功
2025-04-28 20:52:02,359 - WARNING - 错误码：10165，信息：invalid handle
2025-04-28 20:52:02,861 - INFO - 连接关闭
2025-04-28 20:52:03,869 - INFO - 尝试第1次重连...
2025-04-28 20:52:04,033 - INFO - Websocket connected
2025-04-28 20:52:04,033 - INFO - 连接建立
2025-04-28 20:52:05,873 - INFO - 重连成功
2025-04-28 20:52:05,912 - WARNING - 错误码：10165，信息：invalid handle
2025-04-28 20:52:06,413 - INFO - 连接关闭
2025-04-28 20:52:07,414 - INFO - 尝试第1次重连...
2025-04-28 20:52:07,588 - INFO - Websocket connected
2025-04-28 20:52:07,588 - INFO - 连接建立
2025-04-28 20:52:09,420 - INFO - 重连成功
2025-04-28 20:52:09,457 - WARNING - 错误码：10165，信息：invalid handle
2025-04-28 20:52:09,959 - INFO - 连接关闭
2025-04-28 20:52:10,962 - INFO - 尝试第1次重连...
2025-04-28 20:52:11,106 - INFO - Websocket connected
2025-04-28 20:52:11,106 - INFO - 连接建立
2025-04-28 20:52:12,979 - INFO - 重连成功
2025-04-28 20:52:13,012 - WARNING - 错误码：10165，信息：invalid handle
2025-04-28 20:52:13,512 - INFO - 连接关闭
2025-04-28 20:52:14,527 - INFO - 尝试第1次重连...
2025-04-28 20:52:14,692 - INFO - Websocket connected
2025-04-28 20:52:14,693 - INFO - 连接建立
2025-04-28 20:52:16,535 - INFO - 重连成功
2025-04-28 20:52:16,572 - WARNING - 错误码：10165，信息：invalid handle
2025-04-28 20:52:17,072 - INFO - 连接关闭
2025-04-28 20:52:18,080 - INFO - 尝试第1次重连...
2025-04-28 20:52:18,240 - INFO - Websocket connected
2025-04-28 20:52:18,240 - INFO - 连接建立
2025-04-28 20:52:20,097 - INFO - 重连成功
2025-04-28 20:52:20,135 - WARNING - 错误码：10165，信息：invalid handle
2025-04-28 20:52:20,634 - INFO - 连接关闭
2025-04-28 20:52:21,643 - INFO - 尝试第1次重连...
2025-04-28 20:52:21,801 - INFO - Websocket connected
2025-04-28 20:52:21,802 - INFO - 连接建立
2025-04-28 20:52:23,648 - INFO - 重连成功
2025-04-28 20:52:23,681 - WARNING - 错误码：10165，信息：invalid handle
2025-04-28 20:52:24,181 - INFO - 连接关闭
2025-04-28 20:52:25,196 - INFO - 尝试第1次重连...
2025-04-28 20:52:25,362 - INFO - Websocket connected
2025-04-28 20:52:25,363 - INFO - 连接建立
2025-04-28 20:52:27,212 - INFO - 重连成功
2025-04-28 20:52:27,272 - WARNING - 错误码：10165，信息：invalid handle
2025-04-28 20:52:27,770 - INFO - 连接关闭
2025-04-28 20:52:28,778 - INFO - 尝试第1次重连...
2025-04-28 20:52:29,073 - INFO - Websocket connected
2025-04-28 20:52:29,073 - INFO - 连接建立
2025-04-28 20:52:30,790 - INFO - 重连成功
2025-04-28 20:52:30,827 - WARNING - 错误码：10165，信息：invalid handle
2025-04-28 20:52:31,328 - INFO - 连接关闭
2025-04-28 20:52:32,330 - INFO - 尝试第1次重连...
2025-04-28 20:52:32,497 - INFO - Websocket connected
2025-04-28 20:52:32,499 - INFO - 连接建立
2025-04-28 20:52:34,333 - INFO - 重连成功
2025-04-28 20:52:34,374 - WARNING - 错误码：10165，信息：invalid handle
2025-04-28 20:52:34,873 - INFO - 连接关闭
2025-04-28 20:52:35,882 - INFO - 尝试第1次重连...
2025-04-28 20:52:36,030 - INFO - Websocket connected
2025-04-28 20:52:36,031 - INFO - 连接建立
2025-04-28 20:52:37,893 - INFO - 重连成功
2025-04-28 20:52:37,929 - WARNING - 错误码：10165，信息：invalid handle
2025-04-28 20:52:38,428 - INFO - 连接关闭
2025-04-28 20:52:39,438 - INFO - 尝试第1次重连...
2025-04-28 20:52:39,599 - INFO - Websocket connected
2025-04-28 20:52:39,600 - INFO - 连接建立
2025-04-28 20:52:41,448 - INFO - 重连成功
2025-04-28 20:52:41,485 - WARNING - 错误码：10165，信息：invalid handle
2025-04-28 20:52:41,985 - INFO - 连接关闭
2025-04-28 20:52:43,000 - INFO - 尝试第1次重连...
2025-04-28 20:52:43,171 - INFO - Websocket connected
2025-04-28 20:52:43,172 - INFO - 连接建立
2025-04-28 20:52:45,012 - INFO - 重连成功
2025-04-28 20:52:45,051 - WARNING - 错误码：10165，信息：invalid handle
2025-04-28 20:52:45,549 - INFO - 连接关闭
2025-04-28 20:52:46,553 - INFO - 尝试第1次重连...
2025-04-28 20:52:46,734 - INFO - Websocket connected
2025-04-28 20:52:46,734 - INFO - 连接建立
2025-04-28 20:52:48,565 - INFO - 重连成功
2025-04-28 20:52:48,605 - WARNING - 错误码：10165，信息：invalid handle
2025-04-28 20:52:49,116 - INFO - 连接关闭
2025-04-28 20:52:50,131 - INFO - 尝试第1次重连...
2025-04-28 20:52:50,331 - INFO - Websocket connected
2025-04-28 20:52:50,332 - INFO - 连接建立
2025-04-28 20:52:52,136 - INFO - 重连成功
2025-04-28 20:52:52,173 - WARNING - 错误码：10165，信息：invalid handle
2025-04-28 20:52:52,673 - INFO - 连接关闭
2025-04-28 20:52:53,683 - INFO - 尝试第1次重连...
2025-04-28 20:52:53,844 - INFO - Websocket connected
2025-04-28 20:52:53,845 - INFO - 连接建立
2025-04-28 20:52:55,688 - INFO - 重连成功
2025-04-28 20:52:55,727 - WARNING - 错误码：10165，信息：invalid handle
2025-04-28 20:52:56,229 - INFO - 连接关闭
2025-04-28 20:52:57,243 - INFO - 尝试第1次重连...
2025-04-28 20:52:57,394 - INFO - Websocket connected
2025-04-28 20:52:57,395 - INFO - 连接建立
2025-04-28 20:52:59,245 - INFO - 重连成功
2025-04-28 20:52:59,283 - WARNING - 错误码：10165，信息：invalid handle
2025-04-28 20:52:59,782 - INFO - 连接关闭
2025-04-28 20:53:00,797 - INFO - 尝试第1次重连...
2025-04-28 20:53:00,963 - INFO - Websocket connected
2025-04-28 20:53:00,964 - INFO - 连接建立
2025-04-28 20:53:02,806 - INFO - 重连成功
2025-04-28 20:53:02,848 - WARNING - 错误码：10165，信息：invalid handle
2025-04-28 20:53:03,345 - INFO - 连接关闭
2025-04-28 20:53:04,361 - INFO - 尝试第1次重连...
2025-04-28 20:53:04,517 - INFO - Websocket connected
2025-04-28 20:53:04,517 - INFO - 连接建立
2025-04-28 20:53:06,375 - INFO - 重连成功
2025-04-28 20:53:06,415 - WARNING - 错误码：10165，信息：invalid handle
2025-04-28 20:53:06,913 - INFO - 连接关闭
2025-04-28 20:53:07,921 - INFO - 尝试第1次重连...
2025-04-28 20:53:08,107 - INFO - Websocket connected
2025-04-28 20:53:08,107 - INFO - 连接建立
2025-04-28 20:53:09,924 - INFO - 重连成功
2025-04-28 20:53:09,966 - WARNING - 错误码：10165，信息：invalid handle
2025-04-28 20:53:10,466 - INFO - 连接关闭
2025-04-28 20:53:11,481 - INFO - 尝试第1次重连...
2025-04-28 20:53:11,653 - INFO - Websocket connected
2025-04-28 20:53:11,653 - INFO - 连接建立
2025-04-28 20:53:13,495 - INFO - 重连成功
2025-04-28 20:53:13,537 - WARNING - 错误码：10165，信息：invalid handle
2025-04-28 20:53:14,038 - INFO - 连接关闭
2025-04-28 20:53:15,048 - INFO - 尝试第1次重连...
2025-04-28 20:53:15,223 - INFO - Websocket connected
2025-04-28 20:53:15,224 - INFO - 连接建立
2025-04-28 20:53:17,065 - INFO - 重连成功
2025-04-28 20:53:17,107 - WARNING - 错误码：10165，信息：invalid handle
2025-04-28 20:53:17,606 - INFO - 连接关闭
2025-04-28 20:53:18,620 - INFO - 尝试第1次重连...
2025-04-28 20:53:18,791 - INFO - Websocket connected
2025-04-28 20:53:18,792 - INFO - 连接建立
2025-04-28 20:53:20,635 - INFO - 重连成功
2025-04-28 20:53:20,678 - WARNING - 错误码：10165，信息：invalid handle
2025-04-28 20:53:21,179 - INFO - 连接关闭
2025-04-28 20:53:22,184 - INFO - 尝试第1次重连...
2025-04-28 20:53:22,359 - INFO - Websocket connected
2025-04-28 20:53:22,359 - INFO - 连接建立
2025-04-28 20:53:24,198 - INFO - 重连成功
2025-04-28 20:53:24,242 - WARNING - 错误码：10165，信息：invalid handle
2025-04-28 20:53:24,742 - INFO - 连接关闭
2025-04-28 20:53:25,751 - INFO - 尝试第1次重连...
2025-04-28 20:53:25,935 - INFO - Websocket connected
2025-04-28 20:53:25,936 - INFO - 连接建立
2025-04-28 20:53:27,764 - INFO - 重连成功
2025-04-28 20:53:27,806 - WARNING - 错误码：10165，信息：invalid handle
2025-04-28 20:53:28,309 - INFO - 连接关闭
2025-04-28 20:53:29,354 - INFO - 尝试第1次重连...
2025-04-28 20:53:29,524 - INFO - Websocket connected
2025-04-28 20:53:29,524 - INFO - 连接建立
2025-04-28 20:53:31,366 - INFO - 重连成功
2025-04-28 20:53:31,408 - WARNING - 错误码：10165，信息：invalid handle
2025-04-28 20:53:31,908 - INFO - 连接关闭
2025-04-28 20:53:32,921 - INFO - 尝试第1次重连...
2025-04-28 20:53:33,098 - INFO - Websocket connected
2025-04-28 20:53:33,099 - INFO - 连接建立
2025-04-28 20:53:34,927 - INFO - 重连成功
2025-04-28 20:53:34,973 - WARNING - 错误码：10165，信息：invalid handle
2025-04-28 20:53:35,474 - INFO - 连接关闭
2025-04-28 20:53:36,479 - INFO - 尝试第1次重连...
2025-04-28 20:53:36,652 - INFO - Websocket connected
2025-04-28 20:53:36,653 - INFO - 连接建立
2025-04-28 20:53:38,493 - INFO - 重连成功
2025-04-28 20:53:38,533 - WARNING - 错误码：10165，信息：invalid handle
2025-04-28 20:53:39,038 - INFO - 连接关闭
2025-04-28 20:53:40,049 - INFO - 尝试第1次重连...
2025-04-28 20:53:40,230 - INFO - Websocket connected
2025-04-28 20:53:40,230 - INFO - 连接建立
2025-04-28 20:53:42,058 - INFO - 重连成功
2025-04-28 20:53:42,099 - WARNING - 错误码：10165，信息：invalid handle
2025-04-28 20:53:42,600 - INFO - 连接关闭
2025-04-28 20:53:43,615 - INFO - 尝试第1次重连...
2025-04-28 20:53:43,798 - INFO - Websocket connected
2025-04-28 20:53:43,799 - INFO - 连接建立
2025-04-28 20:53:45,617 - INFO - 重连成功
2025-04-28 20:53:45,666 - WARNING - 错误码：10165，信息：invalid handle
2025-04-28 20:53:46,167 - INFO - 连接关闭
2025-04-28 20:53:47,169 - INFO - 尝试第1次重连...
2025-04-28 20:53:47,327 - INFO - Websocket connected
2025-04-28 20:53:47,327 - INFO - 连接建立
2025-04-28 20:53:49,179 - INFO - 重连成功
2025-04-28 20:53:49,229 - WARNING - 错误码：10165，信息：invalid handle
2025-04-28 20:53:49,725 - INFO - 连接关闭
2025-04-28 20:53:50,732 - INFO - 尝试第1次重连...
2025-04-28 20:53:50,902 - INFO - Websocket connected
2025-04-28 20:53:50,902 - INFO - 连接建立
2025-04-28 20:53:52,739 - INFO - 重连成功
2025-04-28 20:53:52,782 - WARNING - 错误码：10165，信息：invalid handle
2025-04-28 20:53:53,282 - INFO - 连接关闭
2025-04-28 20:53:54,292 - INFO - 尝试第1次重连...
2025-04-28 20:53:54,461 - INFO - Websocket connected
2025-04-28 20:53:54,462 - INFO - 连接建立
2025-04-28 20:53:56,295 - INFO - 重连成功
2025-04-28 20:53:56,336 - WARNING - 错误码：10165，信息：invalid handle
2025-04-28 20:53:56,837 - INFO - 连接关闭
2025-04-28 20:53:57,851 - INFO - 尝试第1次重连...
2025-04-28 20:53:58,003 - INFO - Websocket connected
2025-04-28 20:53:58,004 - INFO - 连接建立
2025-04-28 20:53:59,855 - INFO - 重连成功
2025-04-28 20:53:59,893 - WARNING - 错误码：10165，信息：invalid handle
2025-04-28 20:54:00,395 - INFO - 连接关闭
2025-04-28 20:54:01,411 - INFO - 尝试第1次重连...
2025-04-28 20:54:01,573 - INFO - Websocket connected
2025-04-28 20:54:01,574 - INFO - 连接建立
2025-04-28 20:54:03,416 - INFO - 重连成功
2025-04-28 20:54:03,451 - WARNING - 错误码：10165，信息：invalid handle
2025-04-28 20:54:03,954 - INFO - 连接关闭
2025-04-28 20:54:04,960 - INFO - 尝试第1次重连...
2025-04-28 20:54:05,134 - INFO - Websocket connected
2025-04-28 20:54:05,135 - INFO - 连接建立
2025-04-28 20:54:06,965 - INFO - 重连成功
2025-04-28 20:54:07,002 - WARNING - 错误码：10165，信息：invalid handle
2025-04-28 20:54:07,502 - INFO - 连接关闭
2025-04-28 20:54:08,506 - INFO - 尝试第1次重连...
2025-04-28 20:54:08,664 - INFO - Websocket connected
2025-04-28 20:54:08,665 - INFO - 连接建立
2025-04-28 20:54:10,510 - INFO - 重连成功
2025-04-28 20:54:10,549 - WARNING - 错误码：10165，信息：invalid handle
2025-04-28 20:54:11,048 - INFO - 连接关闭
2025-04-28 20:54:12,062 - INFO - 尝试第1次重连...
2025-04-28 20:54:12,206 - INFO - Websocket connected
2025-04-28 20:54:12,207 - INFO - 连接建立
2025-04-28 20:54:14,074 - INFO - 重连成功
2025-04-28 20:54:14,115 - WARNING - 错误码：10165，信息：invalid handle
2025-04-28 20:54:14,614 - INFO - 连接关闭
2025-04-28 20:54:15,629 - INFO - 尝试第1次重连...
2025-04-28 20:54:15,793 - INFO - Websocket connected
2025-04-28 20:54:15,794 - INFO - 连接建立
2025-04-28 20:54:17,637 - INFO - 重连成功
2025-04-28 20:54:17,676 - WARNING - 错误码：10165，信息：invalid handle
2025-04-28 20:54:18,175 - INFO - 连接关闭
2025-04-28 20:54:19,183 - INFO - 尝试第1次重连...
2025-04-28 20:54:19,366 - INFO - Websocket connected
2025-04-28 20:54:19,367 - INFO - 连接建立
2025-04-28 20:54:21,187 - INFO - 重连成功
2025-04-28 20:54:21,227 - WARNING - 错误码：10165，信息：invalid handle
2025-04-28 20:54:21,726 - INFO - 连接关闭
2025-04-28 20:54:22,737 - INFO - 尝试第1次重连...
2025-04-28 20:54:22,889 - INFO - Websocket connected
2025-04-28 20:54:22,891 - INFO - 连接建立
2025-04-28 20:54:24,740 - INFO - 重连成功
2025-04-28 20:54:24,780 - WARNING - 错误码：10165，信息：invalid handle
2025-04-28 20:54:25,314 - INFO - 连接关闭
2025-04-28 20:54:26,322 - INFO - 尝试第1次重连...
2025-04-28 20:54:26,625 - INFO - Websocket connected
2025-04-28 20:54:26,625 - INFO - 连接建立
2025-04-28 20:54:28,330 - INFO - 重连成功
2025-04-28 20:54:28,370 - WARNING - 错误码：10165，信息：invalid handle
2025-04-28 20:54:28,871 - INFO - 连接关闭
2025-04-28 20:54:29,883 - INFO - 尝试第1次重连...
2025-04-28 20:54:30,031 - INFO - Websocket connected
2025-04-28 20:54:30,032 - INFO - 连接建立
2025-04-28 20:54:31,889 - INFO - 重连成功
2025-04-28 20:54:31,925 - WARNING - 错误码：10165，信息：invalid handle
2025-04-28 20:54:32,425 - INFO - 连接关闭
2025-04-28 20:54:33,427 - INFO - 尝试第1次重连...
2025-04-28 20:54:33,585 - INFO - Websocket connected
2025-04-28 20:54:33,585 - INFO - 连接建立
2025-04-28 20:54:35,430 - INFO - 重连成功
2025-04-28 20:54:35,465 - WARNING - 错误码：10165，信息：invalid handle
2025-04-28 20:54:35,963 - INFO - 连接关闭
2025-04-28 20:54:36,968 - INFO - 尝试第1次重连...
2025-04-28 20:54:37,120 - INFO - Websocket connected
2025-04-28 20:54:37,120 - INFO - 连接建立
2025-04-28 20:54:38,984 - INFO - 重连成功
2025-04-28 20:54:39,023 - WARNING - 错误码：10165，信息：invalid handle
2025-04-28 20:54:39,523 - INFO - 连接关闭
2025-04-28 20:54:40,525 - INFO - 尝试第1次重连...
2025-04-28 20:54:40,679 - INFO - Websocket connected
2025-04-28 20:54:40,679 - INFO - 连接建立
2025-04-28 20:54:42,527 - INFO - 重连成功
2025-04-28 20:54:42,561 - WARNING - 错误码：10165，信息：invalid handle
2025-04-28 20:54:43,061 - INFO - 连接关闭
2025-04-28 20:54:44,067 - INFO - 尝试第1次重连...
2025-04-28 20:54:44,227 - INFO - Websocket connected
2025-04-28 20:54:44,227 - INFO - 连接建立
2025-04-28 20:54:46,078 - INFO - 重连成功
2025-04-28 20:54:46,114 - WARNING - 错误码：10165，信息：invalid handle
2025-04-28 20:54:46,614 - INFO - 连接关闭
2025-04-28 20:54:47,628 - INFO - 尝试第1次重连...
2025-04-28 20:54:47,781 - INFO - Websocket connected
2025-04-28 20:54:47,782 - INFO - 连接建立
2025-04-28 20:54:49,630 - INFO - 重连成功
2025-04-28 20:54:49,667 - WARNING - 错误码：10165，信息：invalid handle
2025-04-28 20:54:50,168 - INFO - 连接关闭
2025-04-28 20:54:51,177 - INFO - 尝试第1次重连...
2025-04-28 20:54:51,338 - INFO - Websocket connected
2025-04-28 20:54:51,339 - INFO - 连接建立
2025-04-28 20:54:53,193 - INFO - 重连成功
2025-04-28 20:54:53,231 - WARNING - 错误码：10165，信息：invalid handle
2025-04-28 20:54:53,733 - INFO - 连接关闭
2025-04-28 20:54:54,745 - INFO - 尝试第1次重连...
2025-04-28 20:54:54,893 - INFO - Websocket connected
2025-04-28 20:54:54,893 - INFO - 连接建立
2025-04-28 20:54:56,746 - INFO - 重连成功
2025-04-28 20:54:56,782 - WARNING - 错误码：10165，信息：invalid handle
2025-04-28 20:54:57,284 - INFO - 连接关闭
2025-04-28 20:54:58,294 - INFO - 尝试第1次重连...
2025-04-28 20:54:58,477 - INFO - Websocket connected
2025-04-28 20:54:58,478 - INFO - 连接建立
2025-04-28 20:55:00,306 - INFO - 重连成功
2025-04-28 20:55:00,350 - WARNING - 错误码：10165，信息：invalid handle
2025-04-28 20:55:00,849 - INFO - 连接关闭
2025-04-28 20:55:01,857 - INFO - 尝试第1次重连...
2025-04-28 20:55:02,028 - INFO - Websocket connected
2025-04-28 20:55:02,029 - INFO - 连接建立
2025-04-28 20:55:03,873 - INFO - 重连成功
2025-04-28 20:55:03,915 - WARNING - 错误码：10165，信息：invalid handle
2025-04-28 20:55:04,416 - INFO - 连接关闭
2025-04-28 20:55:05,431 - INFO - 尝试第1次重连...
2025-04-28 20:55:05,616 - INFO - Websocket connected
2025-04-28 20:55:05,618 - INFO - 连接建立
2025-04-28 20:55:07,439 - INFO - 重连成功
2025-04-28 20:55:07,487 - WARNING - 错误码：10165，信息：invalid handle
2025-04-28 20:55:07,983 - INFO - 连接关闭
2025-04-28 20:55:08,991 - INFO - 尝试第1次重连...
2025-04-28 20:55:09,160 - INFO - Websocket connected
2025-04-28 20:55:09,162 - INFO - 连接建立
2025-04-28 20:55:10,997 - INFO - 重连成功
2025-04-28 20:55:11,041 - WARNING - 错误码：10165，信息：invalid handle
2025-04-28 20:55:11,539 - INFO - 连接关闭
2025-04-28 20:55:12,551 - INFO - 尝试第1次重连...
2025-04-28 20:55:12,724 - INFO - Websocket connected
2025-04-28 20:55:12,725 - INFO - 连接建立
2025-04-28 20:55:14,561 - INFO - 重连成功
2025-04-28 20:55:14,603 - WARNING - 错误码：10165，信息：invalid handle
2025-04-28 20:55:15,114 - INFO - 连接关闭
2025-04-28 20:55:16,115 - INFO - 尝试第1次重连...
2025-04-28 20:55:16,274 - INFO - Websocket connected
2025-04-28 20:55:16,275 - INFO - 连接建立
2025-04-28 20:55:18,124 - INFO - 重连成功
2025-04-28 20:55:18,164 - WARNING - 错误码：10165，信息：invalid handle
2025-04-28 20:55:18,662 - INFO - 连接关闭
2025-04-28 20:55:19,677 - INFO - 尝试第1次重连...
2025-04-28 20:55:19,847 - INFO - Websocket connected
2025-04-28 20:55:19,848 - INFO - 连接建立
2025-04-28 20:55:21,683 - INFO - 重连成功
2025-04-28 20:55:21,723 - WARNING - 错误码：10165，信息：invalid handle
2025-04-28 20:55:22,223 - INFO - 连接关闭
2025-04-28 20:55:23,237 - INFO - 尝试第1次重连...
2025-04-28 20:55:23,410 - INFO - Websocket connected
2025-04-28 20:55:23,410 - INFO - 连接建立
2025-04-28 20:55:25,239 - INFO - 重连成功
2025-04-28 20:55:25,278 - WARNING - 错误码：10165，信息：invalid handle
2025-04-28 20:55:25,778 - INFO - 连接关闭
2025-04-28 20:55:26,789 - INFO - 尝试第1次重连...
2025-04-28 20:55:26,943 - INFO - Websocket connected
2025-04-28 20:55:26,944 - INFO - 连接建立
2025-04-28 20:55:28,797 - INFO - 重连成功
2025-04-28 20:55:28,839 - WARNING - 错误码：10165，信息：invalid handle
2025-04-28 20:55:29,342 - INFO - 连接关闭
2025-04-28 20:55:30,348 - INFO - 尝试第1次重连...
2025-04-28 20:55:30,526 - INFO - Websocket connected
2025-04-28 20:55:30,526 - INFO - 连接建立
2025-04-28 20:55:32,350 - INFO - 重连成功
2025-04-28 20:55:32,393 - WARNING - 错误码：10165，信息：invalid handle
2025-04-28 20:55:32,892 - INFO - 连接关闭
2025-04-28 20:55:33,907 - INFO - 尝试第1次重连...
2025-04-28 20:55:34,065 - INFO - Websocket connected
2025-04-28 20:55:34,065 - INFO - 连接建立
2025-04-28 20:55:35,909 - INFO - 重连成功
2025-04-28 20:55:35,949 - WARNING - 错误码：10165，信息：invalid handle
2025-04-28 20:55:36,449 - INFO - 连接关闭
2025-04-28 20:55:37,464 - INFO - 尝试第1次重连...
2025-04-28 20:55:37,673 - INFO - Websocket connected
2025-04-28 20:55:37,673 - INFO - 连接建立
2025-04-28 20:55:39,467 - INFO - 重连成功
2025-04-28 20:55:39,510 - WARNING - 错误码：10165，信息：invalid handle
2025-04-28 20:55:40,007 - INFO - 连接关闭
2025-04-28 20:55:41,013 - INFO - 尝试第1次重连...
2025-04-28 20:55:41,203 - INFO - Websocket connected
2025-04-28 20:55:41,204 - INFO - 连接建立
2025-04-28 20:55:43,017 - INFO - 重连成功
2025-04-28 20:55:43,064 - WARNING - 错误码：10165，信息：invalid handle
2025-04-28 20:55:43,566 - INFO - 连接关闭
2025-04-28 20:55:44,582 - INFO - 尝试第1次重连...
2025-04-28 20:55:44,750 - INFO - Websocket connected
2025-04-28 20:55:44,750 - INFO - 连接建立
2025-04-28 20:55:46,591 - INFO - 重连成功
2025-04-28 20:55:46,632 - WARNING - 错误码：10165，信息：invalid handle
2025-04-28 20:55:47,133 - INFO - 连接关闭
2025-04-28 20:55:48,147 - INFO - 尝试第1次重连...
2025-04-28 20:55:48,308 - INFO - Websocket connected
2025-04-28 20:55:48,308 - INFO - 连接建立
2025-04-28 20:55:50,153 - INFO - 重连成功
2025-04-28 20:55:50,193 - WARNING - 错误码：10165，信息：invalid handle
2025-04-28 20:55:50,693 - INFO - 连接关闭
2025-04-28 20:55:51,695 - INFO - 尝试第1次重连...
2025-04-28 20:55:51,871 - INFO - Websocket connected
2025-04-28 20:55:51,871 - INFO - 连接建立
2025-04-28 20:55:53,707 - INFO - 重连成功
2025-04-28 20:55:53,749 - WARNING - 错误码：10165，信息：invalid handle
2025-04-28 20:55:54,248 - INFO - 连接关闭
2025-04-28 20:55:55,258 - INFO - 尝试第1次重连...
2025-04-28 20:55:55,428 - INFO - Websocket connected
2025-04-28 20:55:55,429 - INFO - 连接建立
2025-04-28 20:55:57,269 - INFO - 重连成功
2025-04-28 20:55:57,316 - WARNING - 错误码：10165，信息：invalid handle
2025-04-28 20:55:57,811 - INFO - 连接关闭
2025-04-28 20:55:58,819 - INFO - 尝试第1次重连...
2025-04-28 20:55:58,973 - INFO - Websocket connected
2025-04-28 20:55:58,974 - INFO - 连接建立
2025-04-28 20:56:00,828 - INFO - 重连成功
2025-04-28 20:56:00,872 - WARNING - 错误码：10165，信息：invalid handle
2025-04-28 20:56:01,372 - INFO - 连接关闭
2025-04-28 20:56:02,381 - INFO - 尝试第1次重连...
2025-04-28 20:56:02,563 - INFO - Websocket connected
2025-04-28 20:56:02,563 - INFO - 连接建立
2025-04-28 20:56:04,392 - INFO - 重连成功
2025-04-28 20:56:04,432 - WARNING - 错误码：10165，信息：invalid handle
2025-04-28 20:56:04,935 - INFO - 连接关闭
2025-04-28 20:56:05,940 - INFO - 尝试第1次重连...
2025-04-28 20:56:06,099 - INFO - Websocket connected
2025-04-28 20:56:06,100 - INFO - 连接建立
2025-04-28 20:56:07,951 - INFO - 重连成功
2025-04-28 20:56:07,987 - WARNING - 错误码：10165，信息：invalid handle
2025-04-28 20:56:08,487 - INFO - 连接关闭
2025-04-28 20:56:09,498 - INFO - 尝试第1次重连...
2025-04-28 20:56:09,633 - INFO - Websocket connected
2025-04-28 20:56:09,633 - INFO - 连接建立
2025-04-28 20:56:11,505 - INFO - 重连成功
2025-04-28 20:56:11,538 - WARNING - 错误码：10165，信息：invalid handle
2025-04-28 20:56:12,040 - INFO - 连接关闭
2025-04-28 20:56:13,044 - INFO - 尝试第1次重连...
2025-04-28 20:56:13,205 - INFO - Websocket connected
2025-04-28 20:56:13,206 - INFO - 连接建立
2025-04-28 20:56:15,047 - INFO - 重连成功
2025-04-28 20:56:15,121 - WARNING - 错误码：10165，信息：invalid handle
2025-04-28 20:56:15,585 - INFO - 连接关闭
2025-04-28 20:56:16,592 - INFO - 尝试第1次重连...
2025-04-28 20:56:16,747 - INFO - Websocket connected
2025-04-28 20:56:16,747 - INFO - 连接建立
2025-04-28 20:56:18,597 - INFO - 重连成功
2025-04-28 20:56:18,634 - WARNING - 错误码：10165，信息：invalid handle
2025-04-28 20:56:19,135 - INFO - 连接关闭
2025-04-28 20:56:20,147 - INFO - 尝试第1次重连...
2025-04-28 20:56:20,324 - INFO - Websocket connected
2025-04-28 20:56:20,324 - INFO - 连接建立
2025-04-28 20:56:22,149 - INFO - 重连成功
2025-04-28 20:56:22,197 - WARNING - 错误码：10165，信息：invalid handle
2025-04-28 20:56:22,697 - INFO - 连接关闭
2025-04-28 20:56:23,708 - INFO - 尝试第1次重连...
2025-04-28 20:56:23,853 - INFO - Websocket connected
2025-04-28 20:56:23,853 - INFO - 连接建立
2025-04-28 20:56:25,714 - INFO - 重连成功
2025-04-28 20:56:25,747 - WARNING - 错误码：10165，信息：invalid handle
2025-04-28 20:56:26,250 - INFO - 连接关闭
2025-04-28 20:56:27,264 - INFO - 尝试第1次重连...
2025-04-28 20:56:27,427 - INFO - Websocket connected
2025-04-28 20:56:27,427 - INFO - 连接建立
2025-04-28 20:56:29,270 - INFO - 重连成功
2025-04-28 20:56:29,310 - WARNING - 错误码：10165，信息：invalid handle
2025-04-28 20:56:29,810 - INFO - 连接关闭
2025-04-28 20:56:30,817 - INFO - 尝试第1次重连...
2025-04-28 20:56:30,964 - INFO - Websocket connected
2025-04-28 20:56:30,966 - INFO - 连接建立
2025-04-28 20:56:32,818 - INFO - 重连成功
2025-04-28 20:56:32,855 - WARNING - 错误码：10165，信息：invalid handle
2025-04-28 20:56:33,353 - INFO - 连接关闭
2025-04-28 20:56:34,357 - INFO - 尝试第1次重连...
2025-04-28 20:56:34,515 - INFO - Websocket connected
2025-04-28 20:56:34,516 - INFO - 连接建立
2025-04-28 20:56:36,359 - INFO - 重连成功
2025-04-28 20:56:36,395 - WARNING - 错误码：10165，信息：invalid handle
2025-04-28 20:56:36,894 - INFO - 连接关闭
2025-04-28 20:56:37,898 - INFO - 尝试第1次重连...
2025-04-28 20:56:38,059 - INFO - Websocket connected
2025-04-28 20:56:38,060 - INFO - 连接建立
2025-04-28 20:56:39,915 - INFO - 重连成功
2025-04-28 20:56:39,951 - WARNING - 错误码：10165，信息：invalid handle
2025-04-28 20:56:40,453 - INFO - 连接关闭
2025-04-28 20:56:41,467 - INFO - 尝试第1次重连...
2025-04-28 20:56:41,636 - INFO - Websocket connected
2025-04-28 20:56:41,636 - INFO - 连接建立
2025-04-28 20:56:43,469 - INFO - 重连成功
2025-04-28 20:56:43,508 - WARNING - 错误码：10165，信息：invalid handle
2025-04-28 20:56:44,010 - INFO - 连接关闭
2025-04-28 20:56:45,026 - INFO - 尝试第1次重连...
2025-04-28 20:56:45,183 - INFO - Websocket connected
2025-04-28 20:56:45,183 - INFO - 连接建立
2025-04-28 20:56:47,033 - INFO - 重连成功
2025-04-28 20:56:47,069 - WARNING - 错误码：10165，信息：invalid handle
2025-04-28 20:56:47,569 - INFO - 连接关闭
2025-04-28 20:56:48,579 - INFO - 尝试第1次重连...
2025-04-28 20:56:48,748 - INFO - Websocket connected
2025-04-28 20:56:48,748 - INFO - 连接建立
2025-04-28 20:56:50,590 - INFO - 重连成功
2025-04-28 20:56:50,634 - WARNING - 错误码：10165，信息：invalid handle
2025-04-28 20:56:51,131 - INFO - 连接关闭
2025-04-28 20:56:52,145 - INFO - 尝试第1次重连...
2025-04-28 20:56:52,319 - INFO - Websocket connected
2025-04-28 20:56:52,319 - INFO - 连接建立
2025-04-28 20:56:54,146 - INFO - 重连成功
2025-04-28 20:56:54,192 - WARNING - 错误码：10165，信息：invalid handle
2025-04-28 20:56:54,688 - INFO - 连接关闭
2025-04-28 20:56:55,704 - INFO - 尝试第1次重连...
2025-04-28 20:56:55,852 - INFO - Websocket connected
2025-04-28 20:56:55,852 - INFO - 连接建立
2025-04-28 20:56:57,718 - INFO - 重连成功
2025-04-28 20:56:57,755 - WARNING - 错误码：10165，信息：invalid handle
2025-04-28 20:56:58,253 - INFO - 连接关闭
2025-04-28 20:56:59,255 - INFO - 尝试第1次重连...
2025-04-28 20:56:59,443 - INFO - Websocket connected
2025-04-28 20:56:59,444 - INFO - 连接建立
2025-04-28 20:57:01,261 - INFO - 重连成功
2025-04-28 20:57:01,294 - WARNING - 错误码：10165，信息：invalid handle
2025-04-28 20:57:01,795 - INFO - 连接关闭
2025-04-28 20:57:02,808 - INFO - 尝试第1次重连...
2025-04-28 20:57:02,964 - INFO - Websocket connected
2025-04-28 20:57:02,965 - INFO - 连接建立
2025-04-28 20:57:04,811 - INFO - 重连成功
2025-04-28 20:57:04,848 - WARNING - 错误码：10165，信息：invalid handle
2025-04-28 20:57:05,348 - INFO - 连接关闭
2025-04-28 20:57:06,352 - INFO - 尝试第1次重连...
2025-04-28 20:57:06,514 - INFO - Websocket connected
2025-04-28 20:57:06,515 - INFO - 连接建立
2025-04-28 20:57:08,366 - INFO - 重连成功
2025-04-28 20:57:08,409 - WARNING - 错误码：10165，信息：invalid handle
2025-04-28 20:57:08,905 - INFO - 连接关闭
2025-04-28 20:57:09,909 - INFO - 尝试第1次重连...
2025-04-28 20:57:10,073 - INFO - Websocket connected
2025-04-28 20:57:10,073 - INFO - 连接建立
2025-04-28 20:57:11,915 - INFO - 重连成功
2025-04-28 20:57:11,952 - WARNING - 错误码：10165，信息：invalid handle
2025-04-28 20:57:12,454 - INFO - 连接关闭
2025-04-28 20:57:13,467 - INFO - 尝试第1次重连...
2025-04-28 20:57:13,625 - INFO - Websocket connected
2025-04-28 20:57:13,625 - INFO - 连接建立
2025-04-28 20:57:15,480 - INFO - 重连成功
2025-04-28 20:57:15,523 - WARNING - 错误码：10165，信息：invalid handle
2025-04-28 20:57:16,018 - INFO - 连接关闭
2025-04-28 20:57:17,023 - INFO - 尝试第1次重连...
2025-04-28 20:57:17,189 - INFO - Websocket connected
2025-04-28 20:57:17,189 - INFO - 连接建立
2025-04-28 20:57:19,031 - INFO - 重连成功
2025-04-28 20:57:19,069 - WARNING - 错误码：10165，信息：invalid handle
2025-04-28 20:57:19,571 - INFO - 连接关闭
2025-04-28 20:57:20,577 - INFO - 尝试第1次重连...
2025-04-28 20:57:20,740 - INFO - Websocket connected
2025-04-28 20:57:20,740 - INFO - 连接建立
2025-04-28 20:57:22,578 - INFO - 重连成功
2025-04-28 20:57:22,621 - WARNING - 错误码：10165，信息：invalid handle
2025-04-28 20:57:23,125 - INFO - 连接关闭
2025-04-28 20:57:24,140 - INFO - 尝试第1次重连...
2025-04-28 20:57:24,312 - INFO - Websocket connected
2025-04-28 20:57:24,313 - INFO - 连接建立
2025-04-28 20:57:26,145 - INFO - 重连成功
2025-04-28 20:57:26,177 - WARNING - 检测到连接丢失，尝试恢复...
2025-04-28 20:57:26,198 - WARNING - 错误码：10165，信息：invalid handle
2025-04-28 20:57:26,691 - INFO - 连接关闭
2025-04-28 20:57:27,185 - INFO - 尝试第1次重连...
2025-04-28 20:57:27,363 - INFO - Websocket connected
2025-04-28 20:57:27,363 - INFO - 连接建立
2025-04-28 20:57:27,698 - INFO - 尝试第1次重连...
2025-04-28 20:57:29,198 - INFO - 重连成功
2025-04-28 20:57:29,239 - INFO - 连接关闭
2025-04-28 20:57:29,992 - INFO - Websocket connected
2025-04-28 20:57:29,992 - INFO - 连接建立
2025-04-28 20:57:31,752 - INFO - 重连成功
2025-04-28 20:57:31,793 - WARNING - 错误码：10165，信息：invalid handle
2025-04-28 20:57:32,290 - INFO - 连接关闭
2025-04-28 20:57:33,297 - INFO - 尝试第1次重连...
2025-04-28 20:57:33,516 - INFO - Websocket connected
2025-04-28 20:57:33,516 - INFO - 连接建立
2025-04-28 20:57:35,308 - INFO - 重连成功
2025-04-28 20:57:35,347 - WARNING - 错误码：10165，信息：invalid handle
2025-04-28 20:57:35,847 - INFO - 连接关闭
2025-04-28 20:57:36,849 - INFO - 尝试第1次重连...
2025-04-28 20:57:37,021 - INFO - Websocket connected
2025-04-28 20:57:37,021 - INFO - 连接建立
2025-04-28 20:57:38,858 - INFO - 重连成功
2025-04-28 20:57:38,907 - WARNING - 错误码：10165，信息：invalid handle
2025-04-28 20:57:39,409 - INFO - 连接关闭
2025-04-28 20:57:40,416 - INFO - 尝试第1次重连...
2025-04-28 20:57:40,603 - INFO - Websocket connected
2025-04-28 20:57:40,603 - INFO - 连接建立
2025-04-28 20:57:42,424 - INFO - 重连成功
2025-04-28 20:57:42,465 - WARNING - 错误码：10165，信息：invalid handle
2025-04-28 20:57:42,964 - INFO - 连接关闭
2025-04-28 20:57:43,978 - INFO - 尝试第1次重连...
2025-04-28 20:57:44,136 - INFO - Websocket connected
2025-04-28 20:57:44,136 - INFO - 连接建立
2025-04-28 20:57:45,993 - INFO - 重连成功
2025-04-28 20:57:46,039 - WARNING - 错误码：10165，信息：invalid handle
2025-04-28 20:57:46,537 - INFO - 连接关闭
2025-04-28 20:57:47,545 - INFO - 尝试第1次重连...
2025-04-28 20:57:47,792 - INFO - Websocket connected
2025-04-28 20:57:47,792 - INFO - 连接建立
2025-04-28 20:57:49,549 - INFO - 重连成功
2025-04-28 20:57:49,593 - WARNING - 错误码：10165，信息：invalid handle
2025-04-28 20:57:50,095 - INFO - 连接关闭
2025-04-28 20:57:51,104 - INFO - 尝试第1次重连...
2025-04-28 20:57:51,262 - INFO - Websocket connected
2025-04-28 20:57:51,262 - INFO - 连接建立
2025-04-28 20:57:53,119 - INFO - 重连成功
2025-04-28 20:57:53,158 - WARNING - 错误码：10165，信息：invalid handle
2025-04-28 20:57:53,658 - INFO - 连接关闭
2025-04-28 20:57:54,662 - INFO - 尝试第1次重连...
2025-04-28 20:57:54,840 - INFO - Websocket connected
2025-04-28 20:57:54,840 - INFO - 连接建立
2025-04-28 20:57:56,677 - INFO - 重连成功
2025-04-28 20:57:56,720 - WARNING - 错误码：10165，信息：invalid handle
2025-04-28 20:57:57,222 - INFO - 连接关闭
2025-04-28 20:57:58,234 - INFO - 尝试第1次重连...
2025-04-28 20:57:58,389 - INFO - Websocket connected
2025-04-28 20:57:58,389 - INFO - 连接建立
2025-04-28 20:58:00,251 - INFO - 重连成功
2025-04-28 20:58:00,298 - WARNING - 错误码：10165，信息：invalid handle
2025-04-28 20:58:00,795 - INFO - 连接关闭
2025-04-28 20:58:01,807 - INFO - 尝试第1次重连...
2025-04-28 20:58:01,956 - INFO - Websocket connected
2025-04-28 20:58:01,957 - INFO - 连接建立
2025-04-28 20:58:03,818 - INFO - 重连成功
2025-04-28 20:58:03,857 - WARNING - 错误码：10165，信息：invalid handle
2025-04-28 20:58:04,357 - INFO - 连接关闭
2025-04-28 20:58:05,365 - INFO - 尝试第1次重连...
2025-04-28 20:58:05,557 - INFO - Websocket connected
2025-04-28 20:58:05,558 - INFO - 连接建立
2025-04-28 20:58:07,381 - INFO - 重连成功
2025-04-28 20:58:07,423 - WARNING - 错误码：10165，信息：invalid handle
2025-04-28 20:58:07,923 - INFO - 连接关闭
2025-04-28 20:58:08,933 - INFO - 尝试第1次重连...
2025-04-28 20:58:09,112 - INFO - Websocket connected
2025-04-28 20:58:09,113 - INFO - 连接建立
2025-04-28 20:58:10,936 - INFO - 重连成功
2025-04-28 20:58:10,976 - WARNING - 错误码：10165，信息：invalid handle
2025-04-28 20:58:11,475 - INFO - 连接关闭
2025-04-28 20:58:12,484 - INFO - 尝试第1次重连...
2025-04-28 20:58:12,650 - INFO - Websocket connected
2025-04-28 20:58:12,651 - INFO - 连接建立
2025-04-28 20:58:14,489 - INFO - 重连成功
2025-04-28 20:58:14,528 - WARNING - 错误码：10165，信息：invalid handle
2025-04-28 20:58:15,030 - INFO - 连接关闭
2025-04-28 20:58:16,046 - INFO - 尝试第1次重连...
2025-04-28 20:58:16,228 - INFO - Websocket connected
2025-04-28 20:58:16,229 - INFO - 连接建立
2025-04-28 20:58:18,047 - INFO - 重连成功
2025-04-28 20:58:18,136 - WARNING - 错误码：10165，信息：invalid handle
2025-04-28 20:58:18,633 - INFO - 连接关闭
2025-04-28 20:58:19,641 - INFO - 尝试第1次重连...
2025-04-28 20:58:19,799 - INFO - Websocket connected
2025-04-28 20:58:19,799 - INFO - 连接建立
2025-04-28 20:58:21,651 - INFO - 重连成功
2025-04-28 20:58:21,690 - WARNING - 错误码：10165，信息：invalid handle
2025-04-28 20:58:22,194 - INFO - 连接关闭
2025-04-28 20:58:23,209 - INFO - 尝试第1次重连...
2025-04-28 20:58:23,361 - INFO - Websocket connected
2025-04-28 20:58:23,362 - INFO - 连接建立
2025-04-28 20:58:25,212 - INFO - 重连成功
2025-04-28 20:58:25,245 - WARNING - 错误码：10165，信息：invalid handle
2025-04-28 20:58:25,758 - INFO - 连接关闭
2025-04-28 20:58:26,766 - INFO - 尝试第1次重连...
2025-04-28 20:58:26,937 - INFO - Websocket connected
2025-04-28 20:58:26,937 - INFO - 连接建立
2025-04-28 20:58:28,775 - INFO - 重连成功
2025-04-28 20:58:28,828 - WARNING - 错误码：10165，信息：invalid handle
2025-04-28 20:58:29,327 - INFO - 连接关闭
2025-04-28 20:58:30,338 - INFO - 尝试第1次重连...
2025-04-28 20:58:30,504 - INFO - Websocket connected
2025-04-28 20:58:30,504 - INFO - 连接建立
2025-04-28 20:58:32,341 - INFO - 重连成功
2025-04-28 20:58:32,375 - WARNING - 错误码：10165，信息：invalid handle
2025-04-28 20:58:32,875 - INFO - 连接关闭
2025-04-28 20:58:33,879 - INFO - 尝试第1次重连...
2025-04-28 20:58:34,063 - INFO - Websocket connected
2025-04-28 20:58:34,063 - INFO - 连接建立
2025-04-28 20:58:35,883 - INFO - 重连成功
2025-04-28 20:58:35,924 - WARNING - 错误码：10165，信息：invalid handle
2025-04-28 20:58:36,424 - INFO - 连接关闭
2025-04-28 20:58:37,434 - INFO - 尝试第1次重连...
2025-04-28 20:58:37,725 - INFO - Websocket connected
2025-04-28 20:58:37,725 - INFO - 连接建立
2025-04-28 20:58:39,441 - INFO - 重连成功
2025-04-28 20:58:39,508 - WARNING - 错误码：10165，信息：invalid handle
2025-04-28 20:58:39,997 - INFO - 连接关闭
2025-04-28 20:58:41,012 - INFO - 尝试第1次重连...
2025-04-28 20:58:41,171 - INFO - Websocket connected
2025-04-28 20:58:41,172 - INFO - 连接建立
2025-04-28 20:58:43,017 - INFO - 重连成功
2025-04-28 20:58:43,049 - WARNING - 错误码：10165，信息：invalid handle
2025-04-28 20:58:43,569 - INFO - 连接关闭
2025-04-28 20:58:44,584 - INFO - 尝试第1次重连...
2025-04-28 20:58:44,744 - INFO - Websocket connected
2025-04-28 20:58:44,744 - INFO - 连接建立
2025-04-28 20:58:46,592 - INFO - 重连成功
2025-04-28 20:58:46,629 - WARNING - 错误码：10165，信息：invalid handle
2025-04-28 20:58:47,136 - INFO - 连接关闭
2025-04-28 20:58:48,149 - INFO - 尝试第1次重连...
2025-04-28 20:58:48,412 - INFO - Websocket connected
2025-04-28 20:58:48,413 - INFO - 连接建立
2025-04-28 20:58:50,159 - INFO - 重连成功
2025-04-28 20:58:50,206 - WARNING - 错误码：10165，信息：invalid handle
2025-04-28 20:58:50,723 - INFO - 连接关闭
2025-04-28 20:58:51,731 - INFO - 尝试第1次重连...
2025-04-28 20:58:51,891 - INFO - Websocket connected
2025-04-28 20:58:51,892 - INFO - 连接建立
2025-04-28 20:58:53,746 - INFO - 重连成功
2025-04-28 20:58:53,994 - WARNING - 错误码：10165，信息：invalid handle
2025-04-28 20:58:54,435 - INFO - 连接关闭
2025-04-28 20:58:55,442 - INFO - 尝试第1次重连...
2025-04-28 20:58:55,617 - INFO - Websocket connected
2025-04-28 20:58:55,618 - INFO - 连接建立
2025-04-28 20:58:57,444 - INFO - 重连成功
2025-04-28 20:58:57,486 - WARNING - 错误码：10165，信息：invalid handle
2025-04-28 20:58:57,988 - INFO - 连接关闭
2025-04-28 20:58:58,998 - INFO - 尝试第1次重连...
2025-04-28 20:58:59,152 - INFO - Websocket connected
2025-04-28 20:58:59,152 - INFO - 连接建立
2025-04-28 20:59:01,001 - INFO - 重连成功
2025-04-28 20:59:01,038 - WARNING - 错误码：10165，信息：invalid handle
2025-04-28 20:59:01,539 - INFO - 连接关闭
2025-04-28 20:59:02,541 - INFO - 尝试第1次重连...
2025-04-28 20:59:02,692 - INFO - Websocket connected
2025-04-28 20:59:02,692 - INFO - 连接建立
2025-04-28 20:59:04,553 - INFO - 重连成功
2025-04-28 20:59:04,588 - WARNING - 错误码：10165，信息：invalid handle
2025-04-28 20:59:05,091 - INFO - 连接关闭
2025-04-28 20:59:06,105 - INFO - 尝试第1次重连...
2025-04-28 20:59:06,269 - INFO - Websocket connected
2025-04-28 20:59:06,269 - INFO - 连接建立
2025-04-28 20:59:08,114 - INFO - 重连成功
2025-04-28 20:59:08,157 - WARNING - 错误码：10165，信息：invalid handle
2025-04-28 20:59:08,665 - INFO - 连接关闭
2025-04-28 20:59:09,666 - INFO - 尝试第1次重连...
2025-04-28 20:59:09,868 - INFO - Websocket connected
2025-04-28 20:59:09,868 - INFO - 连接建立
2025-04-28 20:59:11,681 - INFO - 重连成功
2025-04-28 20:59:11,725 - WARNING - 错误码：10165，信息：invalid handle
2025-04-28 20:59:12,249 - INFO - 连接关闭
2025-04-28 20:59:13,262 - INFO - 尝试第1次重连...
2025-04-28 20:59:13,449 - INFO - Websocket connected
2025-04-28 20:59:13,450 - INFO - 连接建立
2025-04-28 20:59:15,278 - INFO - 重连成功
2025-04-28 20:59:15,327 - WARNING - 错误码：10165，信息：invalid handle
2025-04-28 20:59:15,826 - INFO - 连接关闭
2025-04-28 20:59:16,832 - INFO - 尝试第1次重连...
2025-04-28 20:59:17,004 - INFO - Websocket connected
2025-04-28 20:59:17,007 - INFO - 连接建立
2025-04-28 20:59:18,834 - INFO - 重连成功
2025-04-28 20:59:18,875 - WARNING - 错误码：10165，信息：invalid handle
2025-04-28 20:59:19,378 - INFO - 连接关闭
2025-04-28 20:59:20,382 - INFO - 尝试第1次重连...
2025-04-28 20:59:20,568 - INFO - Websocket connected
2025-04-28 20:59:20,569 - INFO - 连接建立
2025-04-28 20:59:22,388 - INFO - 重连成功
2025-04-28 20:59:22,429 - WARNING - 错误码：10165，信息：invalid handle
2025-04-28 20:59:22,929 - INFO - 连接关闭
2025-04-28 20:59:23,938 - INFO - 尝试第1次重连...
2025-04-28 20:59:24,096 - INFO - Websocket connected
2025-04-28 20:59:24,097 - INFO - 连接建立
2025-04-28 20:59:25,942 - INFO - 重连成功
2025-04-28 20:59:25,977 - WARNING - 错误码：10165，信息：invalid handle
2025-04-28 20:59:26,480 - INFO - 连接关闭
2025-04-28 20:59:27,496 - INFO - 尝试第1次重连...
2025-04-28 20:59:27,658 - INFO - Websocket connected
2025-04-28 20:59:27,659 - INFO - 连接建立
2025-04-28 20:59:29,512 - INFO - 重连成功
2025-04-28 20:59:29,561 - WARNING - 错误码：10165，信息：invalid handle
2025-04-28 20:59:30,059 - INFO - 连接关闭
2025-04-28 20:59:31,067 - INFO - 尝试第1次重连...
2025-04-28 20:59:31,228 - INFO - Websocket connected
2025-04-28 20:59:31,229 - INFO - 连接建立
2025-04-28 20:59:33,069 - INFO - 重连成功
2025-04-28 20:59:33,103 - WARNING - 错误码：10165，信息：invalid handle
2025-04-28 20:59:33,610 - INFO - 连接关闭
2025-04-28 20:59:34,623 - INFO - 尝试第1次重连...
2025-04-28 20:59:34,798 - INFO - Websocket connected
2025-04-28 20:59:34,798 - INFO - 连接建立
2025-04-28 20:59:36,632 - INFO - 重连成功
2025-04-28 20:59:36,672 - WARNING - 错误码：10165，信息：invalid handle
2025-04-28 20:59:37,172 - INFO - 连接关闭
2025-04-28 20:59:38,173 - INFO - 尝试第1次重连...
2025-04-28 20:59:38,325 - INFO - Websocket connected
2025-04-28 20:59:38,326 - INFO - 连接建立
2025-04-28 20:59:40,180 - INFO - 重连成功
2025-04-28 20:59:40,216 - WARNING - 错误码：10165，信息：invalid handle
2025-04-28 20:59:40,718 - INFO - 连接关闭
2025-04-28 20:59:41,723 - INFO - 尝试第1次重连...
2025-04-28 20:59:41,895 - INFO - Websocket connected
2025-04-28 20:59:41,895 - INFO - 连接建立
2025-04-28 20:59:43,729 - INFO - 重连成功
2025-04-28 20:59:43,767 - WARNING - 错误码：10165，信息：invalid handle
2025-04-28 20:59:44,269 - INFO - 连接关闭
2025-04-28 20:59:45,283 - INFO - 尝试第1次重连...
2025-04-28 20:59:45,457 - INFO - Websocket connected
2025-04-28 20:59:45,458 - INFO - 连接建立
2025-04-28 20:59:47,293 - INFO - 重连成功
2025-04-28 20:59:47,333 - WARNING - 错误码：10165，信息：invalid handle
2025-04-28 20:59:47,834 - INFO - 连接关闭
2025-04-28 20:59:48,843 - INFO - 尝试第1次重连...
2025-04-28 20:59:48,993 - INFO - Websocket connected
2025-04-28 20:59:48,993 - INFO - 连接建立
2025-04-28 20:59:50,854 - INFO - 重连成功
2025-04-28 20:59:50,891 - WARNING - 错误码：10165，信息：invalid handle
2025-04-28 20:59:51,392 - INFO - 连接关闭
2025-04-28 20:59:52,407 - INFO - 尝试第1次重连...
2025-04-28 20:59:52,554 - INFO - Websocket connected
2025-04-28 20:59:52,555 - INFO - 连接建立
2025-04-28 20:59:54,420 - INFO - 重连成功
2025-04-28 20:59:54,436 - WARNING - 检测到连接丢失，尝试恢复...
2025-04-28 20:59:54,456 - WARNING - 错误码：10165，信息：invalid handle
2025-04-28 20:59:54,956 - INFO - 连接关闭
2025-04-28 20:59:55,447 - INFO - 尝试第1次重连...
2025-04-28 20:59:55,589 - INFO - Websocket connected
2025-04-28 20:59:55,590 - INFO - 连接建立
2025-04-28 20:59:55,963 - INFO - 尝试第1次重连...
2025-04-28 20:59:57,453 - INFO - 重连成功
2025-04-28 20:59:57,485 - INFO - 连接关闭
2025-04-28 20:59:58,131 - INFO - Websocket connected
2025-04-28 20:59:58,132 - INFO - 连接建立
2025-04-28 20:59:59,995 - INFO - 重连成功
2025-04-28 21:00:00,029 - WARNING - 错误码：10165，信息：invalid handle
2025-04-28 21:00:00,530 - INFO - 连接关闭
2025-04-28 21:00:01,533 - INFO - 尝试第1次重连...
2025-04-28 21:00:01,677 - INFO - Websocket connected
2025-04-28 21:00:01,678 - INFO - 连接建立
2025-04-28 21:00:03,550 - INFO - 重连成功
2025-04-28 21:00:03,582 - WARNING - 错误码：10165，信息：invalid handle
2025-04-28 21:00:04,081 - INFO - 连接关闭
2025-04-28 21:00:05,091 - INFO - 尝试第1次重连...
2025-04-28 21:00:05,242 - INFO - Websocket connected
2025-04-28 21:00:05,243 - INFO - 连接建立
2025-04-28 21:00:07,094 - INFO - 重连成功
2025-04-28 21:00:07,131 - WARNING - 错误码：10165，信息：invalid handle
2025-04-28 21:00:07,632 - INFO - 连接关闭
2025-04-28 21:00:08,641 - INFO - 尝试第1次重连...
2025-04-28 21:00:08,809 - INFO - Websocket connected
2025-04-28 21:00:08,810 - INFO - 连接建立
2025-04-28 21:00:10,645 - INFO - 重连成功
2025-04-28 21:00:10,691 - WARNING - 错误码：10165，信息：invalid handle
2025-04-28 21:00:11,192 - INFO - 连接关闭
2025-04-28 21:00:12,195 - INFO - 尝试第1次重连...
2025-04-28 21:00:12,349 - INFO - Websocket connected
2025-04-28 21:00:12,351 - INFO - 连接建立
2025-04-28 21:00:14,197 - INFO - 重连成功
2025-04-28 21:00:14,235 - WARNING - 错误码：10165，信息：invalid handle
2025-04-28 21:00:14,735 - INFO - 连接关闭
2025-04-28 21:00:15,745 - INFO - 尝试第1次重连...
2025-04-28 21:00:15,881 - INFO - Websocket connected
2025-04-28 21:00:15,881 - INFO - 连接建立
2025-04-28 21:00:17,757 - INFO - 重连成功
2025-04-28 21:00:17,790 - WARNING - 错误码：10165，信息：invalid handle
2025-04-28 21:00:18,289 - INFO - 连接关闭
2025-04-28 21:00:19,304 - INFO - 尝试第1次重连...
2025-04-28 21:00:19,465 - INFO - Websocket connected
2025-04-28 21:00:19,465 - INFO - 连接建立
2025-04-28 21:00:21,320 - INFO - 重连成功
2025-04-28 21:00:21,357 - WARNING - 错误码：10165，信息：invalid handle
2025-04-28 21:00:21,859 - INFO - 连接关闭
2025-04-28 21:00:22,864 - INFO - 尝试第1次重连...
2025-04-28 21:00:23,041 - INFO - Websocket connected
2025-04-28 21:00:23,041 - INFO - 连接建立
2025-04-28 21:00:24,881 - INFO - 重连成功
2025-04-28 21:00:24,920 - WARNING - 错误码：10165，信息：invalid handle
2025-04-28 21:00:25,421 - INFO - 连接关闭
2025-04-28 21:00:26,435 - INFO - 尝试第1次重连...
2025-04-28 21:00:26,590 - INFO - Websocket connected
2025-04-28 21:00:26,590 - INFO - 连接建立
2025-04-28 21:00:28,439 - INFO - 重连成功
2025-04-28 21:00:28,478 - WARNING - 错误码：10165，信息：invalid handle
2025-04-28 21:00:28,977 - INFO - 连接关闭
2025-04-28 21:00:29,993 - INFO - 尝试第1次重连...
2025-04-28 21:00:30,165 - INFO - Websocket connected
2025-04-28 21:00:30,165 - INFO - 连接建立
2025-04-28 21:00:32,007 - INFO - 重连成功
2025-04-28 21:00:32,049 - WARNING - 错误码：10165，信息：invalid handle
2025-04-28 21:00:32,551 - INFO - 连接关闭
2025-04-28 21:00:33,557 - INFO - 尝试第1次重连...
2025-04-28 21:00:33,709 - INFO - Websocket connected
2025-04-28 21:00:33,709 - INFO - 连接建立
2025-04-28 21:00:35,563 - INFO - 重连成功
2025-04-28 21:00:35,605 - WARNING - 错误码：10165，信息：invalid handle
2025-04-28 21:00:36,105 - INFO - 连接关闭
2025-04-28 21:00:37,110 - INFO - 尝试第1次重连...
2025-04-28 21:00:37,287 - INFO - Websocket connected
2025-04-28 21:00:37,288 - INFO - 连接建立
2025-04-28 21:00:39,122 - INFO - 重连成功
2025-04-28 21:00:39,164 - WARNING - 错误码：10165，信息：invalid handle
2025-04-28 21:00:39,668 - INFO - 连接关闭
2025-04-28 21:00:40,669 - INFO - 尝试第1次重连...
2025-04-28 21:00:40,818 - INFO - Websocket connected
2025-04-28 21:00:40,819 - INFO - 连接建立
2025-04-28 21:00:42,674 - INFO - 重连成功
2025-04-28 21:00:42,719 - WARNING - 错误码：10165，信息：invalid handle
2025-04-28 21:00:43,218 - INFO - 连接关闭
2025-04-28 21:00:44,222 - INFO - 尝试第1次重连...
2025-04-28 21:00:44,375 - INFO - Websocket connected
2025-04-28 21:00:44,376 - INFO - 连接建立
2025-04-28 21:00:46,233 - INFO - 重连成功
2025-04-28 21:00:46,271 - WARNING - 错误码：10165，信息：invalid handle
2025-04-28 21:00:46,772 - INFO - 连接关闭
2025-04-28 21:00:47,787 - INFO - 尝试第1次重连...
2025-04-28 21:00:47,951 - INFO - Websocket connected
2025-04-28 21:00:47,951 - INFO - 连接建立
2025-04-28 21:00:49,796 - INFO - 重连成功
2025-04-28 21:00:49,837 - WARNING - 错误码：10165，信息：invalid handle
2025-04-28 21:00:50,336 - INFO - 连接关闭
2025-04-28 21:00:51,340 - INFO - 尝试第1次重连...
2025-04-28 21:00:51,530 - INFO - Websocket connected
2025-04-28 21:00:51,531 - INFO - 连接建立
2025-04-28 21:00:53,354 - INFO - 重连成功
2025-04-28 21:00:53,396 - WARNING - 错误码：10165，信息：invalid handle
2025-04-28 21:00:53,893 - INFO - 连接关闭
2025-04-28 21:00:54,906 - INFO - 尝试第1次重连...
2025-04-28 21:00:55,054 - INFO - Websocket connected
2025-04-28 21:00:55,055 - INFO - 连接建立
2025-04-28 21:00:56,920 - INFO - 重连成功
2025-04-28 21:00:56,967 - WARNING - 错误码：10165，信息：invalid handle
2025-04-28 21:00:57,474 - INFO - 连接关闭
2025-04-28 21:00:58,480 - INFO - 尝试第1次重连...
2025-04-28 21:00:58,657 - INFO - Websocket connected
2025-04-28 21:00:58,658 - INFO - 连接建立
2025-04-28 21:01:00,487 - INFO - 重连成功
2025-04-28 21:01:00,543 - WARNING - 错误码：10165，信息：invalid handle
2025-04-28 21:01:01,039 - INFO - 连接关闭
2025-04-28 21:01:02,054 - INFO - 尝试第1次重连...
2025-04-28 21:01:02,211 - INFO - Websocket connected
2025-04-28 21:01:02,211 - INFO - 连接建立
2025-04-28 21:01:04,063 - INFO - 重连成功
2025-04-28 21:01:04,103 - WARNING - 错误码：10165，信息：invalid handle
2025-04-28 21:01:04,615 - INFO - 连接关闭
2025-04-28 21:01:05,617 - INFO - 尝试第1次重连...
2025-04-28 21:01:05,778 - INFO - Websocket connected
2025-04-28 21:01:05,779 - INFO - 连接建立
2025-04-28 21:01:07,624 - INFO - 重连成功
2025-04-28 21:01:07,667 - WARNING - 错误码：10165，信息：invalid handle
2025-04-28 21:01:08,168 - INFO - 连接关闭
2025-04-28 21:01:09,182 - INFO - 尝试第1次重连...
2025-04-28 21:01:09,359 - INFO - Websocket connected
2025-04-28 21:01:09,359 - INFO - 连接建立
2025-04-28 21:01:11,196 - INFO - 重连成功
2025-04-28 21:01:11,232 - WARNING - 错误码：10165，信息：invalid handle
2025-04-28 21:01:11,731 - INFO - 连接关闭
2025-04-28 21:01:12,732 - INFO - 尝试第1次重连...
2025-04-28 21:01:12,896 - INFO - Websocket connected
2025-04-28 21:01:12,897 - INFO - 连接建立
2025-04-28 21:01:14,740 - INFO - 重连成功
2025-04-28 21:01:14,791 - WARNING - 错误码：10165，信息：invalid handle
2025-04-28 21:01:15,283 - INFO - 连接关闭
2025-04-28 21:01:16,289 - INFO - 尝试第1次重连...
2025-04-28 21:01:16,435 - INFO - Websocket connected
2025-04-28 21:01:16,437 - INFO - 连接建立
2025-04-28 21:01:18,298 - INFO - 重连成功
2025-04-28 21:01:18,334 - WARNING - 错误码：10165，信息：invalid handle
2025-04-28 21:01:18,839 - INFO - 连接关闭
2025-04-28 21:01:19,848 - INFO - 尝试第1次重连...
2025-04-28 21:01:20,043 - INFO - Websocket connected
2025-04-28 21:01:20,043 - INFO - 连接建立
2025-04-28 21:01:21,853 - INFO - 重连成功
2025-04-28 21:01:21,906 - WARNING - 错误码：10165，信息：invalid handle
2025-04-28 21:01:22,410 - INFO - 连接关闭
2025-04-28 21:01:23,420 - INFO - 尝试第1次重连...
2025-04-28 21:01:23,586 - INFO - Websocket connected
2025-04-28 21:01:23,587 - INFO - 连接建立
2025-04-28 21:01:25,422 - INFO - 重连成功
2025-04-28 21:01:25,483 - WARNING - 错误码：10165，信息：invalid handle
2025-04-28 21:01:25,972 - INFO - 连接关闭
2025-04-28 21:01:26,985 - INFO - 尝试第1次重连...
2025-04-28 21:01:27,132 - INFO - Websocket connected
2025-04-28 21:01:27,132 - INFO - 连接建立
2025-04-28 21:01:28,987 - INFO - 重连成功
2025-04-28 21:01:29,025 - WARNING - 错误码：10165，信息：invalid handle
2025-04-28 21:01:29,524 - INFO - 连接关闭
2025-04-28 21:01:30,540 - INFO - 尝试第1次重连...
2025-04-28 21:01:30,699 - INFO - Websocket connected
2025-04-28 21:01:30,700 - INFO - 连接建立
2025-04-28 21:01:32,546 - INFO - 重连成功
2025-04-28 21:01:32,584 - WARNING - 错误码：10165，信息：invalid handle
2025-04-28 21:01:33,088 - INFO - 连接关闭
2025-04-28 21:01:34,101 - INFO - 尝试第1次重连...
2025-04-28 21:01:34,263 - INFO - Websocket connected
2025-04-28 21:01:34,264 - INFO - 连接建立
2025-04-28 21:01:36,106 - INFO - 重连成功
2025-04-28 21:01:36,143 - WARNING - 错误码：10165，信息：invalid handle
2025-04-28 21:01:36,642 - INFO - 连接关闭
2025-04-28 21:01:37,648 - INFO - 尝试第1次重连...
2025-04-28 21:01:37,824 - INFO - Websocket connected
2025-04-28 21:01:37,825 - INFO - 连接建立
2025-04-28 21:01:39,663 - INFO - 重连成功
2025-04-28 21:01:39,710 - WARNING - 错误码：10165，信息：invalid handle
2025-04-28 21:01:40,210 - INFO - 连接关闭
2025-04-28 21:01:41,224 - INFO - 尝试第1次重连...
2025-04-28 21:01:41,383 - INFO - Websocket connected
2025-04-28 21:01:41,383 - INFO - 连接建立
2025-04-28 21:01:43,231 - INFO - 重连成功
2025-04-28 21:01:43,272 - WARNING - 错误码：10165，信息：invalid handle
2025-04-28 21:01:43,770 - INFO - 连接关闭
2025-04-28 21:01:44,785 - INFO - 尝试第1次重连...
2025-04-28 21:01:44,951 - INFO - Websocket connected
2025-04-28 21:01:44,952 - INFO - 连接建立
2025-04-28 21:01:46,801 - INFO - 重连成功
2025-04-28 21:01:46,845 - WARNING - 错误码：10165，信息：invalid handle
2025-04-28 21:01:47,347 - INFO - 连接关闭
2025-04-28 21:01:48,354 - INFO - 尝试第1次重连...
2025-04-28 21:01:48,506 - INFO - Websocket connected
2025-04-28 21:01:48,507 - INFO - 连接建立
2025-04-28 21:01:50,359 - INFO - 重连成功
2025-04-28 21:01:50,486 - WARNING - 错误码：10165，信息：invalid handle
2025-04-28 21:01:50,931 - INFO - 连接关闭
2025-04-28 21:01:51,943 - INFO - 尝试第1次重连...
2025-04-28 21:01:52,092 - INFO - Websocket connected
2025-04-28 21:01:52,092 - INFO - 连接建立
2025-04-28 21:01:53,950 - INFO - 重连成功
2025-04-28 21:01:53,986 - WARNING - 错误码：10165，信息：invalid handle
2025-04-28 21:01:54,487 - INFO - 连接关闭
2025-04-28 21:01:55,489 - INFO - 尝试第1次重连...
2025-04-28 21:01:55,675 - INFO - Websocket connected
2025-04-28 21:01:55,675 - INFO - 连接建立
2025-04-28 21:01:57,490 - INFO - 重连成功
2025-04-28 21:01:57,530 - WARNING - 错误码：10165，信息：invalid handle
2025-04-28 21:01:58,032 - INFO - 连接关闭
2025-04-28 21:01:59,044 - INFO - 尝试第1次重连...
2025-04-28 21:01:59,211 - INFO - Websocket connected
2025-04-28 21:01:59,211 - INFO - 连接建立
2025-04-28 21:02:01,056 - INFO - 重连成功
2025-04-28 21:02:01,110 - WARNING - 错误码：10165，信息：invalid handle
2025-04-28 21:02:01,601 - INFO - 连接关闭
2025-04-28 21:02:02,609 - INFO - 尝试第1次重连...
2025-04-28 21:02:02,875 - INFO - Websocket connected
2025-04-28 21:02:02,875 - INFO - 连接建立
2025-04-28 21:02:04,622 - INFO - 重连成功
2025-04-28 21:02:04,710 - WARNING - 错误码：10165，信息：invalid handle
2025-04-28 21:02:05,195 - INFO - 连接关闭
2025-04-28 21:02:06,198 - INFO - 尝试第1次重连...
2025-04-28 21:02:06,369 - INFO - Websocket connected
2025-04-28 21:02:06,370 - INFO - 连接建立
2025-04-28 21:02:08,214 - INFO - 重连成功
2025-04-28 21:02:08,251 - WARNING - 错误码：10165，信息：invalid handle
2025-04-28 21:02:08,756 - INFO - 连接关闭
2025-04-28 21:02:09,769 - INFO - 尝试第1次重连...
2025-04-28 21:02:09,921 - INFO - Websocket connected
2025-04-28 21:02:09,922 - INFO - 连接建立
2025-04-28 21:02:11,777 - INFO - 重连成功
2025-04-28 21:02:11,818 - WARNING - 错误码：10165，信息：invalid handle
2025-04-28 21:02:12,319 - INFO - 连接关闭
2025-04-28 21:02:13,325 - INFO - 尝试第1次重连...
2025-04-28 21:02:13,499 - INFO - Websocket connected
2025-04-28 21:02:13,499 - INFO - 连接建立
2025-04-28 21:02:15,326 - INFO - 重连成功
2025-04-28 21:02:15,364 - WARNING - 错误码：10165，信息：invalid handle
2025-04-28 21:02:15,871 - INFO - 连接关闭
2025-04-28 21:02:16,885 - INFO - 尝试第1次重连...
2025-04-28 21:02:17,060 - INFO - Websocket connected
2025-04-28 21:02:17,060 - INFO - 连接建立
2025-04-28 21:02:18,886 - INFO - 重连成功
2025-04-28 21:02:18,920 - WARNING - 错误码：10165，信息：invalid handle
2025-04-28 21:02:19,421 - INFO - 连接关闭
2025-04-28 21:02:20,434 - INFO - 尝试第1次重连...
2025-04-28 21:02:20,595 - INFO - Websocket connected
2025-04-28 21:02:20,595 - INFO - 连接建立
2025-04-28 21:02:22,443 - INFO - 重连成功
2025-04-28 21:02:22,481 - WARNING - 错误码：10165，信息：invalid handle
2025-04-28 21:02:22,982 - INFO - 连接关闭
2025-04-28 21:02:23,992 - INFO - 尝试第1次重连...
2025-04-28 21:02:24,143 - INFO - Websocket connected
2025-04-28 21:02:24,143 - INFO - 连接建立
2025-04-28 21:02:25,995 - INFO - 重连成功
2025-04-28 21:02:26,032 - WARNING - 错误码：10165，信息：invalid handle
2025-04-28 21:02:26,531 - INFO - 连接关闭
2025-04-28 21:02:27,532 - INFO - 尝试第1次重连...
2025-04-28 21:02:27,679 - INFO - Websocket connected
2025-04-28 21:02:27,680 - INFO - 连接建立
2025-04-28 21:02:29,537 - INFO - 重连成功
2025-04-28 21:02:29,574 - WARNING - 错误码：10165，信息：invalid handle
2025-04-28 21:02:30,073 - INFO - 连接关闭
2025-04-28 21:02:31,087 - INFO - 尝试第1次重连...
2025-04-28 21:02:31,240 - INFO - Websocket connected
2025-04-28 21:02:31,241 - INFO - 连接建立
2025-04-28 21:02:33,090 - INFO - 重连成功
2025-04-28 21:02:33,130 - WARNING - 错误码：10165，信息：invalid handle
2025-04-28 21:02:33,630 - INFO - 连接关闭
2025-04-28 21:02:34,642 - INFO - 尝试第1次重连...
2025-04-28 21:02:34,829 - INFO - Websocket connected
2025-04-28 21:02:34,830 - INFO - 连接建立
2025-04-28 21:02:36,646 - INFO - 重连成功
2025-04-28 21:02:36,681 - WARNING - 错误码：10165，信息：invalid handle
2025-04-28 21:02:37,181 - INFO - 连接关闭
2025-04-28 21:02:38,190 - INFO - 尝试第1次重连...
2025-04-28 21:02:38,347 - INFO - Websocket connected
2025-04-28 21:02:38,347 - INFO - 连接建立
2025-04-28 21:02:40,206 - INFO - 重连成功
2025-04-28 21:02:40,243 - WARNING - 错误码：10165，信息：invalid handle
2025-04-28 21:02:40,743 - INFO - 连接关闭
2025-04-28 21:02:41,756 - INFO - 尝试第1次重连...
2025-04-28 21:02:41,899 - INFO - Websocket connected
2025-04-28 21:02:41,899 - INFO - 连接建立
2025-04-28 21:02:43,761 - INFO - 重连成功
2025-04-28 21:02:43,795 - WARNING - 错误码：10165，信息：invalid handle
2025-04-28 21:02:44,297 - INFO - 连接关闭
2025-04-28 21:02:45,304 - INFO - 尝试第1次重连...
2025-04-28 21:02:45,468 - INFO - Websocket connected
2025-04-28 21:02:45,468 - INFO - 连接建立
2025-04-28 21:02:47,320 - INFO - 重连成功
2025-04-28 21:02:47,357 - WARNING - 错误码：10165，信息：invalid handle
2025-04-28 21:02:47,857 - INFO - 连接关闭
2025-04-28 21:02:48,862 - INFO - 尝试第1次重连...
2025-04-28 21:02:49,017 - INFO - Websocket connected
2025-04-28 21:02:49,018 - INFO - 连接建立
2025-04-28 21:02:50,878 - INFO - 重连成功
2025-04-28 21:02:50,917 - WARNING - 错误码：10165，信息：invalid handle
2025-04-28 21:02:51,417 - INFO - 连接关闭
2025-04-28 21:02:52,425 - INFO - 尝试第1次重连...
2025-04-28 21:02:52,587 - INFO - Websocket connected
2025-04-28 21:02:52,588 - INFO - 连接建立
2025-04-28 21:02:54,429 - INFO - 重连成功
2025-04-28 21:02:54,468 - WARNING - 错误码：10165，信息：invalid handle
2025-04-28 21:02:54,968 - INFO - 连接关闭
2025-04-28 21:02:55,978 - INFO - 尝试第1次重连...
2025-04-28 21:02:56,138 - INFO - Websocket connected
2025-04-28 21:02:56,139 - INFO - 连接建立
2025-04-28 21:02:57,992 - INFO - 重连成功
2025-04-28 21:02:58,031 - WARNING - 错误码：10165，信息：invalid handle
2025-04-28 21:02:58,531 - INFO - 连接关闭
2025-04-28 21:02:59,542 - INFO - 尝试第1次重连...
2025-04-28 21:02:59,999 - INFO - Websocket connected
2025-04-28 21:02:59,999 - INFO - 连接建立
2025-04-28 21:03:01,544 - INFO - 重连成功
2025-04-28 21:03:01,581 - WARNING - 错误码：10165，信息：invalid handle
2025-04-28 21:03:02,084 - INFO - 连接关闭
2025-04-28 21:03:03,086 - INFO - 尝试第1次重连...
2025-04-28 21:03:03,238 - INFO - Websocket connected
2025-04-28 21:03:03,238 - INFO - 连接建立
2025-04-28 21:03:05,097 - INFO - 重连成功
2025-04-28 21:03:05,145 - WARNING - 错误码：10165，信息：invalid handle
2025-04-28 21:03:05,645 - INFO - 连接关闭
2025-04-28 21:03:06,650 - INFO - 尝试第1次重连...
2025-04-28 21:03:06,839 - INFO - Websocket connected
2025-04-28 21:03:06,840 - INFO - 连接建立
2025-04-28 21:03:08,653 - INFO - 重连成功
2025-04-28 21:03:08,702 - WARNING - 错误码：10165，信息：invalid handle
2025-04-28 21:03:09,200 - INFO - 连接关闭
2025-04-28 21:03:10,216 - INFO - 尝试第1次重连...
2025-04-28 21:03:10,378 - INFO - Websocket connected
2025-04-28 21:03:10,378 - INFO - 连接建立
2025-04-28 21:03:12,225 - INFO - 重连成功
2025-04-28 21:03:12,267 - WARNING - 错误码：10165，信息：invalid handle
2025-04-28 21:03:12,764 - INFO - 连接关闭
2025-04-28 21:03:13,771 - INFO - 尝试第1次重连...
2025-04-28 21:03:13,944 - INFO - Websocket connected
2025-04-28 21:03:13,945 - INFO - 连接建立
2025-04-28 21:03:15,778 - INFO - 重连成功
2025-04-28 21:03:15,821 - WARNING - 错误码：10165，信息：invalid handle
2025-04-28 21:03:16,320 - INFO - 连接关闭
2025-04-28 21:03:17,333 - INFO - 尝试第1次重连...
2025-04-28 21:03:17,500 - INFO - Websocket connected
2025-04-28 21:03:17,501 - INFO - 连接建立
2025-04-28 21:03:19,337 - INFO - 重连成功
2025-04-28 21:03:19,375 - WARNING - 错误码：10165，信息：invalid handle
2025-04-28 21:03:19,875 - INFO - 连接关闭
2025-04-28 21:03:20,882 - INFO - 尝试第1次重连...
2025-04-28 21:03:21,037 - INFO - Websocket connected
2025-04-28 21:03:21,037 - INFO - 连接建立
2025-04-28 21:03:22,889 - INFO - 重连成功
2025-04-28 21:03:22,934 - WARNING - 错误码：10165，信息：invalid handle
2025-04-28 21:03:23,432 - INFO - 连接关闭
2025-04-28 21:03:24,438 - INFO - 尝试第1次重连...
2025-04-28 21:03:24,611 - INFO - Websocket connected
2025-04-28 21:03:24,612 - INFO - 连接建立
2025-04-28 21:03:26,453 - INFO - 重连成功
2025-04-28 21:03:26,523 - WARNING - 错误码：10165，信息：invalid handle
2025-04-28 21:03:27,016 - INFO - 连接关闭
2025-04-28 21:03:28,029 - INFO - 尝试第1次重连...
2025-04-28 21:03:28,253 - INFO - Websocket connected
2025-04-28 21:03:28,253 - INFO - 连接建立
2025-04-28 21:03:30,044 - INFO - 重连成功
2025-04-28 21:03:30,096 - WARNING - 错误码：10165，信息：invalid handle
2025-04-28 21:03:30,581 - INFO - 连接关闭
2025-04-28 21:03:31,586 - INFO - 尝试第1次重连...
2025-04-28 21:03:31,763 - INFO - Websocket connected
2025-04-28 21:03:31,763 - INFO - 连接建立
2025-04-28 21:03:33,590 - INFO - 重连成功
2025-04-28 21:03:33,628 - WARNING - 错误码：10165，信息：invalid handle
2025-04-28 21:03:34,133 - INFO - 连接关闭
2025-04-28 21:03:35,144 - INFO - 尝试第1次重连...
2025-04-28 21:03:35,307 - INFO - Websocket connected
2025-04-28 21:03:35,308 - INFO - 连接建立
2025-04-28 21:03:37,155 - INFO - 重连成功
2025-04-28 21:03:37,192 - WARNING - 错误码：10165，信息：invalid handle
2025-04-28 21:03:37,695 - INFO - 连接关闭
2025-04-28 21:03:38,707 - INFO - 尝试第1次重连...
2025-04-28 21:03:38,866 - INFO - Websocket connected
2025-04-28 21:03:38,867 - INFO - 连接建立
2025-04-28 21:03:40,716 - INFO - 重连成功
2025-04-28 21:03:40,754 - WARNING - 错误码：10165，信息：invalid handle
2025-04-28 21:03:41,255 - INFO - 连接关闭
2025-04-28 21:03:42,261 - INFO - 尝试第1次重连...
2025-04-28 21:03:42,420 - INFO - Websocket connected
2025-04-28 21:03:42,421 - INFO - 连接建立
2025-04-28 21:03:44,266 - INFO - 重连成功
2025-04-28 21:03:44,303 - WARNING - 错误码：10165，信息：invalid handle
2025-04-28 21:03:44,804 - INFO - 连接关闭
2025-04-28 21:03:45,820 - INFO - 尝试第1次重连...
2025-04-28 21:03:45,984 - INFO - Websocket connected
2025-04-28 21:03:45,984 - INFO - 连接建立
2025-04-28 21:03:47,832 - INFO - 重连成功
2025-04-28 21:03:47,863 - WARNING - 检测到连接丢失，尝试恢复...
2025-04-28 21:03:47,870 - WARNING - 错误码：10165，信息：invalid handle
2025-04-28 21:03:48,371 - INFO - 连接关闭
2025-04-28 21:03:48,870 - INFO - 尝试第1次重连...
2025-04-28 21:03:49,223 - INFO - Websocket connected
2025-04-28 21:03:49,223 - INFO - 连接建立
2025-04-28 21:03:49,387 - INFO - 尝试第1次重连...
2025-04-28 21:03:50,873 - INFO - 重连成功
2025-04-28 21:03:50,912 - INFO - 连接关闭
2025-04-28 21:03:51,571 - INFO - Websocket connected
2025-04-28 21:03:51,571 - INFO - 连接建立
2025-04-28 21:03:53,427 - INFO - 重连成功
2025-04-28 21:03:53,465 - WARNING - 错误码：10165，信息：invalid handle
2025-04-28 21:03:53,965 - INFO - 连接关闭
2025-04-28 21:03:54,981 - INFO - 尝试第1次重连...
2025-04-28 21:03:55,356 - INFO - Websocket connected
2025-04-28 21:03:55,357 - INFO - 连接建立
2025-04-28 21:03:56,989 - INFO - 重连成功
2025-04-28 21:03:57,029 - WARNING - 错误码：10165，信息：invalid handle
2025-04-28 21:03:57,529 - INFO - 连接关闭
2025-04-28 21:03:58,536 - INFO - 尝试第1次重连...
2025-04-28 21:03:58,689 - INFO - Websocket connected
2025-04-28 21:03:58,690 - INFO - 连接建立
2025-04-28 21:04:00,552 - INFO - 重连成功
2025-04-28 21:04:00,591 - WARNING - 错误码：10165，信息：invalid handle
2025-04-28 21:04:01,090 - INFO - 连接关闭
2025-04-28 21:04:02,098 - INFO - 尝试第1次重连...
2025-04-28 21:04:02,271 - INFO - Websocket connected
2025-04-28 21:04:02,272 - INFO - 连接建立
2025-04-28 21:04:04,107 - INFO - 重连成功
2025-04-28 21:04:04,150 - WARNING - 错误码：10165，信息：invalid handle
2025-04-28 21:04:04,652 - INFO - 连接关闭
2025-04-28 21:04:05,656 - INFO - 尝试第1次重连...
2025-04-28 21:04:05,830 - INFO - Websocket connected
2025-04-28 21:04:05,830 - INFO - 连接建立
2025-04-28 21:04:07,662 - INFO - 重连成功
2025-04-28 21:04:07,703 - WARNING - 错误码：10165，信息：invalid handle
2025-04-28 21:04:08,206 - INFO - 连接关闭
2025-04-28 21:04:09,218 - INFO - 尝试第1次重连...
2025-04-28 21:04:09,383 - INFO - Websocket connected
2025-04-28 21:04:09,383 - INFO - 连接建立
2025-04-28 21:04:11,224 - INFO - 重连成功
2025-04-28 21:04:11,266 - WARNING - 错误码：10165，信息：invalid handle
2025-04-28 21:04:11,759 - INFO - 连接关闭
2025-04-28 21:04:12,760 - INFO - 尝试第1次重连...
2025-04-28 21:04:12,921 - INFO - Websocket connected
2025-04-28 21:04:12,922 - INFO - 连接建立
2025-04-28 21:04:14,770 - INFO - 重连成功
2025-04-28 21:04:14,819 - WARNING - 错误码：10165，信息：invalid handle
2025-04-28 21:04:15,317 - INFO - 连接关闭
2025-04-28 21:04:16,318 - INFO - 尝试第1次重连...
2025-04-28 21:04:16,764 - INFO - Websocket connected
2025-04-28 21:04:16,764 - INFO - 连接建立
2025-04-28 21:04:18,326 - INFO - 重连成功
2025-04-28 21:04:18,448 - WARNING - 错误码：10165，信息：invalid handle
2025-04-28 21:04:19,026 - INFO - 连接关闭
2025-04-28 21:04:20,040 - INFO - 尝试第1次重连...
2025-04-28 21:04:20,200 - INFO - Websocket connected
2025-04-28 21:04:20,200 - INFO - 连接建立
2025-04-28 21:04:22,054 - INFO - 重连成功
2025-04-28 21:04:22,089 - WARNING - 错误码：10165，信息：invalid handle
2025-04-28 21:04:22,588 - INFO - 连接关闭
2025-04-28 21:04:23,590 - INFO - 尝试第1次重连...
2025-04-28 21:04:23,754 - INFO - Websocket connected
2025-04-28 21:04:23,755 - INFO - 连接建立
2025-04-28 21:04:25,597 - INFO - 重连成功
2025-04-28 21:04:25,635 - WARNING - 错误码：10165，信息：invalid handle
2025-04-28 21:04:26,138 - INFO - 连接关闭
2025-04-28 21:04:27,154 - INFO - 尝试第1次重连...
2025-04-28 21:04:27,308 - INFO - Websocket connected
2025-04-28 21:04:27,309 - INFO - 连接建立
2025-04-28 21:04:29,161 - INFO - 重连成功
2025-04-28 21:04:29,200 - WARNING - 错误码：10165，信息：invalid handle
2025-04-28 21:04:29,699 - INFO - 连接关闭
2025-04-28 21:04:30,704 - INFO - 尝试第1次重连...
2025-04-28 21:04:30,863 - INFO - Websocket connected
2025-04-28 21:04:30,863 - INFO - 连接建立
2025-04-28 21:04:32,707 - INFO - 重连成功
2025-04-28 21:04:32,743 - WARNING - 错误码：10165，信息：invalid handle
2025-04-28 21:04:33,243 - INFO - 连接关闭
2025-04-28 21:04:34,250 - INFO - 尝试第1次重连...
2025-04-28 21:04:34,540 - INFO - Websocket connected
2025-04-28 21:04:34,540 - INFO - 连接建立
2025-04-28 21:04:36,265 - INFO - 重连成功
2025-04-28 21:04:36,300 - WARNING - 错误码：10165，信息：invalid handle
2025-04-28 21:04:36,801 - INFO - 连接关闭
2025-04-28 21:04:37,805 - INFO - 尝试第1次重连...
2025-04-28 21:04:37,976 - INFO - Websocket connected
2025-04-28 21:04:37,977 - INFO - 连接建立
2025-04-28 21:04:39,810 - INFO - 重连成功
2025-04-28 21:04:39,859 - WARNING - 错误码：10165，信息：invalid handle
2025-04-28 21:04:40,362 - INFO - 连接关闭
2025-04-28 21:04:41,375 - INFO - 尝试第1次重连...
2025-04-28 21:04:41,544 - INFO - Websocket connected
2025-04-28 21:04:41,545 - INFO - 连接建立
2025-04-28 21:04:43,378 - INFO - 重连成功
2025-04-28 21:04:43,417 - WARNING - 错误码：10165，信息：invalid handle
2025-04-28 21:04:43,916 - INFO - 连接关闭
2025-04-28 21:04:44,928 - INFO - 尝试第1次重连...
2025-04-28 21:04:45,091 - INFO - Websocket connected
2025-04-28 21:04:45,091 - INFO - 连接建立
2025-04-28 21:04:46,942 - INFO - 重连成功
2025-04-28 21:04:46,981 - WARNING - 错误码：10165，信息：invalid handle
2025-04-28 21:04:47,480 - INFO - 连接关闭
2025-04-28 21:04:48,492 - INFO - 尝试第1次重连...
2025-04-28 21:04:48,674 - INFO - Websocket connected
2025-04-28 21:04:48,675 - INFO - 连接建立
2025-04-28 21:04:50,506 - INFO - 重连成功
2025-04-28 21:04:50,549 - WARNING - 错误码：10165，信息：invalid handle
2025-04-28 21:04:51,047 - INFO - 连接关闭
2025-04-28 21:04:52,059 - INFO - 尝试第1次重连...
2025-04-28 21:04:52,207 - INFO - Websocket connected
2025-04-28 21:04:52,207 - INFO - 连接建立
2025-04-28 21:04:54,060 - INFO - 重连成功
2025-04-28 21:04:54,098 - WARNING - 错误码：10165，信息：invalid handle
2025-04-28 21:04:54,601 - INFO - 连接关闭
2025-04-28 21:04:55,614 - INFO - 尝试第1次重连...
2025-04-28 21:04:55,780 - INFO - Websocket connected
2025-04-28 21:04:55,781 - INFO - 连接建立
2025-04-28 21:04:57,626 - INFO - 重连成功
2025-04-28 21:04:57,666 - WARNING - 错误码：10165，信息：invalid handle
2025-04-28 21:04:58,165 - INFO - 连接关闭
2025-04-28 21:04:59,179 - INFO - 尝试第1次重连...
2025-04-28 21:04:59,324 - INFO - Websocket connected
2025-04-28 21:04:59,324 - INFO - 连接建立
2025-04-28 21:05:01,196 - INFO - 重连成功
2025-04-28 21:05:01,229 - WARNING - 错误码：10165，信息：invalid handle
2025-04-28 21:05:01,730 - INFO - 连接关闭
2025-04-28 21:05:02,733 - INFO - 尝试第1次重连...
2025-04-28 21:05:02,882 - INFO - Websocket connected
2025-04-28 21:05:02,883 - INFO - 连接建立
2025-04-28 21:05:04,734 - INFO - 重连成功
2025-04-28 21:05:04,777 - WARNING - 错误码：10165，信息：invalid handle
2025-04-28 21:05:05,270 - INFO - 连接关闭
2025-04-28 21:05:06,284 - INFO - 尝试第1次重连...
2025-04-28 21:05:06,444 - INFO - Websocket connected
2025-04-28 21:05:06,444 - INFO - 连接建立
2025-04-28 21:05:08,300 - INFO - 重连成功
2025-04-28 21:05:08,339 - WARNING - 错误码：10165，信息：invalid handle
2025-04-28 21:05:08,839 - INFO - 连接关闭
2025-04-28 21:05:09,842 - INFO - 尝试第1次重连...
2025-04-28 21:05:10,008 - INFO - Websocket connected
2025-04-28 21:05:10,008 - INFO - 连接建立
2025-04-28 21:05:11,855 - INFO - 重连成功
2025-04-28 21:05:11,891 - WARNING - 错误码：10165，信息：invalid handle
2025-04-28 21:05:12,390 - INFO - 连接关闭
2025-04-28 21:05:13,393 - INFO - 尝试第1次重连...
2025-04-28 21:05:13,546 - INFO - Websocket connected
2025-04-28 21:05:13,547 - INFO - 连接建立
2025-04-28 21:05:15,394 - INFO - 重连成功
2025-04-28 21:05:15,430 - WARNING - 错误码：10165，信息：invalid handle
2025-04-28 21:05:15,929 - INFO - 连接关闭
2025-04-28 21:05:16,934 - INFO - 尝试第1次重连...
2025-04-28 21:05:17,105 - INFO - Websocket connected
2025-04-28 21:05:17,106 - INFO - 连接建立
2025-04-28 21:05:18,938 - INFO - 重连成功
2025-04-28 21:05:18,978 - WARNING - 错误码：10165，信息：invalid handle
2025-04-28 21:05:19,478 - INFO - 连接关闭
2025-04-28 21:05:20,490 - INFO - 尝试第1次重连...
2025-04-28 21:05:20,645 - INFO - Websocket connected
2025-04-28 21:05:20,646 - INFO - 连接建立
2025-04-28 21:05:22,506 - INFO - 重连成功
2025-04-28 21:05:22,545 - WARNING - 错误码：10165，信息：invalid handle
2025-04-28 21:05:23,043 - INFO - 连接关闭
2025-04-28 21:05:24,055 - INFO - 尝试第1次重连...
2025-04-28 21:05:24,225 - INFO - Websocket connected
2025-04-28 21:05:24,225 - INFO - 连接建立
2025-04-28 21:05:26,058 - INFO - 重连成功
2025-04-28 21:05:26,097 - WARNING - 错误码：10165，信息：invalid handle
2025-04-28 21:05:26,597 - INFO - 连接关闭
2025-04-28 21:05:27,613 - INFO - 尝试第1次重连...
2025-04-28 21:05:27,778 - INFO - Websocket connected
2025-04-28 21:05:27,778 - INFO - 连接建立
2025-04-28 21:05:29,628 - INFO - 重连成功
2025-04-28 21:05:29,668 - WARNING - 错误码：10165，信息：invalid handle
2025-04-28 21:05:30,171 - INFO - 连接关闭
2025-04-28 21:05:31,173 - INFO - 尝试第1次重连...
2025-04-28 21:05:31,315 - INFO - Websocket connected
2025-04-28 21:05:31,315 - INFO - 连接建立
2025-04-28 21:05:33,186 - INFO - 重连成功
2025-04-28 21:05:33,221 - WARNING - 错误码：10165，信息：invalid handle
2025-04-28 21:05:33,720 - INFO - 连接关闭
2025-04-28 21:05:34,724 - INFO - 尝试第1次重连...
2025-04-28 21:05:34,897 - INFO - Websocket connected
2025-04-28 21:05:34,898 - INFO - 连接建立
2025-04-28 21:05:36,736 - INFO - 重连成功
2025-04-28 21:05:36,774 - WARNING - 错误码：10165，信息：invalid handle
2025-04-28 21:05:37,275 - INFO - 连接关闭
2025-04-28 21:05:38,289 - INFO - 尝试第1次重连...
2025-04-28 21:05:38,445 - INFO - Websocket connected
2025-04-28 21:05:38,446 - INFO - 连接建立
2025-04-28 21:05:40,297 - INFO - 重连成功
2025-04-28 21:05:40,335 - WARNING - 错误码：10165，信息：invalid handle
2025-04-28 21:05:40,834 - INFO - 连接关闭
2025-04-28 21:05:41,838 - INFO - 尝试第1次重连...
2025-04-28 21:05:41,990 - INFO - Websocket connected
2025-04-28 21:05:41,992 - INFO - 连接建立
2025-04-28 21:05:43,844 - INFO - 重连成功
2025-04-28 21:05:43,880 - WARNING - 错误码：10165，信息：invalid handle
2025-04-28 21:05:44,382 - INFO - 连接关闭
2025-04-28 21:05:45,397 - INFO - 尝试第1次重连...
2025-04-28 21:05:45,565 - INFO - Websocket connected
2025-04-28 21:05:45,566 - INFO - 连接建立
2025-04-28 21:05:47,406 - INFO - 重连成功
2025-04-28 21:05:47,446 - WARNING - 错误码：10165，信息：invalid handle
2025-04-28 21:05:47,946 - INFO - 连接关闭
2025-04-28 21:05:48,950 - INFO - 尝试第1次重连...
2025-04-28 21:05:49,108 - INFO - Websocket connected
2025-04-28 21:05:49,109 - INFO - 连接建立
2025-04-28 21:05:50,965 - INFO - 重连成功
2025-04-28 21:05:51,003 - WARNING - 错误码：10165，信息：invalid handle
2025-04-28 21:05:51,502 - INFO - 连接关闭
2025-04-28 21:05:52,513 - INFO - 尝试第1次重连...
2025-04-28 21:05:52,677 - INFO - Websocket connected
2025-04-28 21:05:52,678 - INFO - 连接建立
2025-04-28 21:05:54,515 - INFO - 重连成功
2025-04-28 21:05:54,560 - WARNING - 错误码：10165，信息：invalid handle
2025-04-28 21:05:55,060 - INFO - 连接关闭
2025-04-28 21:05:56,062 - INFO - 尝试第1次重连...
2025-04-28 21:05:56,209 - INFO - Websocket connected
2025-04-28 21:05:56,210 - INFO - 连接建立
2025-04-28 21:05:58,072 - INFO - 重连成功
2025-04-28 21:05:58,109 - WARNING - 错误码：10165，信息：invalid handle
2025-04-28 21:05:58,609 - INFO - 连接关闭
2025-04-28 21:05:59,620 - INFO - 尝试第1次重连...
2025-04-28 21:05:59,778 - INFO - Websocket connected
2025-04-28 21:05:59,778 - INFO - 连接建立
2025-04-28 21:06:01,635 - INFO - 重连成功
2025-04-28 21:06:01,675 - WARNING - 错误码：10165，信息：invalid handle
2025-04-28 21:06:02,176 - INFO - 连接关闭
2025-04-28 21:06:03,180 - INFO - 尝试第1次重连...
2025-04-28 21:06:03,334 - INFO - Websocket connected
2025-04-28 21:06:03,334 - INFO - 连接建立
2025-04-28 21:06:05,187 - INFO - 重连成功
2025-04-28 21:06:05,221 - WARNING - 错误码：10165，信息：invalid handle
2025-04-28 21:06:05,725 - INFO - 连接关闭
2025-04-28 21:06:06,727 - INFO - 尝试第1次重连...
2025-04-28 21:06:06,882 - INFO - Websocket connected
2025-04-28 21:06:06,882 - INFO - 连接建立
2025-04-28 21:06:08,729 - INFO - 重连成功
2025-04-28 21:06:08,764 - WARNING - 错误码：10165，信息：invalid handle
2025-04-28 21:06:09,265 - INFO - 连接关闭
2025-04-28 21:06:10,267 - INFO - 尝试第1次重连...
2025-04-28 21:06:10,438 - INFO - Websocket connected
2025-04-28 21:06:10,439 - INFO - 连接建立
2025-04-28 21:06:12,275 - INFO - 重连成功
2025-04-28 21:06:12,321 - WARNING - 错误码：10165，信息：invalid handle
2025-04-28 21:06:12,818 - INFO - 连接关闭
2025-04-28 21:06:13,833 - INFO - 尝试第1次重连...
2025-04-28 21:06:13,995 - INFO - Websocket connected
2025-04-28 21:06:13,995 - INFO - 连接建立
2025-04-28 21:06:15,838 - INFO - 重连成功
2025-04-28 21:06:15,878 - WARNING - 错误码：10165，信息：invalid handle
2025-04-28 21:06:16,380 - INFO - 连接关闭
2025-04-28 21:06:17,381 - INFO - 尝试第1次重连...
2025-04-28 21:06:17,542 - INFO - Websocket connected
2025-04-28 21:06:17,543 - INFO - 连接建立
2025-04-28 21:06:19,396 - INFO - 重连成功
2025-04-28 21:06:19,436 - WARNING - 错误码：10165，信息：invalid handle
2025-04-28 21:06:19,936 - INFO - 连接关闭
2025-04-28 21:06:20,951 - INFO - 尝试第1次重连...
2025-04-28 21:06:21,113 - INFO - Websocket connected
2025-04-28 21:06:21,113 - INFO - 连接建立
2025-04-28 21:06:22,960 - INFO - 重连成功
2025-04-28 21:06:23,000 - WARNING - 错误码：10165，信息：invalid handle
2025-04-28 21:06:23,500 - INFO - 连接关闭
2025-04-28 21:06:24,515 - INFO - 尝试第1次重连...
2025-04-28 21:06:24,674 - INFO - Websocket connected
2025-04-28 21:06:24,674 - INFO - 连接建立
2025-04-28 21:06:26,527 - INFO - 重连成功
2025-04-28 21:06:26,562 - WARNING - 错误码：10165，信息：invalid handle
2025-04-28 21:06:27,062 - INFO - 连接关闭
2025-04-28 21:06:28,068 - INFO - 尝试第1次重连...
2025-04-28 21:06:28,227 - INFO - Websocket connected
2025-04-28 21:06:28,227 - INFO - 连接建立
2025-04-28 21:06:30,077 - INFO - 重连成功
2025-04-28 21:06:30,114 - WARNING - 错误码：10165，信息：invalid handle
2025-04-28 21:06:30,614 - INFO - 连接关闭
2025-04-28 21:06:31,624 - INFO - 尝试第1次重连...
2025-04-28 21:06:31,765 - INFO - Websocket connected
2025-04-28 21:06:31,765 - INFO - 连接建立
2025-04-28 21:06:33,637 - INFO - 重连成功
2025-04-28 21:06:33,670 - WARNING - 错误码：10165，信息：invalid handle
2025-04-28 21:06:34,173 - INFO - 连接关闭
2025-04-28 21:06:35,188 - INFO - 尝试第1次重连...
2025-04-28 21:06:35,344 - INFO - Websocket connected
2025-04-28 21:06:35,344 - INFO - 连接建立
2025-04-28 21:06:37,190 - INFO - 重连成功
2025-04-28 21:06:37,229 - WARNING - 错误码：10165，信息：invalid handle
2025-04-28 21:06:37,728 - INFO - 连接关闭
2025-04-28 21:06:38,740 - INFO - 尝试第1次重连...
2025-04-28 21:06:38,908 - INFO - Websocket connected
2025-04-28 21:06:38,908 - INFO - 连接建立
2025-04-28 21:06:40,753 - INFO - 重连成功
2025-04-28 21:06:40,796 - WARNING - 错误码：10165，信息：invalid handle
2025-04-28 21:06:41,295 - INFO - 连接关闭
2025-04-28 21:06:42,307 - INFO - 尝试第1次重连...
2025-04-28 21:06:42,449 - INFO - Websocket connected
2025-04-28 21:06:42,450 - INFO - 连接建立
2025-04-28 21:06:44,312 - INFO - 重连成功
2025-04-28 21:06:44,347 - WARNING - 错误码：10165，信息：invalid handle
2025-04-28 21:06:44,850 - INFO - 连接关闭
2025-04-28 21:06:45,862 - INFO - 尝试第1次重连...
2025-04-28 21:06:46,016 - INFO - Websocket connected
2025-04-28 21:06:46,016 - INFO - 连接建立
2025-04-28 21:06:47,864 - INFO - 重连成功
2025-04-28 21:06:47,902 - WARNING - 错误码：10165，信息：invalid handle
2025-04-28 21:06:48,403 - INFO - 连接关闭
2025-04-28 21:06:49,412 - INFO - 尝试第1次重连...
2025-04-28 21:06:49,560 - INFO - Websocket connected
2025-04-28 21:06:49,560 - INFO - 连接建立
2025-04-28 21:06:51,428 - INFO - 重连成功
2025-04-28 21:06:51,464 - WARNING - 错误码：10165，信息：invalid handle
2025-04-28 21:06:51,964 - INFO - 连接关闭
2025-04-28 21:06:52,967 - INFO - 尝试第1次重连...
2025-04-28 21:06:53,160 - INFO - Websocket connected
2025-04-28 21:06:53,161 - INFO - 连接建立
2025-04-28 21:06:54,972 - INFO - 重连成功
2025-04-28 21:06:55,014 - WARNING - 错误码：10165，信息：invalid handle
2025-04-28 21:06:55,514 - INFO - 连接关闭
2025-04-28 21:06:56,530 - INFO - 尝试第1次重连...
2025-04-28 21:06:56,697 - INFO - Websocket connected
2025-04-28 21:06:56,697 - INFO - 连接建立
2025-04-28 21:06:58,536 - INFO - 重连成功
2025-04-28 21:06:58,575 - WARNING - 错误码：10165，信息：invalid handle
2025-04-28 21:06:59,076 - INFO - 连接关闭
2025-04-28 21:07:00,086 - INFO - 尝试第1次重连...
2025-04-28 21:07:00,235 - INFO - Websocket connected
2025-04-28 21:07:00,235 - INFO - 连接建立
2025-04-28 21:07:02,095 - INFO - 重连成功
2025-04-28 21:07:02,131 - WARNING - 错误码：10165，信息：invalid handle
2025-04-28 21:07:02,632 - INFO - 连接关闭
2025-04-28 21:07:03,636 - INFO - 尝试第1次重连...
2025-04-28 21:07:03,779 - INFO - Websocket connected
2025-04-28 21:07:03,781 - INFO - 连接建立
2025-04-28 21:07:05,649 - INFO - 重连成功
2025-04-28 21:07:05,685 - WARNING - 错误码：10165，信息：invalid handle
2025-04-28 21:07:06,191 - INFO - 连接关闭
2025-04-28 21:07:07,207 - INFO - 尝试第1次重连...
2025-04-28 21:07:07,387 - INFO - Websocket connected
2025-04-28 21:07:07,387 - INFO - 连接建立
2025-04-28 21:07:09,213 - INFO - 重连成功
2025-04-28 21:07:09,256 - WARNING - 错误码：10165，信息：invalid handle
2025-04-28 21:07:09,759 - INFO - 连接关闭
2025-04-28 21:07:10,766 - INFO - 尝试第1次重连...
2025-04-28 21:07:10,935 - INFO - Websocket connected
2025-04-28 21:07:10,935 - INFO - 连接建立
2025-04-28 21:07:12,777 - INFO - 重连成功
2025-04-28 21:07:12,822 - WARNING - 错误码：10165，信息：invalid handle
2025-04-28 21:07:13,319 - INFO - 连接关闭
2025-04-28 21:07:14,333 - INFO - 尝试第1次重连...
2025-04-28 21:07:14,504 - INFO - Websocket connected
2025-04-28 21:07:14,505 - INFO - 连接建立
2025-04-28 21:07:16,342 - INFO - 重连成功
2025-04-28 21:07:16,385 - WARNING - 错误码：10165，信息：invalid handle
2025-04-28 21:07:16,884 - INFO - 连接关闭
2025-04-28 21:07:17,900 - INFO - 尝试第1次重连...
2025-04-28 21:07:18,069 - INFO - Websocket connected
2025-04-28 21:07:18,069 - INFO - 连接建立
2025-04-28 21:07:19,906 - INFO - 重连成功
2025-04-28 21:07:19,950 - WARNING - 错误码：10165，信息：invalid handle
2025-04-28 21:07:20,444 - INFO - 连接关闭
2025-04-28 21:07:21,458 - INFO - 尝试第1次重连...
2025-04-28 21:07:21,635 - INFO - Websocket connected
2025-04-28 21:07:21,635 - INFO - 连接建立
2025-04-28 21:07:23,462 - INFO - 重连成功
2025-04-28 21:07:23,501 - WARNING - 错误码：10165，信息：invalid handle
2025-04-28 21:07:24,002 - INFO - 连接关闭
2025-04-28 21:07:25,007 - INFO - 尝试第1次重连...
2025-04-28 21:07:25,161 - INFO - Websocket connected
2025-04-28 21:07:25,162 - INFO - 连接建立
2025-04-28 21:07:27,011 - INFO - 重连成功
2025-04-28 21:07:27,056 - WARNING - 错误码：10165，信息：invalid handle
2025-04-28 21:07:27,558 - INFO - 连接关闭
2025-04-28 21:07:28,564 - INFO - 尝试第1次重连...
2025-04-28 21:07:28,711 - INFO - Websocket connected
2025-04-28 21:07:28,711 - INFO - 连接建立
2025-04-28 21:07:30,576 - INFO - 重连成功
2025-04-28 21:07:30,703 - WARNING - 错误码：10165，信息：invalid handle
2025-04-28 21:07:31,159 - INFO - 连接关闭
2025-04-28 21:07:32,163 - INFO - 尝试第1次重连...
2025-04-28 21:07:32,328 - INFO - Websocket connected
2025-04-28 21:07:32,328 - INFO - 连接建立
2025-04-28 21:07:34,179 - INFO - 重连成功
2025-04-28 21:07:34,222 - WARNING - 错误码：10165，信息：invalid handle
2025-04-28 21:07:34,719 - INFO - 连接关闭
2025-04-28 21:07:35,734 - INFO - 尝试第1次重连...
2025-04-28 21:07:35,890 - INFO - Websocket connected
2025-04-28 21:07:35,891 - INFO - 连接建立
2025-04-28 21:07:37,743 - INFO - 重连成功
2025-04-28 21:07:37,777 - WARNING - 错误码：10165，信息：invalid handle
2025-04-28 21:07:38,278 - INFO - 连接关闭
2025-04-28 21:07:39,281 - INFO - 尝试第1次重连...
2025-04-28 21:07:39,448 - INFO - Websocket connected
2025-04-28 21:07:39,448 - INFO - 连接建立
2025-04-28 21:07:41,285 - INFO - 重连成功
2025-04-28 21:07:41,332 - WARNING - 错误码：10165，信息：invalid handle
2025-04-28 21:07:41,830 - INFO - 连接关闭
2025-04-28 21:07:42,841 - INFO - 尝试第1次重连...
2025-04-28 21:07:43,006 - INFO - Websocket connected
2025-04-28 21:07:43,007 - INFO - 连接建立
2025-04-28 21:07:44,850 - INFO - 重连成功
2025-04-28 21:07:44,888 - WARNING - 错误码：10165，信息：invalid handle
2025-04-28 21:07:45,389 - INFO - 连接关闭
2025-04-28 21:07:46,399 - INFO - 尝试第1次重连...
2025-04-28 21:07:46,587 - INFO - Websocket connected
2025-04-28 21:07:46,587 - INFO - 连接建立
2025-04-28 21:07:48,408 - INFO - 重连成功
2025-04-28 21:07:48,456 - WARNING - 错误码：10165，信息：invalid handle
2025-04-28 21:07:48,957 - INFO - 连接关闭
2025-04-28 21:07:49,959 - INFO - 尝试第1次重连...
2025-04-28 21:07:50,147 - INFO - Websocket connected
2025-04-28 21:07:50,148 - INFO - 连接建立
2025-04-28 21:07:51,974 - INFO - 重连成功
2025-04-28 21:07:52,011 - WARNING - 错误码：10165，信息：invalid handle
2025-04-28 21:07:52,512 - INFO - 连接关闭
2025-04-28 21:07:53,522 - INFO - 尝试第1次重连...
2025-04-28 21:07:53,694 - INFO - Websocket connected
2025-04-28 21:07:53,695 - INFO - 连接建立
2025-04-28 21:07:55,525 - INFO - 重连成功
2025-04-28 21:07:55,565 - WARNING - 错误码：10165，信息：invalid handle
2025-04-28 21:07:56,064 - INFO - 连接关闭
2025-04-28 21:07:57,079 - INFO - 尝试第1次重连...
2025-04-28 21:07:57,239 - INFO - Websocket connected
2025-04-28 21:07:57,239 - INFO - 连接建立
2025-04-28 21:07:59,087 - INFO - 重连成功
2025-04-28 21:07:59,135 - WARNING - 错误码：10165，信息：invalid handle
2025-04-28 21:07:59,651 - INFO - 连接关闭
2025-04-28 21:08:00,664 - INFO - 尝试第1次重连...
2025-04-28 21:08:00,830 - INFO - Websocket connected
2025-04-28 21:08:00,830 - INFO - 连接建立
2025-04-28 21:08:02,669 - INFO - 重连成功
2025-04-28 21:08:02,715 - WARNING - 错误码：10165，信息：invalid handle
2025-04-28 21:08:03,213 - INFO - 连接关闭
2025-04-28 21:08:04,222 - INFO - 尝试第1次重连...
2025-04-28 21:08:04,398 - INFO - Websocket connected
2025-04-28 21:08:04,399 - INFO - 连接建立
2025-04-28 21:08:06,238 - INFO - 重连成功
2025-04-28 21:08:06,268 - WARNING - 检测到连接丢失，尝试恢复...
2025-04-28 21:08:06,275 - WARNING - 错误码：10165，信息：invalid handle
2025-04-28 21:08:06,804 - INFO - 连接关闭
2025-04-28 21:08:07,280 - INFO - 尝试第1次重连...
2025-04-28 21:08:07,670 - INFO - Websocket connected
2025-04-28 21:08:07,671 - INFO - 连接建立
2025-04-28 21:08:07,805 - INFO - 尝试第1次重连...
2025-04-28 21:08:09,285 - INFO - 重连成功
2025-04-28 21:08:09,324 - INFO - 连接关闭
2025-04-28 21:08:10,021 - INFO - Websocket connected
2025-04-28 21:08:10,022 - INFO - 连接建立
2025-04-28 21:08:11,834 - INFO - 重连成功
2025-04-28 21:08:11,908 - WARNING - 错误码：10165，信息：invalid handle
2025-04-28 21:08:12,395 - INFO - 连接关闭
2025-04-28 21:08:13,400 - INFO - 尝试第1次重连...
2025-04-28 21:08:13,585 - INFO - Websocket connected
2025-04-28 21:08:13,585 - INFO - 连接建立
2025-04-28 21:08:15,403 - INFO - 重连成功
2025-04-28 21:08:15,456 - WARNING - 错误码：10165，信息：invalid handle
2025-04-28 21:08:15,946 - INFO - 连接关闭
2025-04-28 21:08:16,959 - INFO - 尝试第1次重连...
2025-04-28 21:08:17,117 - INFO - Websocket connected
2025-04-28 21:08:17,117 - INFO - 连接建立
2025-04-28 21:08:18,964 - INFO - 重连成功
2025-04-28 21:08:19,010 - WARNING - 错误码：10165，信息：invalid handle
2025-04-28 21:08:19,507 - INFO - 连接关闭
2025-04-28 21:08:20,515 - INFO - 尝试第1次重连...
2025-04-28 21:08:20,733 - INFO - Websocket connected
2025-04-28 21:08:20,734 - INFO - 连接建立
2025-04-28 21:08:22,517 - INFO - 重连成功
2025-04-28 21:08:22,559 - WARNING - 错误码：10165，信息：invalid handle
2025-04-28 21:08:23,057 - INFO - 连接关闭
2025-04-28 21:08:24,072 - INFO - 尝试第1次重连...
2025-04-28 21:08:24,254 - INFO - Websocket connected
2025-04-28 21:08:24,255 - INFO - 连接建立
2025-04-28 21:08:26,082 - INFO - 重连成功
2025-04-28 21:08:26,158 - WARNING - 错误码：10165，信息：invalid handle
2025-04-28 21:08:26,655 - INFO - 连接关闭
2025-04-28 21:08:27,660 - INFO - 尝试第1次重连...
2025-04-28 21:08:27,829 - INFO - Websocket connected
2025-04-28 21:08:27,829 - INFO - 连接建立
2025-04-28 21:08:29,675 - INFO - 重连成功
2025-04-28 21:08:29,716 - WARNING - 错误码：10165，信息：invalid handle
2025-04-28 21:08:30,216 - INFO - 连接关闭
2025-04-28 21:08:31,219 - INFO - 尝试第1次重连...
2025-04-28 21:08:31,402 - INFO - Websocket connected
2025-04-28 21:08:31,403 - INFO - 连接建立
2025-04-28 21:08:33,223 - INFO - 重连成功
2025-04-28 21:08:33,277 - WARNING - 错误码：10165，信息：invalid handle
2025-04-28 21:08:33,797 - INFO - 连接关闭
2025-04-28 21:08:34,806 - INFO - 尝试第1次重连...
2025-04-28 21:08:35,029 - INFO - Websocket connected
2025-04-28 21:08:35,030 - INFO - 连接建立
2025-04-28 21:08:36,818 - INFO - 重连成功
2025-04-28 21:08:36,864 - WARNING - 错误码：10165，信息：invalid handle
2025-04-28 21:08:37,364 - INFO - 连接关闭
2025-04-28 21:08:38,377 - INFO - 尝试第1次重连...
2025-04-28 21:08:38,572 - INFO - Websocket connected
2025-04-28 21:08:38,572 - INFO - 连接建立
2025-04-28 21:08:40,381 - INFO - 重连成功
2025-04-28 21:08:40,426 - WARNING - 错误码：10165，信息：invalid handle
2025-04-28 21:08:40,927 - INFO - 连接关闭
2025-04-28 21:08:41,932 - INFO - 尝试第1次重连...
2025-04-28 21:08:42,102 - INFO - Websocket connected
2025-04-28 21:08:42,103 - INFO - 连接建立
2025-04-28 21:08:43,946 - INFO - 重连成功
2025-04-28 21:08:43,992 - WARNING - 错误码：10165，信息：invalid handle
2025-04-28 21:08:44,495 - INFO - 连接关闭
2025-04-28 21:08:45,505 - INFO - 尝试第1次重连...
2025-04-28 21:08:45,712 - INFO - Websocket connected
2025-04-28 21:08:45,713 - INFO - 连接建立
2025-04-28 21:08:47,521 - INFO - 重连成功
2025-04-28 21:08:47,560 - WARNING - 错误码：10165，信息：invalid handle
2025-04-28 21:08:48,067 - INFO - 连接关闭
2025-04-28 21:08:49,080 - INFO - 尝试第1次重连...
2025-04-28 21:08:49,262 - INFO - Websocket connected
2025-04-28 21:08:49,262 - INFO - 连接建立
2025-04-28 21:08:51,083 - INFO - 重连成功
2025-04-28 21:08:51,124 - WARNING - 错误码：10165，信息：invalid handle
2025-04-28 21:08:51,627 - INFO - 连接关闭
2025-04-28 21:08:52,634 - INFO - 尝试第1次重连...
2025-04-28 21:08:52,815 - INFO - Websocket connected
2025-04-28 21:08:52,816 - INFO - 连接建立
2025-04-28 21:08:54,648 - INFO - 重连成功
2025-04-28 21:08:54,692 - WARNING - 错误码：10165，信息：invalid handle
2025-04-28 21:08:55,192 - INFO - 连接关闭
2025-04-28 21:08:56,202 - INFO - 尝试第1次重连...
2025-04-28 21:08:56,368 - INFO - Websocket connected
2025-04-28 21:08:56,368 - INFO - 连接建立
2025-04-28 21:08:58,214 - INFO - 重连成功
2025-04-28 21:08:58,263 - WARNING - 错误码：10165，信息：invalid handle
2025-04-28 21:08:58,765 - INFO - 连接关闭
2025-04-28 21:08:59,773 - INFO - 尝试第1次重连...
2025-04-28 21:08:59,918 - INFO - Websocket connected
2025-04-28 21:08:59,918 - INFO - 连接建立
2025-04-28 21:09:01,780 - INFO - 重连成功
2025-04-28 21:09:01,814 - WARNING - 错误码：10165，信息：invalid handle
2025-04-28 21:09:02,314 - INFO - 连接关闭
2025-04-28 21:09:03,319 - INFO - 尝试第1次重连...
2025-04-28 21:09:03,499 - INFO - Websocket connected
2025-04-28 21:09:03,500 - INFO - 连接建立
2025-04-28 21:09:05,333 - INFO - 重连成功
2025-04-28 21:09:05,375 - WARNING - 错误码：10165，信息：invalid handle
2025-04-28 21:09:05,880 - INFO - 连接关闭
2025-04-28 21:09:06,893 - INFO - 尝试第1次重连...
2025-04-28 21:09:07,051 - INFO - Websocket connected
2025-04-28 21:09:07,051 - INFO - 连接建立
2025-04-28 21:09:08,894 - INFO - 重连成功
2025-04-28 21:09:08,935 - WARNING - 错误码：10165，信息：invalid handle
2025-04-28 21:09:09,435 - INFO - 连接关闭
2025-04-28 21:09:10,438 - INFO - 尝试第1次重连...
2025-04-28 21:09:10,598 - INFO - Websocket connected
2025-04-28 21:09:10,600 - INFO - 连接建立
2025-04-28 21:09:12,442 - INFO - 重连成功
2025-04-28 21:09:12,479 - WARNING - 错误码：10165，信息：invalid handle
2025-04-28 21:09:12,982 - INFO - 连接关闭
2025-04-28 21:09:13,994 - INFO - 尝试第1次重连...
2025-04-28 21:09:14,156 - INFO - Websocket connected
2025-04-28 21:09:14,156 - INFO - 连接建立
2025-04-28 21:09:15,998 - INFO - 重连成功
2025-04-28 21:09:16,040 - WARNING - 错误码：10165，信息：invalid handle
2025-04-28 21:09:16,536 - INFO - 连接关闭
2025-04-28 21:09:17,551 - INFO - 尝试第1次重连...
2025-04-28 21:09:17,717 - INFO - Websocket connected
2025-04-28 21:09:17,718 - INFO - 连接建立
2025-04-28 21:09:19,555 - INFO - 重连成功
2025-04-28 21:09:19,596 - WARNING - 错误码：10165，信息：invalid handle
2025-04-28 21:09:20,098 - INFO - 连接关闭
2025-04-28 21:09:21,099 - INFO - 尝试第1次重连...
2025-04-28 21:09:21,276 - INFO - Websocket connected
2025-04-28 21:09:21,276 - INFO - 连接建立
2025-04-28 21:09:23,104 - INFO - 重连成功
2025-04-28 21:09:23,161 - WARNING - 错误码：10165，信息：invalid handle
2025-04-28 21:09:23,649 - INFO - 连接关闭
2025-04-28 21:09:24,654 - INFO - 尝试第1次重连...
2025-04-28 21:09:24,820 - INFO - Websocket connected
2025-04-28 21:09:24,820 - INFO - 连接建立
2025-04-28 21:09:26,659 - INFO - 重连成功
2025-04-28 21:09:26,701 - WARNING - 错误码：10165，信息：invalid handle
2025-04-28 21:09:27,201 - INFO - 连接关闭
2025-04-28 21:09:28,207 - INFO - 尝试第1次重连...
2025-04-28 21:09:28,372 - INFO - Websocket connected
2025-04-28 21:09:28,372 - INFO - 连接建立
2025-04-28 21:09:30,210 - INFO - 重连成功
2025-04-28 21:09:30,262 - WARNING - 错误码：10165，信息：invalid handle
2025-04-28 21:09:30,757 - INFO - 连接关闭
2025-04-28 21:09:31,766 - INFO - 尝试第1次重连...
2025-04-28 21:09:31,924 - INFO - Websocket connected
2025-04-28 21:09:31,925 - INFO - 连接建立
2025-04-28 21:09:33,775 - INFO - 重连成功
2025-04-28 21:09:33,814 - WARNING - 错误码：10165，信息：invalid handle
2025-04-28 21:09:34,313 - INFO - 连接关闭
2025-04-28 21:09:35,313 - INFO - 尝试第1次重连...
2025-04-28 21:09:35,497 - INFO - Websocket connected
2025-04-28 21:09:35,498 - INFO - 连接建立
2025-04-28 21:09:37,329 - INFO - 重连成功
2025-04-28 21:09:37,374 - WARNING - 错误码：10165，信息：invalid handle
2025-04-28 21:09:37,874 - INFO - 连接关闭
2025-04-28 21:09:38,876 - INFO - 尝试第1次重连...
2025-04-28 21:09:39,035 - INFO - Websocket connected
2025-04-28 21:09:39,036 - INFO - 连接建立
2025-04-28 21:09:40,880 - INFO - 重连成功
2025-04-28 21:09:40,918 - WARNING - 错误码：10165，信息：invalid handle
2025-04-28 21:09:41,419 - INFO - 连接关闭
2025-04-28 21:09:42,425 - INFO - 尝试第1次重连...
2025-04-28 21:09:42,577 - INFO - Websocket connected
2025-04-28 21:09:42,577 - INFO - 连接建立
2025-04-28 21:09:44,434 - INFO - 重连成功
2025-04-28 21:09:44,465 - WARNING - 检测到连接丢失，尝试恢复...
2025-04-28 21:09:44,600 - WARNING - 错误码：10165，信息：invalid handle
2025-04-28 21:09:45,096 - INFO - 连接关闭
2025-04-28 21:09:45,475 - INFO - 尝试第1次重连...
2025-04-28 21:09:45,656 - INFO - Websocket connected
2025-04-28 21:09:45,657 - INFO - 连接建立
2025-04-28 21:09:46,108 - INFO - 尝试第1次重连...
2025-04-28 21:09:47,482 - INFO - 重连成功
2025-04-28 21:09:47,520 - INFO - 连接关闭
2025-04-28 21:09:48,370 - INFO - Websocket connected
2025-04-28 21:09:48,371 - INFO - 连接建立
2025-04-28 21:09:50,037 - INFO - 重连成功
2025-04-28 21:09:50,107 - WARNING - 错误码：10165，信息：invalid handle
2025-04-28 21:09:50,574 - INFO - 连接关闭
2025-04-28 21:09:51,577 - INFO - 尝试第1次重连...
2025-04-28 21:09:51,782 - INFO - Websocket connected
2025-04-28 21:09:51,782 - INFO - 连接建立
2025-04-28 21:09:53,578 - INFO - 重连成功
2025-04-28 21:09:53,624 - WARNING - 错误码：10165，信息：invalid handle
2025-04-28 21:09:54,124 - INFO - 连接关闭
2025-04-28 21:09:55,126 - INFO - 尝试第1次重连...
2025-04-28 21:09:55,328 - INFO - Websocket connected
2025-04-28 21:09:55,328 - INFO - 连接建立
2025-04-28 21:09:57,136 - INFO - 重连成功
2025-04-28 21:09:57,189 - WARNING - 错误码：10165，信息：invalid handle
2025-04-28 21:09:57,690 - INFO - 连接关闭
2025-04-28 21:09:58,699 - INFO - 尝试第1次重连...
2025-04-28 21:09:58,858 - INFO - Websocket connected
2025-04-28 21:09:58,858 - INFO - 连接建立
2025-04-28 21:10:00,713 - INFO - 重连成功
2025-04-28 21:10:00,751 - WARNING - 错误码：10165，信息：invalid handle
2025-04-28 21:10:01,254 - INFO - 连接关闭
2025-04-28 21:10:02,258 - INFO - 尝试第1次重连...
2025-04-28 21:10:02,430 - INFO - Websocket connected
2025-04-28 21:10:02,432 - INFO - 连接建立
2025-04-28 21:10:04,271 - INFO - 重连成功
2025-04-28 21:10:04,312 - WARNING - 错误码：10165，信息：invalid handle
2025-04-28 21:10:04,812 - INFO - 连接关闭
2025-04-28 21:10:05,824 - INFO - 尝试第1次重连...
2025-04-28 21:10:05,987 - INFO - Websocket connected
2025-04-28 21:10:05,987 - INFO - 连接建立
2025-04-28 21:10:07,840 - INFO - 重连成功
2025-04-28 21:10:07,880 - WARNING - 错误码：10165，信息：invalid handle
2025-04-28 21:10:08,384 - INFO - 连接关闭
2025-04-28 21:10:09,397 - INFO - 尝试第1次重连...
2025-04-28 21:10:09,578 - INFO - Websocket connected
2025-04-28 21:10:09,578 - INFO - 连接建立
2025-04-28 21:10:11,413 - INFO - 重连成功
2025-04-28 21:10:11,458 - WARNING - 错误码：10165，信息：invalid handle
2025-04-28 21:10:11,957 - INFO - 连接关闭
2025-04-28 21:10:12,973 - INFO - 尝试第1次重连...
2025-04-28 21:10:13,132 - INFO - Websocket connected
2025-04-28 21:10:13,133 - INFO - 连接建立
2025-04-28 21:10:14,981 - INFO - 重连成功
2025-04-28 21:10:15,020 - WARNING - 错误码：10165，信息：invalid handle
2025-04-28 21:10:15,526 - INFO - 连接关闭
2025-04-28 21:10:16,535 - INFO - 尝试第1次重连...
2025-04-28 21:10:16,702 - INFO - Websocket connected
2025-04-28 21:10:16,703 - INFO - 连接建立
2025-04-28 21:10:18,552 - INFO - 重连成功
2025-04-28 21:10:18,602 - WARNING - 错误码：10165，信息：invalid handle
2025-04-28 21:10:19,101 - INFO - 连接关闭
2025-04-28 21:10:20,102 - INFO - 尝试第1次重连...
2025-04-28 21:10:20,306 - INFO - Websocket connected
2025-04-28 21:10:20,307 - INFO - 连接建立
2025-04-28 21:10:22,105 - INFO - 重连成功
2025-04-28 21:10:22,152 - WARNING - 错误码：10165，信息：invalid handle
2025-04-28 21:10:22,653 - INFO - 连接关闭
2025-04-28 21:10:23,656 - INFO - 尝试第1次重连...
2025-04-28 21:10:23,823 - INFO - Websocket connected
2025-04-28 21:10:23,825 - INFO - 连接建立
2025-04-28 21:10:25,672 - INFO - 重连成功
2025-04-28 21:10:25,714 - WARNING - 错误码：10165，信息：invalid handle
2025-04-28 21:10:26,215 - INFO - 连接关闭
2025-04-28 21:10:27,227 - INFO - 尝试第1次重连...
2025-04-28 21:10:27,402 - INFO - Websocket connected
2025-04-28 21:10:27,403 - INFO - 连接建立
2025-04-28 21:10:29,232 - INFO - 重连成功
2025-04-28 21:10:29,276 - WARNING - 错误码：10165，信息：invalid handle
2025-04-28 21:10:29,775 - INFO - 连接关闭
2025-04-28 21:10:30,785 - INFO - 尝试第1次重连...
2025-04-28 21:10:30,948 - INFO - Websocket connected
2025-04-28 21:10:30,948 - INFO - 连接建立
2025-04-28 21:10:32,788 - INFO - 重连成功
2025-04-28 21:10:32,829 - WARNING - 错误码：10165，信息：invalid handle
2025-04-28 21:10:33,330 - INFO - 连接关闭
2025-04-28 21:10:34,344 - INFO - 尝试第1次重连...
2025-04-28 21:10:34,507 - INFO - Websocket connected
2025-04-28 21:10:34,507 - INFO - 连接建立
2025-04-28 21:10:36,347 - INFO - 重连成功
2025-04-28 21:10:36,389 - WARNING - 错误码：10165，信息：invalid handle
2025-04-28 21:10:36,888 - INFO - 连接关闭
2025-04-28 21:10:37,896 - INFO - 尝试第1次重连...
2025-04-28 21:10:38,074 - INFO - Websocket connected
2025-04-28 21:10:38,075 - INFO - 连接建立
2025-04-28 21:10:39,905 - INFO - 重连成功
2025-04-28 21:10:39,955 - WARNING - 错误码：10165，信息：invalid handle
2025-04-28 21:10:40,455 - INFO - 连接关闭
2025-04-28 21:10:41,464 - INFO - 尝试第1次重连...
2025-04-28 21:10:41,637 - INFO - Websocket connected
2025-04-28 21:10:41,637 - INFO - 连接建立
2025-04-28 21:10:43,481 - INFO - 重连成功
2025-04-28 21:10:43,522 - WARNING - 错误码：10165，信息：invalid handle
2025-04-28 21:10:44,027 - INFO - 连接关闭
2025-04-28 21:10:45,029 - INFO - 尝试第1次重连...
2025-04-28 21:10:45,217 - INFO - Websocket connected
2025-04-28 21:10:45,217 - INFO - 连接建立
2025-04-28 21:10:47,040 - INFO - 重连成功
2025-04-28 21:10:47,085 - WARNING - 错误码：10165，信息：invalid handle
2025-04-28 21:10:47,586 - INFO - 连接关闭
2025-04-28 21:10:48,602 - INFO - 尝试第1次重连...
2025-04-28 21:10:48,795 - INFO - Websocket connected
2025-04-28 21:10:48,797 - INFO - 连接建立
2025-04-28 21:10:50,616 - INFO - 重连成功
2025-04-28 21:10:50,663 - WARNING - 错误码：10165，信息：invalid handle
2025-04-28 21:10:51,160 - INFO - 连接关闭
2025-04-28 21:10:52,167 - INFO - 尝试第1次重连...
2025-04-28 21:10:52,335 - INFO - Websocket connected
2025-04-28 21:10:52,336 - INFO - 连接建立
2025-04-28 21:10:54,170 - INFO - 重连成功
2025-04-28 21:10:54,214 - WARNING - 错误码：10165，信息：invalid handle
2025-04-28 21:10:54,718 - INFO - 连接关闭
2025-04-28 21:10:55,733 - INFO - 尝试第1次重连...
2025-04-28 21:10:55,890 - INFO - Websocket connected
2025-04-28 21:10:55,890 - INFO - 连接建立
2025-04-28 21:10:57,747 - INFO - 重连成功
2025-04-28 21:10:57,785 - WARNING - 错误码：10165，信息：invalid handle
2025-04-28 21:10:58,286 - INFO - 连接关闭
2025-04-28 21:10:59,292 - INFO - 尝试第1次重连...
2025-04-28 21:10:59,452 - INFO - Websocket connected
2025-04-28 21:10:59,452 - INFO - 连接建立
2025-04-28 21:11:01,306 - INFO - 重连成功
2025-04-28 21:11:01,352 - WARNING - 错误码：10165，信息：invalid handle
2025-04-28 21:11:01,854 - INFO - 连接关闭
2025-04-28 21:11:02,857 - INFO - 尝试第1次重连...
2025-04-28 21:11:03,019 - INFO - Websocket connected
2025-04-28 21:11:03,020 - INFO - 连接建立
2025-04-28 21:11:04,861 - INFO - 重连成功
2025-04-28 21:11:04,897 - WARNING - 错误码：10165，信息：invalid handle
2025-04-28 21:11:05,398 - INFO - 连接关闭
2025-04-28 21:11:06,413 - INFO - 尝试第1次重连...
2025-04-28 21:11:06,581 - INFO - Websocket connected
2025-04-28 21:11:06,582 - INFO - 连接建立
2025-04-28 21:11:08,427 - INFO - 重连成功
2025-04-28 21:11:08,468 - WARNING - 错误码：10165，信息：invalid handle
2025-04-28 21:11:08,968 - INFO - 连接关闭
2025-04-28 21:11:09,979 - INFO - 尝试第1次重连...
2025-04-28 21:11:10,129 - INFO - Websocket connected
2025-04-28 21:11:10,130 - INFO - 连接建立
2025-04-28 21:11:11,981 - INFO - 重连成功
2025-04-28 21:11:12,016 - WARNING - 错误码：10165，信息：invalid handle
2025-04-28 21:11:12,515 - INFO - 连接关闭
2025-04-28 21:11:13,529 - INFO - 尝试第1次重连...
2025-04-28 21:11:13,685 - INFO - Websocket connected
2025-04-28 21:11:13,687 - INFO - 连接建立
2025-04-28 21:11:15,536 - INFO - 重连成功
2025-04-28 21:11:15,572 - WARNING - 错误码：10165，信息：invalid handle
2025-04-28 21:11:16,073 - INFO - 连接关闭
2025-04-28 21:11:17,084 - INFO - 尝试第1次重连...
2025-04-28 21:11:17,243 - INFO - Websocket connected
2025-04-28 21:11:17,244 - INFO - 连接建立
2025-04-28 21:11:19,091 - INFO - 重连成功
2025-04-28 21:11:19,128 - WARNING - 错误码：10165，信息：invalid handle
2025-04-28 21:11:19,627 - INFO - 连接关闭
2025-04-28 21:11:20,642 - INFO - 尝试第1次重连...
2025-04-28 21:11:20,807 - INFO - Websocket connected
2025-04-28 21:11:20,807 - INFO - 连接建立
2025-04-28 21:11:22,643 - INFO - 重连成功
2025-04-28 21:11:22,675 - WARNING - 检测到连接丢失，尝试恢复...
2025-04-28 21:11:22,679 - WARNING - 错误码：10165，信息：invalid handle
2025-04-28 21:11:23,179 - INFO - 连接关闭
2025-04-28 21:11:23,681 - INFO - 尝试第1次重连...
2025-04-28 21:11:23,837 - INFO - Websocket connected
2025-04-28 21:11:23,837 - INFO - 连接建立
2025-04-28 21:11:24,190 - INFO - 尝试第1次重连...
2025-04-28 21:11:25,689 - INFO - 重连成功
2025-04-28 21:11:25,728 - WARNING - 错误码：10165，信息：invalid handle
2025-04-28 21:11:25,728 - INFO - 连接关闭
2025-04-28 21:11:26,394 - INFO - Websocket connected
2025-04-28 21:11:26,395 - INFO - 连接建立
2025-04-28 21:11:26,733 - INFO - 尝试第1次重连...
2025-04-28 21:11:28,233 - INFO - 重连成功
2025-04-28 21:11:28,272 - INFO - 连接关闭
2025-04-28 21:11:28,922 - INFO - Websocket connected
2025-04-28 21:11:28,923 - INFO - 连接建立
2025-04-28 21:11:30,778 - INFO - 重连成功
2025-04-28 21:11:30,814 - WARNING - 错误码：10165，信息：invalid handle
2025-04-28 21:11:31,315 - INFO - 连接关闭
2025-04-28 21:11:32,319 - INFO - 尝试第1次重连...
2025-04-28 21:11:32,465 - INFO - Websocket connected
2025-04-28 21:11:32,465 - INFO - 连接建立
2025-04-28 21:11:34,328 - INFO - 重连成功
2025-04-28 21:11:34,363 - WARNING - 错误码：10165，信息：invalid handle
2025-04-28 21:11:34,864 - INFO - 连接关闭
2025-04-28 21:11:35,878 - INFO - 尝试第1次重连...
2025-04-28 21:11:36,037 - INFO - Websocket connected
2025-04-28 21:11:36,037 - INFO - 连接建立
2025-04-28 21:11:37,886 - INFO - 重连成功
2025-04-28 21:11:37,924 - WARNING - 错误码：10165，信息：invalid handle
2025-04-28 21:11:38,424 - INFO - 连接关闭
2025-04-28 21:11:39,436 - INFO - 尝试第1次重连...
2025-04-28 21:11:39,630 - INFO - Websocket connected
2025-04-28 21:11:39,631 - INFO - 连接建立
2025-04-28 21:11:41,439 - INFO - 重连成功
2025-04-28 21:11:41,479 - WARNING - 错误码：10165，信息：invalid handle
2025-04-28 21:11:41,979 - INFO - 连接关闭
2025-04-28 21:11:42,991 - INFO - 尝试第1次重连...
2025-04-28 21:11:43,158 - INFO - Websocket connected
2025-04-28 21:11:43,159 - INFO - 连接建立
2025-04-28 21:11:44,997 - INFO - 重连成功
2025-04-28 21:11:45,036 - WARNING - 错误码：10165，信息：invalid handle
2025-04-28 21:11:45,537 - INFO - 连接关闭
2025-04-28 21:11:46,542 - INFO - 尝试第1次重连...
2025-04-28 21:11:46,690 - INFO - Websocket connected
2025-04-28 21:11:46,691 - INFO - 连接建立
2025-04-28 21:11:48,552 - INFO - 重连成功
2025-04-28 21:11:48,590 - WARNING - 错误码：10165，信息：invalid handle
2025-04-28 21:11:49,092 - INFO - 连接关闭
2025-04-28 21:11:50,093 - INFO - 尝试第1次重连...
2025-04-28 21:11:50,272 - INFO - Websocket connected
2025-04-28 21:11:50,273 - INFO - 连接建立
2025-04-28 21:11:52,109 - INFO - 重连成功
2025-04-28 21:11:52,148 - WARNING - 错误码：10165，信息：invalid handle
2025-04-28 21:11:52,650 - INFO - 连接关闭
2025-04-28 21:11:53,663 - INFO - 尝试第1次重连...
2025-04-28 21:11:53,832 - INFO - Websocket connected
2025-04-28 21:11:53,833 - INFO - 连接建立
2025-04-28 21:11:55,672 - INFO - 重连成功
2025-04-28 21:11:55,712 - WARNING - 错误码：10165，信息：invalid handle
2025-04-28 21:11:56,212 - INFO - 连接关闭
2025-04-28 21:11:57,220 - INFO - 尝试第1次重连...
2025-04-28 21:11:57,392 - INFO - Websocket connected
2025-04-28 21:11:57,392 - INFO - 连接建立
2025-04-28 21:11:59,225 - INFO - 重连成功
2025-04-28 21:11:59,270 - WARNING - 错误码：10165，信息：invalid handle
2025-04-28 21:11:59,766 - INFO - 连接关闭
2025-04-28 21:12:00,778 - INFO - 尝试第1次重连...
2025-04-28 21:12:00,949 - INFO - Websocket connected
2025-04-28 21:12:00,949 - INFO - 连接建立
2025-04-28 21:12:02,784 - INFO - 重连成功
2025-04-28 21:12:02,827 - WARNING - 错误码：10165，信息：invalid handle
2025-04-28 21:12:03,327 - INFO - 连接关闭
2025-04-28 21:12:04,338 - INFO - 尝试第1次重连...
2025-04-28 21:12:04,524 - INFO - Websocket connected
2025-04-28 21:12:04,525 - INFO - 连接建立
2025-04-28 21:12:06,340 - INFO - 重连成功
2025-04-28 21:12:06,387 - WARNING - 错误码：10165，信息：invalid handle
2025-04-28 21:12:06,886 - INFO - 连接关闭
2025-04-28 21:12:07,893 - INFO - 尝试第1次重连...
2025-04-28 21:12:08,070 - INFO - Websocket connected
2025-04-28 21:12:08,070 - INFO - 连接建立
2025-04-28 21:12:09,904 - INFO - 重连成功
2025-04-28 21:12:09,944 - WARNING - 错误码：10165，信息：invalid handle
2025-04-28 21:12:10,443 - INFO - 连接关闭
2025-04-28 21:12:11,456 - INFO - 尝试第1次重连...
2025-04-28 21:12:11,615 - INFO - Websocket connected
2025-04-28 21:12:11,616 - INFO - 连接建立
2025-04-28 21:12:13,469 - INFO - 重连成功
2025-04-28 21:12:13,522 - WARNING - 错误码：10165，信息：invalid handle
2025-04-28 21:12:14,016 - INFO - 连接关闭
2025-04-28 21:12:15,030 - INFO - 尝试第1次重连...
2025-04-28 21:12:15,202 - INFO - Websocket connected
2025-04-28 21:12:15,203 - INFO - 连接建立
2025-04-28 21:12:17,047 - INFO - 重连成功
2025-04-28 21:12:17,089 - WARNING - 错误码：10165，信息：invalid handle
2025-04-28 21:12:17,591 - INFO - 连接关闭
2025-04-28 21:12:18,597 - INFO - 尝试第1次重连...
2025-04-28 21:12:18,760 - INFO - Websocket connected
2025-04-28 21:12:18,760 - INFO - 连接建立
2025-04-28 21:12:20,600 - INFO - 重连成功
2025-04-28 21:12:20,639 - WARNING - 错误码：10165，信息：invalid handle
2025-04-28 21:12:21,139 - INFO - 连接关闭
2025-04-28 21:12:22,149 - INFO - 尝试第1次重连...
2025-04-28 21:12:22,318 - INFO - Websocket connected
2025-04-28 21:12:22,319 - INFO - 连接建立
2025-04-28 21:12:24,164 - INFO - 重连成功
2025-04-28 21:12:24,205 - WARNING - 错误码：10165，信息：invalid handle
2025-04-28 21:12:24,706 - INFO - 连接关闭
2025-04-28 21:12:25,709 - INFO - 尝试第1次重连...
2025-04-28 21:12:25,884 - INFO - Websocket connected
2025-04-28 21:12:25,884 - INFO - 连接建立
2025-04-28 21:12:27,713 - INFO - 重连成功
2025-04-28 21:12:27,758 - WARNING - 错误码：10165，信息：invalid handle
2025-04-28 21:12:28,261 - INFO - 连接关闭
2025-04-28 21:12:29,265 - INFO - 尝试第1次重连...
2025-04-28 21:12:29,446 - INFO - Websocket connected
2025-04-28 21:12:29,447 - INFO - 连接建立
2025-04-28 21:12:31,268 - INFO - 重连成功
2025-04-28 21:12:31,312 - WARNING - 错误码：10165，信息：invalid handle
2025-04-28 21:12:31,814 - INFO - 连接关闭
2025-04-28 21:12:32,824 - INFO - 尝试第1次重连...
2025-04-28 21:12:32,995 - INFO - Websocket connected
2025-04-28 21:12:32,997 - INFO - 连接建立
2025-04-28 21:12:34,835 - INFO - 重连成功
2025-04-28 21:12:34,882 - WARNING - 错误码：10165，信息：invalid handle
2025-04-28 21:12:35,382 - INFO - 连接关闭
2025-04-28 21:12:36,387 - INFO - 尝试第1次重连...
2025-04-28 21:12:36,562 - INFO - Websocket connected
2025-04-28 21:12:36,562 - INFO - 连接建立
2025-04-28 21:12:38,401 - INFO - 重连成功
2025-04-28 21:12:38,441 - WARNING - 错误码：10165，信息：invalid handle
2025-04-28 21:12:38,944 - INFO - 连接关闭
2025-04-28 21:12:39,958 - INFO - 尝试第1次重连...
2025-04-28 21:12:40,109 - INFO - Websocket connected
2025-04-28 21:12:40,109 - INFO - 连接建立
2025-04-28 21:12:41,961 - INFO - 重连成功
2025-04-28 21:12:41,996 - WARNING - 错误码：10165，信息：invalid handle
2025-04-28 21:12:42,496 - INFO - 连接关闭
2025-04-28 21:12:43,498 - INFO - 尝试第1次重连...
2025-04-28 21:12:43,634 - INFO - Websocket connected
2025-04-28 21:12:43,634 - INFO - 连接建立
2025-04-28 21:12:45,505 - INFO - 重连成功
2025-04-28 21:12:45,542 - WARNING - 错误码：10165，信息：invalid handle
2025-04-28 21:12:46,043 - INFO - 连接关闭
2025-04-28 21:12:47,044 - INFO - 尝试第1次重连...
2025-04-28 21:12:47,215 - INFO - Websocket connected
2025-04-28 21:12:47,215 - INFO - 连接建立
2025-04-28 21:12:49,052 - INFO - 重连成功
2025-04-28 21:12:49,098 - WARNING - 错误码：10165，信息：invalid handle
2025-04-28 21:12:49,602 - INFO - 连接关闭
2025-04-28 21:12:50,605 - INFO - 尝试第1次重连...
2025-04-28 21:12:50,790 - INFO - Websocket connected
2025-04-28 21:12:50,791 - INFO - 连接建立
2025-04-28 21:12:52,610 - INFO - 重连成功
2025-04-28 21:12:52,652 - WARNING - 错误码：10165，信息：invalid handle
2025-04-28 21:12:53,152 - INFO - 连接关闭
2025-04-28 21:12:54,160 - INFO - 尝试第1次重连...
2025-04-28 21:12:54,322 - INFO - Websocket connected
2025-04-28 21:12:54,322 - INFO - 连接建立
2025-04-28 21:12:56,162 - INFO - 重连成功
2025-04-28 21:12:56,201 - WARNING - 错误码：10165，信息：invalid handle
2025-04-28 21:12:56,699 - INFO - 连接关闭
2025-04-28 21:12:57,714 - INFO - 尝试第1次重连...
2025-04-28 21:12:57,880 - INFO - Websocket connected
2025-04-28 21:12:57,880 - INFO - 连接建立
2025-04-28 21:12:59,719 - INFO - 重连成功
2025-04-28 21:12:59,754 - WARNING - 错误码：10165，信息：invalid handle
2025-04-28 21:13:00,258 - INFO - 连接关闭
2025-04-28 21:13:01,261 - INFO - 尝试第1次重连...
2025-04-28 21:13:01,449 - INFO - Websocket connected
2025-04-28 21:13:01,449 - INFO - 连接建立
2025-04-28 21:13:03,272 - INFO - 重连成功
2025-04-28 21:13:03,313 - WARNING - 错误码：10165，信息：invalid handle
2025-04-28 21:13:03,812 - INFO - 连接关闭
2025-04-28 21:13:04,819 - INFO - 尝试第1次重连...
2025-04-28 21:13:04,975 - INFO - Websocket connected
2025-04-28 21:13:04,976 - INFO - 连接建立
2025-04-28 21:13:06,823 - INFO - 重连成功
2025-04-28 21:13:06,859 - WARNING - 错误码：10165，信息：invalid handle
2025-04-28 21:13:07,358 - INFO - 连接关闭
2025-04-28 21:13:08,372 - INFO - 尝试第1次重连...
2025-04-28 21:13:08,525 - INFO - Websocket connected
2025-04-28 21:13:08,526 - INFO - 连接建立
2025-04-28 21:13:10,385 - INFO - 重连成功
2025-04-28 21:13:10,422 - WARNING - 错误码：10165，信息：invalid handle
2025-04-28 21:13:10,922 - INFO - 连接关闭
2025-04-28 21:13:11,924 - INFO - 尝试第1次重连...
2025-04-28 21:13:12,067 - INFO - Websocket connected
2025-04-28 21:13:12,068 - INFO - 连接建立
2025-04-28 21:13:13,938 - INFO - 重连成功
2025-04-28 21:13:13,977 - WARNING - 错误码：10165，信息：invalid handle
2025-04-28 21:13:14,476 - INFO - 连接关闭
2025-04-28 21:13:15,492 - INFO - 尝试第1次重连...
2025-04-28 21:13:15,658 - INFO - Websocket connected
2025-04-28 21:13:15,658 - INFO - 连接建立
2025-04-28 21:13:17,506 - INFO - 重连成功
2025-04-28 21:13:17,547 - WARNING - 错误码：10165，信息：invalid handle
2025-04-28 21:13:18,045 - INFO - 连接关闭
2025-04-28 21:13:19,047 - INFO - 尝试第1次重连...
2025-04-28 21:13:19,211 - INFO - Websocket connected
2025-04-28 21:13:19,212 - INFO - 连接建立
2025-04-28 21:13:21,055 - INFO - 重连成功
2025-04-28 21:13:21,093 - WARNING - 错误码：10165，信息：invalid handle
2025-04-28 21:13:21,593 - INFO - 连接关闭
2025-04-28 21:13:22,596 - INFO - 尝试第1次重连...
2025-04-28 21:13:22,754 - INFO - Websocket connected
2025-04-28 21:13:22,755 - INFO - 连接建立
2025-04-28 21:13:24,601 - INFO - 重连成功
2025-04-28 21:13:24,642 - WARNING - 错误码：10165，信息：invalid handle
2025-04-28 21:13:25,143 - INFO - 连接关闭
2025-04-28 21:13:26,155 - INFO - 尝试第1次重连...
2025-04-28 21:13:26,314 - INFO - Websocket connected
2025-04-28 21:13:26,314 - INFO - 连接建立
2025-04-28 21:13:28,164 - INFO - 重连成功
2025-04-28 21:13:28,210 - WARNING - 错误码：10165，信息：invalid handle
2025-04-28 21:13:28,704 - INFO - 连接关闭
2025-04-28 21:13:29,708 - INFO - 尝试第1次重连...
2025-04-28 21:13:29,864 - INFO - Websocket connected
2025-04-28 21:13:29,864 - INFO - 连接建立
2025-04-28 21:13:31,714 - INFO - 重连成功
2025-04-28 21:13:31,751 - WARNING - 错误码：10165，信息：invalid handle
2025-04-28 21:13:32,253 - INFO - 连接关闭
2025-04-28 21:13:33,256 - INFO - 尝试第1次重连...
2025-04-28 21:13:33,410 - INFO - Websocket connected
2025-04-28 21:13:33,411 - INFO - 连接建立
2025-04-28 21:13:35,258 - INFO - 重连成功
2025-04-28 21:13:35,306 - WARNING - 错误码：10165，信息：invalid handle
2025-04-28 21:13:35,795 - INFO - 连接关闭
2025-04-28 21:13:36,801 - INFO - 尝试第1次重连...
2025-04-28 21:13:36,963 - INFO - Websocket connected
2025-04-28 21:13:36,963 - INFO - 连接建立
2025-04-28 21:13:38,805 - INFO - 重连成功
2025-04-28 21:13:38,841 - WARNING - 错误码：10165，信息：invalid handle
2025-04-28 21:13:39,342 - INFO - 连接关闭
2025-04-28 21:13:40,356 - INFO - 尝试第1次重连...
2025-04-28 21:13:40,534 - INFO - Websocket connected
2025-04-28 21:13:40,535 - INFO - 连接建立
2025-04-28 21:13:42,358 - INFO - 重连成功
2025-04-28 21:13:42,394 - WARNING - 错误码：10165，信息：invalid handle
2025-04-28 21:13:42,896 - INFO - 连接关闭
2025-04-28 21:13:43,902 - INFO - 尝试第1次重连...
2025-04-28 21:13:44,043 - INFO - Websocket connected
2025-04-28 21:13:44,043 - INFO - 连接建立
2025-04-28 21:13:45,909 - INFO - 重连成功
2025-04-28 21:13:45,942 - WARNING - 错误码：10165，信息：invalid handle
2025-04-28 21:13:46,443 - INFO - 连接关闭
2025-04-28 21:13:47,454 - INFO - 尝试第1次重连...
2025-04-28 21:13:47,609 - INFO - Websocket connected
2025-04-28 21:13:47,609 - INFO - 连接建立
2025-04-28 21:13:49,464 - INFO - 重连成功
2025-04-28 21:13:49,504 - WARNING - 错误码：10165，信息：invalid handle
2025-04-28 21:13:50,003 - INFO - 连接关闭
2025-04-28 21:13:51,013 - INFO - 尝试第1次重连...
2025-04-28 21:13:51,175 - INFO - Websocket connected
2025-04-28 21:13:51,175 - INFO - 连接建立
2025-04-28 21:13:53,024 - INFO - 重连成功
2025-04-28 21:13:53,061 - WARNING - 错误码：10165，信息：invalid handle
2025-04-28 21:13:53,562 - INFO - 连接关闭
2025-04-28 21:13:54,564 - INFO - 尝试第1次重连...
2025-04-28 21:13:54,729 - INFO - Websocket connected
2025-04-28 21:13:54,730 - INFO - 连接建立
2025-04-28 21:13:56,580 - INFO - 重连成功
2025-04-28 21:13:56,616 - WARNING - 错误码：10165，信息：invalid handle
2025-04-28 21:13:57,119 - INFO - 连接关闭
2025-04-28 21:13:58,120 - INFO - 尝试第1次重连...
2025-04-28 21:13:58,276 - INFO - Websocket connected
2025-04-28 21:13:58,276 - INFO - 连接建立
2025-04-28 21:14:00,125 - INFO - 重连成功
2025-04-28 21:14:00,165 - WARNING - 错误码：10165，信息：invalid handle
2025-04-28 21:14:00,664 - INFO - 连接关闭
2025-04-28 21:14:01,679 - INFO - 尝试第1次重连...
2025-04-28 21:14:01,817 - INFO - Websocket connected
2025-04-28 21:14:01,818 - INFO - 连接建立
2025-04-28 21:14:03,695 - INFO - 重连成功
2025-04-28 21:14:03,728 - WARNING - 错误码：10165，信息：invalid handle
2025-04-28 21:14:04,228 - INFO - 连接关闭
2025-04-28 21:14:05,235 - INFO - 尝试第1次重连...
2025-04-28 21:14:05,433 - INFO - Websocket connected
2025-04-28 21:14:05,433 - INFO - 连接建立
2025-04-28 21:14:07,249 - INFO - 重连成功
2025-04-28 21:14:07,288 - WARNING - 错误码：10165，信息：invalid handle
2025-04-28 21:14:07,789 - INFO - 连接关闭
2025-04-28 21:14:08,793 - INFO - 尝试第1次重连...
2025-04-28 21:14:08,932 - INFO - Websocket connected
2025-04-28 21:14:08,933 - INFO - 连接建立
2025-04-28 21:14:10,795 - INFO - 重连成功
2025-04-28 21:14:10,828 - WARNING - 错误码：10165，信息：invalid handle
2025-04-28 21:14:11,329 - INFO - 连接关闭
2025-04-28 21:14:12,342 - INFO - 尝试第1次重连...
2025-04-28 21:14:12,518 - INFO - Websocket connected
2025-04-28 21:14:12,519 - INFO - 连接建立
2025-04-28 21:14:14,349 - INFO - 重连成功
2025-04-28 21:14:14,388 - WARNING - 错误码：10165，信息：invalid handle
2025-04-28 21:14:14,889 - INFO - 连接关闭
2025-04-28 21:14:15,895 - INFO - 尝试第1次重连...
2025-04-28 21:14:16,037 - INFO - Websocket connected
2025-04-28 21:14:16,037 - INFO - 连接建立
2025-04-28 21:14:17,911 - INFO - 重连成功
2025-04-28 21:14:17,953 - WARNING - 错误码：10165，信息：invalid handle
2025-04-28 21:14:18,445 - INFO - 连接关闭
2025-04-28 21:14:19,453 - INFO - 尝试第1次重连...
2025-04-28 21:14:19,829 - INFO - Websocket connected
2025-04-28 21:14:19,830 - INFO - 连接建立
2025-04-28 21:14:21,454 - INFO - 重连成功
2025-04-28 21:14:21,563 - WARNING - 错误码：10165，信息：invalid handle
2025-04-28 21:14:22,030 - INFO - 连接关闭
2025-04-28 21:14:23,039 - INFO - 尝试第1次重连...
2025-04-28 21:14:23,335 - INFO - Websocket connected
2025-04-28 21:14:23,336 - INFO - 连接建立
2025-04-28 21:14:25,041 - INFO - 重连成功
2025-04-28 21:14:25,077 - WARNING - 错误码：10165，信息：invalid handle
2025-04-28 21:14:25,578 - INFO - 连接关闭
2025-04-28 21:14:26,591 - INFO - 尝试第1次重连...
2025-04-28 21:14:26,739 - INFO - Websocket connected
2025-04-28 21:14:26,740 - INFO - 连接建立
2025-04-28 21:14:28,593 - INFO - 重连成功
2025-04-28 21:14:28,630 - WARNING - 错误码：10165，信息：invalid handle
2025-04-28 21:14:29,130 - INFO - 连接关闭
2025-04-28 21:14:30,137 - INFO - 尝试第1次重连...
2025-04-28 21:14:30,280 - INFO - Websocket connected
2025-04-28 21:14:30,282 - INFO - 连接建立
2025-04-28 21:14:32,149 - INFO - 重连成功
2025-04-28 21:14:32,185 - WARNING - 错误码：10165，信息：invalid handle
2025-04-28 21:14:32,689 - INFO - 连接关闭
2025-04-28 21:14:33,700 - INFO - 尝试第1次重连...
2025-04-28 21:14:33,845 - INFO - Websocket connected
2025-04-28 21:14:33,845 - INFO - 连接建立
2025-04-28 21:14:35,708 - INFO - 重连成功
2025-04-28 21:14:35,749 - WARNING - 错误码：10165，信息：invalid handle
2025-04-28 21:14:36,248 - INFO - 连接关闭
2025-04-28 21:14:37,252 - INFO - 尝试第1次重连...
2025-04-28 21:14:37,419 - INFO - Websocket connected
2025-04-28 21:14:37,419 - INFO - 连接建立
2025-04-28 21:14:39,268 - INFO - 重连成功
2025-04-28 21:14:39,310 - WARNING - 错误码：10165，信息：invalid handle
2025-04-28 21:14:39,809 - INFO - 连接关闭
2025-04-28 21:14:40,811 - INFO - 尝试第1次重连...
2025-04-28 21:14:40,969 - INFO - Websocket connected
2025-04-28 21:14:40,969 - INFO - 连接建立
2025-04-28 21:14:42,818 - INFO - 重连成功
2025-04-28 21:14:42,854 - WARNING - 错误码：10165，信息：invalid handle
2025-04-28 21:14:43,355 - INFO - 连接关闭
2025-04-28 21:14:44,366 - INFO - 尝试第1次重连...
2025-04-28 21:14:44,545 - INFO - Websocket connected
2025-04-28 21:14:44,545 - INFO - 连接建立
2025-04-28 21:14:46,374 - INFO - 重连成功
2025-04-28 21:14:46,412 - WARNING - 错误码：10165，信息：invalid handle
2025-04-28 21:14:46,912 - INFO - 连接关闭
2025-04-28 21:14:47,924 - INFO - 尝试第1次重连...
2025-04-28 21:14:48,083 - INFO - Websocket connected
2025-04-28 21:14:48,084 - INFO - 连接建立
2025-04-28 21:14:49,933 - INFO - 重连成功
2025-04-28 21:14:49,972 - WARNING - 错误码：10165，信息：invalid handle
2025-04-28 21:14:50,472 - INFO - 连接关闭
2025-04-28 21:14:51,473 - INFO - 尝试第1次重连...
2025-04-28 21:14:51,621 - INFO - Websocket connected
2025-04-28 21:14:51,622 - INFO - 连接建立
2025-04-28 21:14:53,486 - INFO - 重连成功
2025-04-28 21:14:53,524 - WARNING - 错误码：10165，信息：invalid handle
2025-04-28 21:14:54,022 - INFO - 连接关闭
2025-04-28 21:14:55,028 - INFO - 尝试第1次重连...
2025-04-28 21:14:55,180 - INFO - Websocket connected
2025-04-28 21:14:55,180 - INFO - 连接建立
2025-04-28 21:14:57,035 - INFO - 重连成功
2025-04-28 21:14:57,070 - WARNING - 错误码：10165，信息：invalid handle
2025-04-28 21:14:57,570 - INFO - 连接关闭
2025-04-28 21:14:58,576 - INFO - 尝试第1次重连...
2025-04-28 21:14:58,744 - INFO - Websocket connected
2025-04-28 21:14:58,744 - INFO - 连接建立
2025-04-28 21:15:00,585 - INFO - 重连成功
2025-04-28 21:15:00,637 - WARNING - 错误码：10165，信息：invalid handle
2025-04-28 21:15:01,130 - INFO - 连接关闭
2025-04-28 21:15:02,137 - INFO - 尝试第1次重连...
2025-04-28 21:15:02,278 - INFO - Websocket connected
2025-04-28 21:15:02,278 - INFO - 连接建立
2025-04-28 21:15:04,146 - INFO - 重连成功
2025-04-28 21:15:04,181 - WARNING - 错误码：10165，信息：invalid handle
2025-04-28 21:15:04,683 - INFO - 连接关闭
2025-04-28 21:15:05,696 - INFO - 尝试第1次重连...
2025-04-28 21:15:05,871 - INFO - Websocket connected
2025-04-28 21:15:05,871 - INFO - 连接建立
2025-04-28 21:15:07,708 - INFO - 重连成功
2025-04-28 21:15:07,754 - WARNING - 错误码：10165，信息：invalid handle
2025-04-28 21:15:08,253 - INFO - 连接关闭
2025-04-28 21:15:09,264 - INFO - 尝试第1次重连...
2025-04-28 21:15:09,420 - INFO - Websocket connected
2025-04-28 21:15:09,420 - INFO - 连接建立
2025-04-28 21:15:11,274 - INFO - 重连成功
2025-04-28 21:15:11,318 - WARNING - 错误码：10165，信息：invalid handle
2025-04-28 21:15:11,813 - INFO - 连接关闭
2025-04-28 21:15:12,824 - INFO - 尝试第1次重连...
2025-04-28 21:15:13,014 - INFO - Websocket connected
2025-04-28 21:15:13,015 - INFO - 连接建立
2025-04-28 21:15:14,833 - INFO - 重连成功
2025-04-28 21:15:14,872 - WARNING - 错误码：10165，信息：invalid handle
2025-04-28 21:15:15,389 - INFO - 连接关闭
2025-04-28 21:15:16,402 - INFO - 尝试第1次重连...
2025-04-28 21:15:16,583 - INFO - Websocket connected
2025-04-28 21:15:16,583 - INFO - 连接建立
2025-04-28 21:15:18,416 - INFO - 重连成功
2025-04-28 21:15:18,458 - WARNING - 错误码：10165，信息：invalid handle
2025-04-28 21:15:18,958 - INFO - 连接关闭
2025-04-28 21:15:19,959 - INFO - 尝试第1次重连...
2025-04-28 21:15:20,153 - INFO - Websocket connected
2025-04-28 21:15:20,153 - INFO - 连接建立
2025-04-28 21:15:21,968 - INFO - 重连成功
2025-04-28 21:15:22,010 - WARNING - 错误码：10165，信息：invalid handle
2025-04-28 21:15:22,510 - INFO - 连接关闭
2025-04-28 21:15:23,523 - INFO - 尝试第1次重连...
2025-04-28 21:15:23,665 - INFO - Websocket connected
2025-04-28 21:15:23,666 - INFO - 连接建立
2025-04-28 21:15:25,524 - INFO - 重连成功
2025-04-28 21:15:25,556 - WARNING - 错误码：10165，信息：invalid handle
2025-04-28 21:15:26,060 - INFO - 连接关闭
2025-04-28 21:15:27,075 - INFO - 尝试第1次重连...
2025-04-28 21:15:27,238 - INFO - Websocket connected
2025-04-28 21:15:27,239 - INFO - 连接建立
2025-04-28 21:15:29,083 - INFO - 重连成功
2025-04-28 21:15:29,116 - WARNING - 错误码：10165，信息：invalid handle
2025-04-28 21:15:29,616 - INFO - 连接关闭
2025-04-28 21:15:30,629 - INFO - 尝试第1次重连...
2025-04-28 21:15:30,785 - INFO - Websocket connected
2025-04-28 21:15:30,786 - INFO - 连接建立
2025-04-28 21:15:32,640 - INFO - 重连成功
2025-04-28 21:15:32,675 - WARNING - 错误码：10165，信息：invalid handle
2025-04-28 21:15:33,175 - INFO - 连接关闭
2025-04-28 21:15:34,178 - INFO - 尝试第1次重连...
2025-04-28 21:15:34,341 - INFO - Websocket connected
2025-04-28 21:15:34,341 - INFO - 连接建立
2025-04-28 21:15:36,186 - INFO - 重连成功
2025-04-28 21:15:36,225 - WARNING - 错误码：10165，信息：invalid handle
2025-04-28 21:15:36,725 - INFO - 连接关闭
2025-04-28 21:15:37,728 - INFO - 尝试第1次重连...
2025-04-28 21:15:37,895 - INFO - Websocket connected
2025-04-28 21:15:37,895 - INFO - 连接建立
2025-04-28 21:15:39,738 - INFO - 重连成功
2025-04-28 21:15:39,779 - WARNING - 错误码：10165，信息：invalid handle
2025-04-28 21:15:40,279 - INFO - 连接关闭
2025-04-28 21:15:41,291 - INFO - 尝试第1次重连...
2025-04-28 21:15:41,440 - INFO - Websocket connected
2025-04-28 21:15:41,440 - INFO - 连接建立
2025-04-28 21:15:43,293 - INFO - 重连成功
2025-04-28 21:15:43,327 - WARNING - 错误码：10165，信息：invalid handle
2025-04-28 21:15:43,828 - INFO - 连接关闭
2025-04-28 21:15:44,843 - INFO - 尝试第1次重连...
2025-04-28 21:15:45,008 - INFO - Websocket connected
2025-04-28 21:15:45,008 - INFO - 连接建立
2025-04-28 21:15:46,851 - INFO - 重连成功
2025-04-28 21:15:46,889 - WARNING - 错误码：10165，信息：invalid handle
2025-04-28 21:15:47,390 - INFO - 连接关闭
2025-04-28 21:15:48,406 - INFO - 尝试第1次重连...
2025-04-28 21:15:48,566 - INFO - Websocket connected
2025-04-28 21:15:48,566 - INFO - 连接建立
2025-04-28 21:15:50,422 - INFO - 重连成功
2025-04-28 21:15:50,477 - WARNING - 错误码：10165，信息：invalid handle
2025-04-28 21:15:50,970 - INFO - 连接关闭
2025-04-28 21:15:51,973 - INFO - 尝试第1次重连...
2025-04-28 21:15:52,135 - INFO - Websocket connected
2025-04-28 21:15:52,136 - INFO - 连接建立
2025-04-28 21:15:53,978 - INFO - 重连成功
2025-04-28 21:15:54,014 - WARNING - 错误码：10165，信息：invalid handle
2025-04-28 21:15:54,514 - INFO - 连接关闭
2025-04-28 21:15:55,518 - INFO - 尝试第1次重连...
2025-04-28 21:15:55,668 - INFO - Websocket connected
2025-04-28 21:15:55,668 - INFO - 连接建立
2025-04-28 21:15:57,532 - INFO - 重连成功
2025-04-28 21:15:57,575 - WARNING - 错误码：10165，信息：invalid handle
2025-04-28 21:15:58,070 - INFO - 连接关闭
2025-04-28 21:15:59,074 - INFO - 尝试第1次重连...
2025-04-28 21:15:59,215 - INFO - Websocket connected
2025-04-28 21:15:59,216 - INFO - 连接建立
2025-04-28 21:16:01,081 - INFO - 重连成功
2025-04-28 21:16:01,096 - WARNING - 检测到连接丢失，尝试恢复...
2025-04-28 21:16:01,115 - WARNING - 错误码：10165，信息：invalid handle
2025-04-28 21:16:01,615 - INFO - 连接关闭
2025-04-28 21:16:02,106 - INFO - 尝试第1次重连...
2025-04-28 21:16:02,276 - INFO - Websocket connected
2025-04-28 21:16:02,276 - INFO - 连接建立
2025-04-28 21:16:02,631 - INFO - 尝试第1次重连...
2025-04-28 21:16:04,119 - INFO - 重连成功
2025-04-28 21:16:04,159 - INFO - 连接关闭
2025-04-28 21:16:04,808 - INFO - Websocket connected
2025-04-28 21:16:04,809 - INFO - 连接建立
2025-04-28 21:16:06,672 - INFO - 重连成功
2025-04-28 21:16:06,705 - WARNING - 错误码：10165，信息：invalid handle
2025-04-28 21:16:07,205 - INFO - 连接关闭
2025-04-28 21:16:08,210 - INFO - 尝试第1次重连...
2025-04-28 21:16:08,379 - INFO - Websocket connected
2025-04-28 21:16:08,380 - INFO - 连接建立
2025-04-28 21:16:10,213 - INFO - 重连成功
2025-04-28 21:16:10,251 - WARNING - 错误码：10165，信息：invalid handle
2025-04-28 21:16:10,750 - INFO - 连接关闭
2025-04-28 21:16:11,765 - INFO - 尝试第1次重连...
2025-04-28 21:16:11,914 - INFO - Websocket connected
2025-04-28 21:16:11,914 - INFO - 连接建立
2025-04-28 21:16:13,768 - INFO - 重连成功
2025-04-28 21:16:13,806 - WARNING - 错误码：10165，信息：invalid handle
2025-04-28 21:16:14,306 - INFO - 连接关闭
2025-04-28 21:16:15,316 - INFO - 尝试第1次重连...
2025-04-28 21:16:15,505 - INFO - Websocket connected
2025-04-28 21:16:15,506 - INFO - 连接建立
2025-04-28 21:16:17,324 - INFO - 重连成功
2025-04-28 21:16:17,363 - WARNING - 错误码：10165，信息：invalid handle
2025-04-28 21:16:17,864 - INFO - 连接关闭
2025-04-28 21:16:18,865 - INFO - 尝试第1次重连...
2025-04-28 21:16:19,013 - INFO - Websocket connected
2025-04-28 21:16:19,013 - INFO - 连接建立
2025-04-28 21:16:20,868 - INFO - 重连成功
2025-04-28 21:16:20,903 - WARNING - 错误码：10165，信息：invalid handle
2025-04-28 21:16:21,402 - INFO - 连接关闭
2025-04-28 21:16:22,404 - INFO - 尝试第1次重连...
2025-04-28 21:16:22,573 - INFO - Websocket connected
2025-04-28 21:16:22,574 - INFO - 连接建立
2025-04-28 21:16:24,410 - INFO - 重连成功
2025-04-28 21:16:24,449 - WARNING - 错误码：10165，信息：invalid handle
2025-04-28 21:16:24,951 - INFO - 连接关闭
2025-04-28 21:16:25,958 - INFO - 尝试第1次重连...
2025-04-28 21:16:26,103 - INFO - Websocket connected
2025-04-28 21:16:26,103 - INFO - 连接建立
2025-04-28 21:16:27,965 - INFO - 重连成功
2025-04-28 21:16:28,004 - WARNING - 错误码：10165，信息：invalid handle
2025-04-28 21:16:28,509 - INFO - 连接关闭
2025-04-28 21:16:29,516 - INFO - 尝试第1次重连...
2025-04-28 21:16:29,664 - INFO - Websocket connected
2025-04-28 21:16:29,664 - INFO - 连接建立
2025-04-28 21:16:31,526 - INFO - 重连成功
2025-04-28 21:16:31,564 - WARNING - 错误码：10165，信息：invalid handle
2025-04-28 21:16:32,063 - INFO - 连接关闭
2025-04-28 21:16:33,072 - INFO - 尝试第1次重连...
2025-04-28 21:16:33,240 - INFO - Websocket connected
2025-04-28 21:16:33,240 - INFO - 连接建立
2025-04-28 21:16:35,078 - INFO - 重连成功
2025-04-28 21:16:35,119 - WARNING - 错误码：10165，信息：invalid handle
2025-04-28 21:16:35,619 - INFO - 连接关闭
2025-04-28 21:16:36,635 - INFO - 尝试第1次重连...
2025-04-28 21:16:36,805 - INFO - Websocket connected
2025-04-28 21:16:36,806 - INFO - 连接建立
2025-04-28 21:16:38,641 - INFO - 重连成功
2025-04-28 21:16:38,676 - WARNING - 错误码：10165，信息：invalid handle
2025-04-28 21:16:39,179 - INFO - 连接关闭
2025-04-28 21:16:40,191 - INFO - 尝试第1次重连...
2025-04-28 21:16:40,343 - INFO - Websocket connected
2025-04-28 21:16:40,343 - INFO - 连接建立
2025-04-28 21:16:42,194 - INFO - 重连成功
2025-04-28 21:16:42,234 - WARNING - 错误码：10165，信息：invalid handle
2025-04-28 21:16:42,733 - INFO - 连接关闭
2025-04-28 21:16:43,735 - INFO - 尝试第1次重连...
2025-04-28 21:16:43,889 - INFO - Websocket connected
2025-04-28 21:16:43,890 - INFO - 连接建立
2025-04-28 21:16:45,742 - INFO - 重连成功
2025-04-28 21:16:45,781 - WARNING - 错误码：10165，信息：invalid handle
2025-04-28 21:16:46,282 - INFO - 连接关闭
2025-04-28 21:16:47,294 - INFO - 尝试第1次重连...
2025-04-28 21:16:47,451 - INFO - Websocket connected
2025-04-28 21:16:47,451 - INFO - 连接建立
2025-04-28 21:16:49,299 - INFO - 重连成功
2025-04-28 21:16:49,340 - WARNING - 错误码：10165，信息：invalid handle
2025-04-28 21:16:49,838 - INFO - 连接关闭
2025-04-28 21:16:50,845 - INFO - 尝试第1次重连...
2025-04-28 21:16:51,025 - INFO - Websocket connected
2025-04-28 21:16:51,026 - INFO - 连接建立
2025-04-28 21:16:52,846 - INFO - 重连成功
2025-04-28 21:16:52,880 - WARNING - 错误码：10165，信息：invalid handle
2025-04-28 21:16:53,380 - INFO - 连接关闭
2025-04-28 21:16:54,384 - INFO - 尝试第1次重连...
2025-04-28 21:16:54,573 - INFO - Websocket connected
2025-04-28 21:16:54,573 - INFO - 连接建立
2025-04-28 21:16:56,388 - INFO - 重连成功
2025-04-28 21:16:56,428 - WARNING - 错误码：10165，信息：invalid handle
2025-04-28 21:16:56,938 - INFO - 连接关闭
2025-04-28 21:16:57,939 - INFO - 尝试第1次重连...
2025-04-28 21:16:58,140 - INFO - Websocket connected
2025-04-28 21:16:58,140 - INFO - 连接建立
2025-04-28 21:16:59,950 - INFO - 重连成功
2025-04-28 21:17:00,001 - WARNING - 错误码：10165，信息：invalid handle
2025-04-28 21:17:00,516 - INFO - 连接关闭
2025-04-28 21:17:01,521 - INFO - 尝试第1次重连...
2025-04-28 21:17:01,715 - INFO - Websocket connected
2025-04-28 21:17:01,715 - INFO - 连接建立
2025-04-28 21:17:03,535 - INFO - 重连成功
2025-04-28 21:17:03,582 - WARNING - 错误码：10165，信息：invalid handle
2025-04-28 21:17:04,082 - INFO - 连接关闭
2025-04-28 21:17:05,084 - INFO - 尝试第1次重连...
2025-04-28 21:17:05,265 - INFO - Websocket connected
2025-04-28 21:17:05,266 - INFO - 连接建立
2025-04-28 21:17:07,086 - INFO - 重连成功
2025-04-28 21:17:07,133 - WARNING - 错误码：10165，信息：invalid handle
2025-04-28 21:17:07,624 - INFO - 连接关闭
2025-04-28 21:17:08,635 - INFO - 尝试第1次重连...
2025-04-28 21:17:08,861 - INFO - Websocket connected
2025-04-28 21:17:08,861 - INFO - 连接建立
2025-04-28 21:17:10,638 - INFO - 重连成功
2025-04-28 21:17:10,674 - WARNING - 错误码：10165，信息：invalid handle
2025-04-28 21:17:11,174 - INFO - 连接关闭
2025-04-28 21:17:12,178 - INFO - 尝试第1次重连...
2025-04-28 21:17:12,356 - INFO - Websocket connected
2025-04-28 21:17:12,356 - INFO - 连接建立
2025-04-28 21:17:14,192 - INFO - 重连成功
2025-04-28 21:17:14,223 - WARNING - 检测到连接丢失，尝试恢复...
2025-04-28 21:17:14,236 - WARNING - 错误码：10165，信息：invalid handle
2025-04-28 21:17:14,742 - INFO - 连接关闭
2025-04-28 21:17:15,233 - INFO - 尝试第1次重连...
2025-04-28 21:17:15,411 - INFO - Websocket connected
2025-04-28 21:17:15,411 - INFO - 连接建立
2025-04-28 21:17:15,743 - INFO - 尝试第1次重连...
2025-04-28 21:17:17,242 - INFO - 重连成功
2025-04-28 21:17:17,278 - INFO - 连接关闭
2025-04-28 21:17:17,920 - INFO - Websocket connected
2025-04-28 21:17:17,921 - INFO - 连接建立
2025-04-28 21:17:19,792 - INFO - 重连成功
2025-04-28 21:17:19,832 - WARNING - 错误码：10165，信息：invalid handle
2025-04-28 21:17:20,333 - INFO - 连接关闭
2025-04-28 21:17:21,340 - INFO - 尝试第1次重连...
2025-04-28 21:17:21,496 - INFO - Websocket connected
2025-04-28 21:17:21,498 - INFO - 连接建立
2025-04-28 21:17:23,348 - INFO - 重连成功
2025-04-28 21:17:23,387 - WARNING - 错误码：10165，信息：invalid handle
2025-04-28 21:17:23,894 - INFO - 连接关闭
2025-04-28 21:17:24,906 - INFO - 尝试第1次重连...
2025-04-28 21:17:25,068 - INFO - Websocket connected
2025-04-28 21:17:25,070 - INFO - 连接建立
2025-04-28 21:17:26,919 - INFO - 重连成功
2025-04-28 21:17:26,953 - WARNING - 错误码：10165，信息：invalid handle
2025-04-28 21:17:27,453 - INFO - 连接关闭
2025-04-28 21:17:28,463 - INFO - 尝试第1次重连...
2025-04-28 21:17:28,646 - INFO - Websocket connected
2025-04-28 21:17:28,646 - INFO - 连接建立
2025-04-28 21:17:30,470 - INFO - 重连成功
2025-04-28 21:17:30,528 - WARNING - 错误码：10165，信息：invalid handle
2025-04-28 21:17:31,009 - INFO - 连接关闭
2025-04-28 21:17:32,011 - INFO - 尝试第1次重连...
2025-04-28 21:17:32,172 - INFO - Websocket connected
2025-04-28 21:17:32,172 - INFO - 连接建立
2025-04-28 21:17:34,017 - INFO - 重连成功
2025-04-28 21:17:34,059 - WARNING - 错误码：10165，信息：invalid handle
2025-04-28 21:17:34,558 - INFO - 连接关闭
2025-04-28 21:17:35,567 - INFO - 尝试第1次重连...
2025-04-28 21:17:36,028 - INFO - Websocket connected
2025-04-28 21:17:36,029 - INFO - 连接建立
2025-04-28 21:17:37,575 - INFO - 重连成功
2025-04-28 21:17:37,611 - WARNING - 错误码：10165，信息：invalid handle
2025-04-28 21:17:38,112 - INFO - 连接关闭
2025-04-28 21:17:39,125 - INFO - 尝试第1次重连...
2025-04-28 21:17:39,352 - INFO - Websocket connected
2025-04-28 21:17:39,352 - INFO - 连接建立
2025-04-28 21:17:41,135 - INFO - 重连成功
2025-04-28 21:17:41,203 - WARNING - 错误码：10165，信息：invalid handle
2025-04-28 21:17:41,697 - INFO - 连接关闭
2025-04-28 21:17:42,706 - INFO - 尝试第1次重连...
2025-04-28 21:17:42,898 - INFO - Websocket connected
2025-04-28 21:17:42,899 - INFO - 连接建立
2025-04-28 21:17:44,713 - INFO - 重连成功
2025-04-28 21:17:44,751 - WARNING - 错误码：10165，信息：invalid handle
2025-04-28 21:17:45,254 - INFO - 连接关闭
2025-04-28 21:17:46,266 - INFO - 尝试第1次重连...
2025-04-28 21:17:46,432 - INFO - Websocket connected
2025-04-28 21:17:46,432 - INFO - 连接建立
2025-04-28 21:17:48,274 - INFO - 重连成功
2025-04-28 21:17:48,314 - WARNING - 错误码：10165，信息：invalid handle
2025-04-28 21:17:48,822 - INFO - 连接关闭
2025-04-28 21:17:49,826 - INFO - 尝试第1次重连...
2025-04-28 21:17:49,974 - INFO - Websocket connected
2025-04-28 21:17:49,975 - INFO - 连接建立
2025-04-28 21:17:51,834 - INFO - 重连成功
2025-04-28 21:17:51,870 - WARNING - 错误码：10165，信息：invalid handle
2025-04-28 21:17:52,370 - INFO - 连接关闭
2025-04-28 21:17:53,373 - INFO - 尝试第1次重连...
2025-04-28 21:17:53,539 - INFO - Websocket connected
2025-04-28 21:17:53,539 - INFO - 连接建立
2025-04-28 21:17:55,380 - INFO - 重连成功
2025-04-28 21:17:55,415 - WARNING - 错误码：10165，信息：invalid handle
2025-04-28 21:17:55,918 - INFO - 连接关闭
2025-04-28 21:17:56,931 - INFO - 尝试第1次重连...
2025-04-28 21:17:57,116 - INFO - Websocket connected
2025-04-28 21:17:57,117 - INFO - 连接建立
2025-04-28 21:17:58,933 - INFO - 重连成功
2025-04-28 21:17:58,972 - WARNING - 错误码：10165，信息：invalid handle
2025-04-28 21:17:59,472 - INFO - 连接关闭
2025-04-28 21:18:00,474 - INFO - 尝试第1次重连...
2025-04-28 21:18:00,644 - INFO - Websocket connected
2025-04-28 21:18:00,645 - INFO - 连接建立
2025-04-28 21:18:02,477 - INFO - 重连成功
2025-04-28 21:18:02,509 - WARNING - 错误码：10165，信息：invalid handle
2025-04-28 21:18:03,017 - INFO - 连接关闭
2025-04-28 21:18:04,028 - INFO - 尝试第1次重连...
2025-04-28 21:18:04,188 - INFO - Websocket connected
2025-04-28 21:18:04,188 - INFO - 连接建立
2025-04-28 21:18:06,038 - INFO - 重连成功
2025-04-28 21:18:06,077 - WARNING - 错误码：10165，信息：invalid handle
2025-04-28 21:18:06,580 - INFO - 连接关闭
2025-04-28 21:18:07,580 - INFO - 尝试第1次重连...
2025-04-28 21:18:07,721 - INFO - Websocket connected
2025-04-28 21:18:07,721 - INFO - 连接建立
2025-04-28 21:18:09,583 - INFO - 重连成功
2025-04-28 21:18:09,615 - WARNING - 错误码：10165，信息：invalid handle
2025-04-28 21:18:10,119 - INFO - 连接关闭
2025-04-28 21:18:11,122 - INFO - 尝试第1次重连...
2025-04-28 21:18:11,276 - INFO - Websocket connected
2025-04-28 21:18:11,277 - INFO - 连接建立
2025-04-28 21:18:13,133 - INFO - 重连成功
2025-04-28 21:18:13,169 - WARNING - 错误码：10165，信息：invalid handle
2025-04-28 21:18:13,671 - INFO - 连接关闭
2025-04-28 21:18:14,683 - INFO - 尝试第1次重连...
2025-04-28 21:18:14,865 - INFO - Websocket connected
2025-04-28 21:18:14,865 - INFO - 连接建立
2025-04-28 21:18:16,686 - INFO - 重连成功
2025-04-28 21:18:16,724 - WARNING - 错误码：10165，信息：invalid handle
2025-04-28 21:18:17,225 - INFO - 连接关闭
2025-04-28 21:18:18,228 - INFO - 尝试第1次重连...
2025-04-28 21:18:18,383 - INFO - Websocket connected
2025-04-28 21:18:18,384 - INFO - 连接建立
2025-04-28 21:18:20,236 - INFO - 重连成功
2025-04-28 21:18:20,276 - WARNING - 错误码：10165，信息：invalid handle
2025-04-28 21:18:20,780 - INFO - 连接关闭
2025-04-28 21:18:21,786 - INFO - 尝试第1次重连...
2025-04-28 21:18:21,926 - INFO - Websocket connected
2025-04-28 21:18:21,926 - INFO - 连接建立
2025-04-28 21:18:23,796 - INFO - 重连成功
2025-04-28 21:18:23,828 - WARNING - 错误码：10165，信息：invalid handle
2025-04-28 21:18:24,331 - INFO - 连接关闭
2025-04-28 21:18:25,342 - INFO - 尝试第1次重连...
2025-04-28 21:18:25,504 - INFO - Websocket connected
2025-04-28 21:18:25,504 - INFO - 连接建立
2025-04-28 21:18:27,352 - INFO - 重连成功
2025-04-28 21:18:27,389 - WARNING - 错误码：10165，信息：invalid handle
2025-04-28 21:18:27,889 - INFO - 连接关闭
2025-04-28 21:18:28,891 - INFO - 尝试第1次重连...
2025-04-28 21:18:29,050 - INFO - Websocket connected
2025-04-28 21:18:29,050 - INFO - 连接建立
2025-04-28 21:18:30,893 - INFO - 重连成功
2025-04-28 21:18:30,928 - WARNING - 错误码：10165，信息：invalid handle
2025-04-28 21:18:31,431 - INFO - 连接关闭
2025-04-28 21:18:32,445 - INFO - 尝试第1次重连...
2025-04-28 21:18:32,611 - INFO - Websocket connected
2025-04-28 21:18:32,611 - INFO - 连接建立
2025-04-28 21:18:34,459 - INFO - 重连成功
2025-04-28 21:18:34,503 - WARNING - 错误码：10165，信息：invalid handle
2025-04-28 21:18:35,005 - INFO - 连接关闭
2025-04-28 21:18:36,015 - INFO - 尝试第1次重连...
2025-04-28 21:18:36,164 - INFO - Websocket connected
2025-04-28 21:18:36,165 - INFO - 连接建立
2025-04-28 21:18:38,024 - INFO - 重连成功
2025-04-28 21:18:38,058 - WARNING - 错误码：10165，信息：invalid handle
2025-04-28 21:18:38,562 - INFO - 连接关闭
2025-04-28 21:18:39,564 - INFO - 尝试第1次重连...
2025-04-28 21:18:39,727 - INFO - Websocket connected
2025-04-28 21:18:39,727 - INFO - 连接建立
2025-04-28 21:18:41,579 - INFO - 重连成功
2025-04-28 21:18:41,623 - WARNING - 错误码：10165，信息：invalid handle
2025-04-28 21:18:42,118 - INFO - 连接关闭
2025-04-28 21:18:43,134 - INFO - 尝试第1次重连...
2025-04-28 21:18:43,291 - INFO - Websocket connected
2025-04-28 21:18:43,291 - INFO - 连接建立
2025-04-28 21:18:45,145 - INFO - 重连成功
2025-04-28 21:18:45,193 - WARNING - 错误码：10165，信息：invalid handle
2025-04-28 21:18:45,687 - INFO - 连接关闭
2025-04-28 21:18:46,688 - INFO - 尝试第1次重连...
2025-04-28 21:18:46,846 - INFO - Websocket connected
2025-04-28 21:18:46,848 - INFO - 连接建立
2025-04-28 21:18:48,690 - INFO - 重连成功
2025-04-28 21:18:48,725 - WARNING - 错误码：10165，信息：invalid handle
2025-04-28 21:18:49,229 - INFO - 连接关闭
2025-04-28 21:18:50,236 - INFO - 尝试第1次重连...
2025-04-28 21:18:50,402 - INFO - Websocket connected
2025-04-28 21:18:50,402 - INFO - 连接建立
2025-04-28 21:18:52,239 - INFO - 重连成功
2025-04-28 21:18:52,276 - WARNING - 错误码：10165，信息：invalid handle
2025-04-28 21:18:52,777 - INFO - 连接关闭
2025-04-28 21:18:53,782 - INFO - 尝试第1次重连...
2025-04-28 21:18:54,016 - INFO - Websocket connected
2025-04-28 21:18:54,016 - INFO - 连接建立
2025-04-28 21:18:55,786 - INFO - 重连成功
2025-04-28 21:18:55,839 - WARNING - 错误码：10165，信息：invalid handle
2025-04-28 21:18:56,344 - INFO - 连接关闭
2025-04-28 21:18:57,346 - INFO - 尝试第1次重连...
2025-04-28 21:18:57,520 - INFO - Websocket connected
2025-04-28 21:18:57,522 - INFO - 连接建立
2025-04-28 21:18:59,359 - INFO - 重连成功
2025-04-28 21:18:59,415 - WARNING - 错误码：10165，信息：invalid handle
2025-04-28 21:18:59,916 - INFO - 连接关闭
2025-04-28 21:19:00,929 - INFO - 尝试第1次重连...
2025-04-28 21:19:01,104 - INFO - Websocket connected
2025-04-28 21:19:01,105 - INFO - 连接建立
2025-04-28 21:19:02,944 - INFO - 重连成功
2025-04-28 21:19:02,992 - WARNING - 错误码：10165，信息：invalid handle
2025-04-28 21:19:03,492 - INFO - 连接关闭
2025-04-28 21:19:04,495 - INFO - 尝试第1次重连...
2025-04-28 21:19:04,630 - INFO - Websocket connected
2025-04-28 21:19:04,630 - INFO - 连接建立
2025-04-28 21:19:06,505 - INFO - 重连成功
2025-04-28 21:19:06,545 - WARNING - 错误码：10165，信息：invalid handle
2025-04-28 21:19:07,046 - INFO - 连接关闭
2025-04-28 21:19:08,058 - INFO - 尝试第1次重连...
2025-04-28 21:19:08,212 - INFO - Websocket connected
2025-04-28 21:19:08,213 - INFO - 连接建立
2025-04-28 21:19:10,066 - INFO - 重连成功
2025-04-28 21:19:10,099 - WARNING - 错误码：10165，信息：invalid handle
2025-04-28 21:19:10,601 - INFO - 连接关闭
2025-04-28 21:19:11,604 - INFO - 尝试第1次重连...
2025-04-28 21:19:11,761 - INFO - Websocket connected
2025-04-28 21:19:11,762 - INFO - 连接建立
2025-04-28 21:19:13,619 - INFO - 重连成功
2025-04-28 21:19:13,656 - WARNING - 错误码：10165，信息：invalid handle
2025-04-28 21:19:14,159 - INFO - 连接关闭
2025-04-28 21:19:15,171 - INFO - 尝试第1次重连...
2025-04-28 21:19:15,350 - INFO - Websocket connected
2025-04-28 21:19:15,350 - INFO - 连接建立
2025-04-28 21:19:17,178 - INFO - 重连成功
2025-04-28 21:19:17,214 - WARNING - 错误码：10165，信息：invalid handle
2025-04-28 21:19:17,714 - INFO - 连接关闭
2025-04-28 21:19:18,721 - INFO - 尝试第1次重连...
2025-04-28 21:19:18,868 - INFO - Websocket connected
2025-04-28 21:19:18,868 - INFO - 连接建立
2025-04-28 21:19:20,727 - INFO - 重连成功
2025-04-28 21:19:20,771 - WARNING - 错误码：10165，信息：invalid handle
2025-04-28 21:19:21,268 - INFO - 连接关闭
2025-04-28 21:19:22,276 - INFO - 尝试第1次重连...
2025-04-28 21:19:22,427 - INFO - Websocket connected
2025-04-28 21:19:22,428 - INFO - 连接建立
2025-04-28 21:19:24,279 - INFO - 重连成功
2025-04-28 21:19:24,316 - WARNING - 错误码：10165，信息：invalid handle
2025-04-28 21:19:24,814 - INFO - 连接关闭
2025-04-28 21:19:25,819 - INFO - 尝试第1次重连...
2025-04-28 21:19:25,971 - INFO - Websocket connected
2025-04-28 21:19:25,972 - INFO - 连接建立
2025-04-28 21:19:27,831 - INFO - 重连成功
2025-04-28 21:19:27,869 - WARNING - 错误码：10165，信息：invalid handle
2025-04-28 21:19:28,369 - INFO - 连接关闭
2025-04-28 21:19:29,373 - INFO - 尝试第1次重连...
2025-04-28 21:19:29,533 - INFO - Websocket connected
2025-04-28 21:19:29,534 - INFO - 连接建立
2025-04-28 21:19:31,382 - INFO - 重连成功
2025-04-28 21:19:31,419 - WARNING - 错误码：10165，信息：invalid handle
2025-04-28 21:19:31,920 - INFO - 连接关闭
2025-04-28 21:19:32,924 - INFO - 尝试第1次重连...
2025-04-28 21:19:33,067 - INFO - Websocket connected
2025-04-28 21:19:33,067 - INFO - 连接建立
2025-04-28 21:19:34,927 - INFO - 重连成功
2025-04-28 21:19:34,961 - WARNING - 错误码：10165，信息：invalid handle
2025-04-28 21:19:35,460 - INFO - 连接关闭
2025-04-28 21:19:36,472 - INFO - 尝试第1次重连...
2025-04-28 21:19:36,603 - INFO - Websocket connected
2025-04-28 21:19:36,604 - INFO - 连接建立
2025-04-28 21:19:38,474 - INFO - 重连成功
2025-04-28 21:19:38,508 - WARNING - 错误码：10165，信息：invalid handle
2025-04-28 21:19:39,007 - INFO - 连接关闭
2025-04-28 21:19:40,018 - INFO - 尝试第1次重连...
2025-04-28 21:19:40,175 - INFO - Websocket connected
2025-04-28 21:19:40,175 - INFO - 连接建立
2025-04-28 21:19:42,022 - INFO - 重连成功
2025-04-28 21:19:42,059 - WARNING - 错误码：10165，信息：invalid handle
2025-04-28 21:19:42,559 - INFO - 连接关闭
2025-04-28 21:19:43,568 - INFO - 尝试第1次重连...
2025-04-28 21:19:43,737 - INFO - Websocket connected
2025-04-28 21:19:43,737 - INFO - 连接建立
2025-04-28 21:19:45,584 - INFO - 重连成功
2025-04-28 21:19:45,624 - WARNING - 错误码：10165，信息：invalid handle
2025-04-28 21:19:46,125 - INFO - 连接关闭
2025-04-28 21:19:47,139 - INFO - 尝试第1次重连...
2025-04-28 21:19:47,287 - INFO - Websocket connected
2025-04-28 21:19:47,287 - INFO - 连接建立
2025-04-28 21:19:49,146 - INFO - 重连成功
2025-04-28 21:19:49,178 - WARNING - 错误码：10165，信息：invalid handle
2025-04-28 21:19:49,678 - INFO - 连接关闭
2025-04-28 21:19:50,694 - INFO - 尝试第1次重连...
2025-04-28 21:19:50,847 - INFO - Websocket connected
2025-04-28 21:19:50,847 - INFO - 连接建立
2025-04-28 21:19:52,704 - INFO - 重连成功
2025-04-28 21:19:52,736 - WARNING - 错误码：10165，信息：invalid handle
2025-04-28 21:19:53,237 - INFO - 连接关闭
2025-04-28 21:19:54,250 - INFO - 尝试第1次重连...
2025-04-28 21:19:54,409 - INFO - Websocket connected
2025-04-28 21:19:54,409 - INFO - 连接建立
2025-04-28 21:19:56,264 - INFO - 重连成功
2025-04-28 21:19:56,302 - WARNING - 错误码：10165，信息：invalid handle
2025-04-28 21:19:56,802 - INFO - 连接关闭
2025-04-28 21:19:57,808 - INFO - 尝试第1次重连...
2025-04-28 21:19:57,963 - INFO - Websocket connected
2025-04-28 21:19:57,963 - INFO - 连接建立
2025-04-28 21:19:59,816 - INFO - 重连成功
2025-04-28 21:19:59,852 - WARNING - 错误码：10165，信息：invalid handle
2025-04-28 21:20:00,352 - INFO - 连接关闭
2025-04-28 21:20:01,362 - INFO - 尝试第1次重连...
2025-04-28 21:20:01,520 - INFO - Websocket connected
2025-04-28 21:20:01,520 - INFO - 连接建立
2025-04-28 21:20:03,376 - INFO - 重连成功
2025-04-28 21:20:03,414 - WARNING - 错误码：10165，信息：invalid handle
2025-04-28 21:20:03,914 - INFO - 连接关闭
2025-04-28 21:20:04,930 - INFO - 尝试第1次重连...
2025-04-28 21:20:05,081 - INFO - Websocket connected
2025-04-28 21:20:05,081 - INFO - 连接建立
2025-04-28 21:20:06,935 - INFO - 重连成功
2025-04-28 21:20:06,973 - WARNING - 错误码：10165，信息：invalid handle
2025-04-28 21:20:07,473 - INFO - 连接关闭
2025-04-28 21:20:08,480 - INFO - 尝试第1次重连...
2025-04-28 21:20:08,608 - INFO - Websocket connected
2025-04-28 21:20:08,609 - INFO - 连接建立
2025-04-28 21:20:10,493 - INFO - 重连成功
2025-04-28 21:20:10,524 - WARNING - 错误码：10165，信息：invalid handle
2025-04-28 21:20:11,025 - INFO - 连接关闭
2025-04-28 21:20:12,037 - INFO - 尝试第1次重连...
2025-04-28 21:20:12,196 - INFO - Websocket connected
2025-04-28 21:20:12,197 - INFO - 连接建立
2025-04-28 21:20:14,050 - INFO - 重连成功
2025-04-28 21:20:14,087 - WARNING - 错误码：10165，信息：invalid handle
2025-04-28 21:20:14,588 - INFO - 连接关闭
2025-04-28 21:20:15,601 - INFO - 尝试第1次重连...
2025-04-28 21:20:15,768 - INFO - Websocket connected
2025-04-28 21:20:15,768 - INFO - 连接建立
2025-04-28 21:20:17,609 - INFO - 重连成功
2025-04-28 21:20:17,653 - WARNING - 错误码：10165，信息：invalid handle
2025-04-28 21:20:18,153 - INFO - 连接关闭
2025-04-28 21:20:19,165 - INFO - 尝试第1次重连...
2025-04-28 21:20:19,381 - INFO - Websocket connected
2025-04-28 21:20:19,382 - INFO - 连接建立
2025-04-28 21:20:21,180 - INFO - 重连成功
2025-04-28 21:20:21,222 - WARNING - 错误码：10165，信息：invalid handle
2025-04-28 21:20:21,718 - INFO - 连接关闭
2025-04-28 21:20:22,722 - INFO - 尝试第1次重连...
2025-04-28 21:20:22,855 - INFO - Websocket connected
2025-04-28 21:20:22,855 - INFO - 连接建立
2025-04-28 21:20:24,728 - INFO - 重连成功
2025-04-28 21:20:24,760 - WARNING - 错误码：10165，信息：invalid handle
2025-04-28 21:20:25,261 - INFO - 连接关闭
2025-04-28 21:20:26,269 - INFO - 尝试第1次重连...
2025-04-28 21:20:26,418 - INFO - Websocket connected
2025-04-28 21:20:26,419 - INFO - 连接建立
2025-04-28 21:20:28,283 - INFO - 重连成功
2025-04-28 21:20:28,316 - WARNING - 错误码：10165，信息：invalid handle
2025-04-28 21:20:28,815 - INFO - 连接关闭
2025-04-28 21:20:29,817 - INFO - 尝试第1次重连...
2025-04-28 21:20:29,980 - INFO - Websocket connected
2025-04-28 21:20:29,980 - INFO - 连接建立
2025-04-28 21:20:31,829 - INFO - 重连成功
2025-04-28 21:20:31,868 - WARNING - 错误码：10165，信息：invalid handle
2025-04-28 21:20:32,368 - INFO - 连接关闭
2025-04-28 21:20:33,379 - INFO - 尝试第1次重连...
2025-04-28 21:20:33,538 - INFO - Websocket connected
2025-04-28 21:20:33,538 - INFO - 连接建立
2025-04-28 21:20:35,384 - INFO - 重连成功
2025-04-28 21:20:35,432 - WARNING - 错误码：10165，信息：invalid handle
2025-04-28 21:20:35,924 - INFO - 连接关闭
2025-04-28 21:20:36,927 - INFO - 尝试第1次重连...
2025-04-28 21:20:37,097 - INFO - Websocket connected
2025-04-28 21:20:37,097 - INFO - 连接建立
2025-04-28 21:20:38,935 - INFO - 重连成功
2025-04-28 21:20:38,974 - WARNING - 错误码：10165，信息：invalid handle
2025-04-28 21:20:39,481 - INFO - 连接关闭
2025-04-28 21:20:40,493 - INFO - 尝试第1次重连...
2025-04-28 21:20:40,813 - INFO - Websocket connected
2025-04-28 21:20:40,813 - INFO - 连接建立
2025-04-28 21:20:42,502 - INFO - 重连成功
2025-04-28 21:20:42,564 - WARNING - 检测到连接丢失，尝试恢复...
2025-04-28 21:20:42,669 - WARNING - 错误码：10165，信息：invalid handle
2025-04-28 21:20:43,124 - INFO - 连接关闭
2025-04-28 21:20:43,574 - INFO - 尝试第1次重连...
2025-04-28 21:20:43,881 - INFO - Websocket connected
2025-04-28 21:20:43,882 - INFO - 连接建立
2025-04-28 21:20:44,134 - INFO - 尝试第1次重连...
2025-04-28 21:20:45,582 - INFO - 重连成功
2025-04-28 21:20:45,632 - INFO - 连接关闭
2025-04-28 21:20:46,298 - INFO - Websocket connected
2025-04-28 21:20:46,298 - INFO - 连接建立
2025-04-28 21:20:48,131 - INFO - 重连成功
2025-04-28 21:20:48,168 - WARNING - 错误码：10165，信息：invalid handle
2025-04-28 21:20:48,667 - INFO - 连接关闭
2025-04-28 21:20:49,681 - INFO - 尝试第1次重连...
2025-04-28 21:20:50,089 - INFO - Websocket connected
2025-04-28 21:20:50,089 - INFO - 连接建立
2025-04-28 21:20:51,694 - INFO - 重连成功
2025-04-28 21:20:51,748 - WARNING - 错误码：10165，信息：invalid handle
2025-04-28 21:20:52,255 - INFO - 连接关闭
2025-04-28 21:20:53,260 - INFO - 尝试第1次重连...
2025-04-28 21:20:53,439 - INFO - Websocket connected
2025-04-28 21:20:53,440 - INFO - 连接建立
2025-04-28 21:20:55,265 - INFO - 重连成功
2025-04-28 21:20:55,358 - WARNING - 错误码：10165，信息：invalid handle
2025-04-28 21:20:55,852 - INFO - 连接关闭
2025-04-28 21:20:56,868 - INFO - 尝试第1次重连...
2025-04-28 21:20:57,033 - INFO - Websocket connected
2025-04-28 21:20:57,033 - INFO - 连接建立
2025-04-28 21:20:58,872 - INFO - 重连成功
2025-04-28 21:20:58,910 - WARNING - 错误码：10165，信息：invalid handle
2025-04-28 21:20:59,413 - INFO - 连接关闭
2025-04-28 21:21:00,423 - INFO - 尝试第1次重连...
2025-04-28 21:21:00,584 - INFO - Websocket connected
2025-04-28 21:21:00,584 - INFO - 连接建立
2025-04-28 21:21:02,429 - INFO - 重连成功
2025-04-28 21:21:02,499 - WARNING - 错误码：10165，信息：invalid handle
2025-04-28 21:21:02,979 - INFO - 连接关闭
2025-04-28 21:21:03,987 - INFO - 尝试第1次重连...
2025-04-28 21:21:04,166 - INFO - Websocket connected
2025-04-28 21:21:04,167 - INFO - 连接建立
2025-04-28 21:21:06,003 - INFO - 重连成功
2025-04-28 21:21:06,048 - WARNING - 错误码：10165，信息：invalid handle
2025-04-28 21:21:06,563 - INFO - 连接关闭
2025-04-28 21:21:07,567 - INFO - 尝试第1次重连...
2025-04-28 21:21:07,722 - INFO - Websocket connected
2025-04-28 21:21:07,723 - INFO - 连接建立
2025-04-28 21:21:09,581 - INFO - 重连成功
2025-04-28 21:21:09,619 - WARNING - 错误码：10165，信息：invalid handle
2025-04-28 21:21:10,127 - INFO - 连接关闭
2025-04-28 21:21:11,134 - INFO - 尝试第1次重连...
2025-04-28 21:21:11,300 - INFO - Websocket connected
2025-04-28 21:21:11,300 - INFO - 连接建立
2025-04-28 21:21:13,140 - INFO - 重连成功
2025-04-28 21:21:13,181 - WARNING - 错误码：10165，信息：invalid handle
2025-04-28 21:21:13,683 - INFO - 连接关闭
2025-04-28 21:21:14,688 - INFO - 尝试第1次重连...
2025-04-28 21:21:14,842 - INFO - Websocket connected
2025-04-28 21:21:14,842 - INFO - 连接建立
2025-04-28 21:21:16,693 - INFO - 重连成功
2025-04-28 21:21:16,730 - WARNING - 错误码：10165，信息：invalid handle
2025-04-28 21:21:17,240 - INFO - 连接关闭
2025-04-28 21:21:18,250 - INFO - 尝试第1次重连...
2025-04-28 21:21:18,570 - INFO - Websocket connected
2025-04-28 21:21:18,571 - INFO - 连接建立
2025-04-28 21:21:20,265 - INFO - 重连成功
2025-04-28 21:21:20,306 - WARNING - 错误码：10165，信息：invalid handle
2025-04-28 21:21:20,810 - INFO - 连接关闭
2025-04-28 21:21:21,823 - INFO - 尝试第1次重连...
2025-04-28 21:21:21,989 - INFO - Websocket connected
2025-04-28 21:21:21,990 - INFO - 连接建立
2025-04-28 21:21:23,835 - INFO - 重连成功
2025-04-28 21:21:23,872 - WARNING - 错误码：10165，信息：invalid handle
2025-04-28 21:21:24,375 - INFO - 连接关闭
2025-04-28 21:21:25,379 - INFO - 尝试第1次重连...
2025-04-28 21:21:25,532 - INFO - Websocket connected
2025-04-28 21:21:25,533 - INFO - 连接建立
2025-04-28 21:21:27,382 - INFO - 重连成功
2025-04-28 21:21:27,417 - WARNING - 错误码：10165，信息：invalid handle
2025-04-28 21:21:27,918 - INFO - 连接关闭
2025-04-28 21:21:28,920 - INFO - 尝试第1次重连...
2025-04-28 21:21:29,087 - INFO - Websocket connected
2025-04-28 21:21:29,088 - INFO - 连接建立
2025-04-28 21:21:30,934 - INFO - 重连成功
2025-04-28 21:21:30,991 - WARNING - 错误码：10165，信息：invalid handle
2025-04-28 21:21:31,475 - INFO - 连接关闭
2025-04-28 21:21:32,484 - INFO - 尝试第1次重连...
2025-04-28 21:21:32,633 - INFO - Websocket connected
2025-04-28 21:21:32,633 - INFO - 连接建立
2025-04-28 21:21:34,498 - INFO - 重连成功
2025-04-28 21:21:34,535 - WARNING - 错误码：10165，信息：invalid handle
2025-04-28 21:21:35,037 - INFO - 连接关闭
2025-04-28 21:21:36,039 - INFO - 尝试第1次重连...
2025-04-28 21:21:36,222 - INFO - Websocket connected
2025-04-28 21:21:36,223 - INFO - 连接建立
2025-04-28 21:21:38,047 - INFO - 重连成功
2025-04-28 21:21:38,090 - WARNING - 错误码：10165，信息：invalid handle
2025-04-28 21:21:38,590 - INFO - 连接关闭
2025-04-28 21:21:39,601 - INFO - 尝试第1次重连...
2025-04-28 21:21:39,753 - INFO - Websocket connected
2025-04-28 21:21:39,753 - INFO - 连接建立
2025-04-28 21:21:41,615 - INFO - 重连成功
2025-04-28 21:21:41,650 - WARNING - 错误码：10165，信息：invalid handle
2025-04-28 21:21:42,152 - INFO - 连接关闭
2025-04-28 21:21:43,162 - INFO - 尝试第1次重连...
2025-04-28 21:21:43,324 - INFO - Websocket connected
2025-04-28 21:21:43,324 - INFO - 连接建立
2025-04-28 21:21:45,166 - INFO - 重连成功
2025-04-28 21:21:45,202 - WARNING - 错误码：10165，信息：invalid handle
2025-04-28 21:21:45,702 - INFO - 连接关闭
2025-04-28 21:21:46,717 - INFO - 尝试第1次重连...
2025-04-28 21:21:46,858 - INFO - Websocket connected
2025-04-28 21:21:46,859 - INFO - 连接建立
2025-04-28 21:21:48,719 - INFO - 重连成功
2025-04-28 21:21:48,757 - WARNING - 错误码：10165，信息：invalid handle
2025-04-28 21:21:49,257 - INFO - 连接关闭
2025-04-28 21:21:50,272 - INFO - 尝试第1次重连...
2025-04-28 21:21:50,415 - INFO - Websocket connected
2025-04-28 21:21:50,415 - INFO - 连接建立
2025-04-28 21:21:52,280 - INFO - 重连成功
2025-04-28 21:21:52,315 - WARNING - 错误码：10165，信息：invalid handle
2025-04-28 21:21:52,818 - INFO - 连接关闭
2025-04-28 21:21:53,821 - INFO - 尝试第1次重连...
2025-04-28 21:21:53,968 - INFO - Websocket connected
2025-04-28 21:21:53,969 - INFO - 连接建立
2025-04-28 21:21:55,830 - INFO - 重连成功
2025-04-28 21:21:55,865 - WARNING - 错误码：10165，信息：invalid handle
2025-04-28 21:21:56,366 - INFO - 连接关闭
2025-04-28 21:21:57,369 - INFO - 尝试第1次重连...
2025-04-28 21:21:57,538 - INFO - Websocket connected
2025-04-28 21:21:57,538 - INFO - 连接建立
2025-04-28 21:21:59,375 - INFO - 重连成功
2025-04-28 21:21:59,409 - WARNING - 错误码：10165，信息：invalid handle
2025-04-28 21:21:59,910 - INFO - 连接关闭
2025-04-28 21:22:00,921 - INFO - 尝试第1次重连...
2025-04-28 21:22:01,081 - INFO - Websocket connected
2025-04-28 21:22:01,082 - INFO - 连接建立
2025-04-28 21:22:02,938 - INFO - 重连成功
2025-04-28 21:22:02,980 - WARNING - 错误码：10165，信息：invalid handle
2025-04-28 21:22:03,474 - INFO - 连接关闭
2025-04-28 21:22:04,480 - INFO - 尝试第1次重连...
2025-04-28 21:22:04,653 - INFO - Websocket connected
2025-04-28 21:22:04,653 - INFO - 连接建立
2025-04-28 21:22:06,486 - INFO - 重连成功
2025-04-28 21:22:06,531 - WARNING - 错误码：10165，信息：invalid handle
2025-04-28 21:22:07,028 - INFO - 连接关闭
2025-04-28 21:22:08,033 - INFO - 尝试第1次重连...
2025-04-28 21:22:08,169 - INFO - Websocket connected
2025-04-28 21:22:08,170 - INFO - 连接建立
2025-04-28 21:22:10,034 - INFO - 重连成功
2025-04-28 21:22:10,070 - WARNING - 错误码：10165，信息：invalid handle
2025-04-28 21:22:10,574 - INFO - 连接关闭
2025-04-28 21:22:11,582 - INFO - 尝试第1次重连...
2025-04-28 21:22:11,750 - INFO - Websocket connected
2025-04-28 21:22:11,751 - INFO - 连接建立
2025-04-28 21:22:13,591 - INFO - 重连成功
2025-04-28 21:22:13,628 - WARNING - 错误码：10165，信息：invalid handle
2025-04-28 21:22:14,128 - INFO - 连接关闭
2025-04-28 21:22:15,138 - INFO - 尝试第1次重连...
2025-04-28 21:22:15,296 - INFO - Websocket connected
2025-04-28 21:22:15,298 - INFO - 连接建立
2025-04-28 21:22:17,150 - INFO - 重连成功
2025-04-28 21:22:17,191 - WARNING - 错误码：10165，信息：invalid handle
2025-04-28 21:22:17,689 - INFO - 连接关闭
2025-04-28 21:22:18,699 - INFO - 尝试第1次重连...
2025-04-28 21:22:18,849 - INFO - Websocket connected
2025-04-28 21:22:18,849 - INFO - 连接建立
2025-04-28 21:22:20,706 - INFO - 重连成功
2025-04-28 21:22:20,739 - WARNING - 错误码：10165，信息：invalid handle
2025-04-28 21:22:21,239 - INFO - 连接关闭
2025-04-28 21:22:22,247 - INFO - 尝试第1次重连...
2025-04-28 21:22:22,412 - INFO - Websocket connected
2025-04-28 21:22:22,413 - INFO - 连接建立
2025-04-28 21:22:24,255 - INFO - 重连成功
2025-04-28 21:22:24,292 - WARNING - 错误码：10165，信息：invalid handle
2025-04-28 21:22:24,793 - INFO - 连接关闭
2025-04-28 21:22:25,805 - INFO - 尝试第1次重连...
2025-04-28 21:22:25,988 - INFO - Websocket connected
2025-04-28 21:22:25,989 - INFO - 连接建立
2025-04-28 21:22:27,812 - INFO - 重连成功
2025-04-28 21:22:27,854 - WARNING - 错误码：10165，信息：invalid handle
2025-04-28 21:22:28,349 - INFO - 连接关闭
2025-04-28 21:22:29,362 - INFO - 尝试第1次重连...
2025-04-28 21:22:29,532 - INFO - Websocket connected
2025-04-28 21:22:29,532 - INFO - 连接建立
2025-04-28 21:22:31,372 - INFO - 重连成功
2025-04-28 21:22:31,422 - WARNING - 错误码：10165，信息：invalid handle
2025-04-28 21:22:31,911 - INFO - 连接关闭
2025-04-28 21:22:32,925 - INFO - 尝试第1次重连...
2025-04-28 21:22:33,081 - INFO - Websocket connected
2025-04-28 21:22:33,081 - INFO - 连接建立
2025-04-28 21:22:34,926 - INFO - 重连成功
2025-04-28 21:22:34,966 - WARNING - 错误码：10165，信息：invalid handle
2025-04-28 21:22:35,465 - INFO - 连接关闭
2025-04-28 21:22:36,468 - INFO - 尝试第1次重连...
2025-04-28 21:22:36,631 - INFO - Websocket connected
2025-04-28 21:22:36,632 - INFO - 连接建立
2025-04-28 21:22:38,480 - INFO - 重连成功
2025-04-28 21:22:38,514 - WARNING - 错误码：10165，信息：invalid handle
2025-04-28 21:22:39,016 - INFO - 连接关闭
2025-04-28 21:22:40,017 - INFO - 尝试第1次重连...
2025-04-28 21:22:40,184 - INFO - Websocket connected
2025-04-28 21:22:40,184 - INFO - 连接建立
2025-04-28 21:22:42,027 - INFO - 重连成功
2025-04-28 21:22:42,068 - WARNING - 错误码：10165，信息：invalid handle
2025-04-28 21:22:42,566 - INFO - 连接关闭
2025-04-28 21:22:43,578 - INFO - 尝试第1次重连...
2025-04-28 21:22:43,747 - INFO - Websocket connected
2025-04-28 21:22:43,748 - INFO - 连接建立
2025-04-28 21:22:45,582 - INFO - 重连成功
2025-04-28 21:22:45,625 - WARNING - 错误码：10165，信息：invalid handle
2025-04-28 21:22:46,127 - INFO - 连接关闭
2025-04-28 21:22:47,138 - INFO - 尝试第1次重连...
2025-04-28 21:22:47,286 - INFO - Websocket connected
2025-04-28 21:22:47,286 - INFO - 连接建立
2025-04-28 21:22:49,151 - INFO - 重连成功
2025-04-28 21:22:49,184 - WARNING - 错误码：10165，信息：invalid handle
2025-04-28 21:22:49,684 - INFO - 连接关闭
2025-04-28 21:22:50,691 - INFO - 尝试第1次重连...
2025-04-28 21:22:50,856 - INFO - Websocket connected
2025-04-28 21:22:50,856 - INFO - 连接建立
2025-04-28 21:22:52,700 - INFO - 重连成功
2025-04-28 21:22:52,736 - WARNING - 错误码：10165，信息：invalid handle
2025-04-28 21:22:53,234 - INFO - 连接关闭
2025-04-28 21:22:54,244 - INFO - 尝试第1次重连...
2025-04-28 21:22:54,406 - INFO - Websocket connected
2025-04-28 21:22:54,407 - INFO - 连接建立
2025-04-28 21:22:56,246 - INFO - 重连成功
2025-04-28 21:22:56,282 - WARNING - 错误码：10165，信息：invalid handle
2025-04-28 21:22:56,783 - INFO - 连接关闭
2025-04-28 21:22:57,791 - INFO - 尝试第1次重连...
2025-04-28 21:22:57,949 - INFO - Websocket connected
2025-04-28 21:22:57,950 - INFO - 连接建立
2025-04-28 21:22:59,793 - INFO - 重连成功
2025-04-28 21:22:59,831 - WARNING - 错误码：10165，信息：invalid handle
2025-04-28 21:23:00,331 - INFO - 连接关闭
2025-04-28 21:23:01,333 - INFO - 尝试第1次重连...
2025-04-28 21:23:01,548 - INFO - Websocket connected
2025-04-28 21:23:01,550 - INFO - 连接建立
2025-04-28 21:23:03,343 - INFO - 重连成功
2025-04-28 21:23:03,382 - WARNING - 错误码：10165，信息：invalid handle
2025-04-28 21:23:03,881 - INFO - 连接关闭
2025-04-28 21:23:04,894 - INFO - 尝试第1次重连...
2025-04-28 21:23:05,052 - INFO - Websocket connected
2025-04-28 21:23:05,052 - INFO - 连接建立
2025-04-28 21:23:06,901 - INFO - 重连成功
2025-04-28 21:23:06,948 - WARNING - 错误码：10165，信息：invalid handle
2025-04-28 21:23:07,445 - INFO - 连接关闭
2025-04-28 21:23:08,448 - INFO - 尝试第1次重连...
2025-04-28 21:23:08,622 - INFO - Websocket connected
2025-04-28 21:23:08,622 - INFO - 连接建立
2025-04-28 21:23:10,463 - INFO - 重连成功
2025-04-28 21:23:10,570 - WARNING - 错误码：10165，信息：invalid handle
2025-04-28 21:23:11,053 - INFO - 连接关闭
2025-04-28 21:23:12,058 - INFO - 尝试第1次重连...
2025-04-28 21:23:12,220 - INFO - Websocket connected
2025-04-28 21:23:12,221 - INFO - 连接建立
2025-04-28 21:23:14,064 - INFO - 重连成功
2025-04-28 21:23:14,105 - WARNING - 错误码：10165，信息：invalid handle
2025-04-28 21:23:14,604 - INFO - 连接关闭
2025-04-28 21:23:15,606 - INFO - 尝试第1次重连...
2025-04-28 21:23:15,759 - INFO - Websocket connected
2025-04-28 21:23:15,759 - INFO - 连接建立
2025-04-28 21:23:17,613 - INFO - 重连成功
2025-04-28 21:23:17,660 - WARNING - 错误码：10165，信息：invalid handle
2025-04-28 21:23:18,155 - INFO - 连接关闭
2025-04-28 21:23:19,170 - INFO - 尝试第1次重连...
2025-04-28 21:23:19,400 - INFO - Websocket connected
2025-04-28 21:23:19,400 - INFO - 连接建立
2025-04-28 21:23:21,180 - INFO - 重连成功
2025-04-28 21:23:21,323 - WARNING - 错误码：10165，信息：invalid handle
2025-04-28 21:23:21,780 - INFO - 连接关闭
2025-04-28 21:23:22,795 - INFO - 尝试第1次重连...
2025-04-28 21:23:22,956 - INFO - Websocket connected
2025-04-28 21:23:22,956 - INFO - 连接建立
2025-04-28 21:23:24,796 - INFO - 重连成功
2025-04-28 21:23:24,838 - WARNING - 错误码：10165，信息：invalid handle
2025-04-28 21:23:25,335 - INFO - 连接关闭
2025-04-28 21:23:26,340 - INFO - 尝试第1次重连...
2025-04-28 21:23:26,491 - INFO - Websocket connected
2025-04-28 21:23:26,492 - INFO - 连接建立
2025-04-28 21:23:28,346 - INFO - 重连成功
2025-04-28 21:23:28,382 - WARNING - 错误码：10165，信息：invalid handle
2025-04-28 21:23:28,883 - INFO - 连接关闭
2025-04-28 21:23:29,887 - INFO - 尝试第1次重连...
2025-04-28 21:23:30,048 - INFO - Websocket connected
2025-04-28 21:23:30,048 - INFO - 连接建立
2025-04-28 21:23:31,892 - INFO - 重连成功
2025-04-28 21:23:31,933 - WARNING - 错误码：10165，信息：invalid handle
2025-04-28 21:23:32,436 - INFO - 连接关闭
2025-04-28 21:23:33,452 - INFO - 尝试第1次重连...
2025-04-28 21:23:33,620 - INFO - Websocket connected
2025-04-28 21:23:33,621 - INFO - 连接建立
2025-04-28 21:23:35,453 - INFO - 重连成功
2025-04-28 21:23:35,494 - WARNING - 错误码：10165，信息：invalid handle
2025-04-28 21:23:36,092 - INFO - 连接关闭
2025-04-28 21:23:37,100 - INFO - 尝试第1次重连...
2025-04-28 21:23:37,260 - INFO - Websocket connected
2025-04-28 21:23:37,261 - INFO - 连接建立
2025-04-28 21:23:39,103 - INFO - 重连成功
2025-04-28 21:23:39,141 - WARNING - 错误码：10165，信息：invalid handle
2025-04-28 21:23:39,642 - INFO - 连接关闭
2025-04-28 21:23:40,647 - INFO - 尝试第1次重连...
2025-04-28 21:23:40,822 - INFO - Websocket connected
2025-04-28 21:23:40,822 - INFO - 连接建立
2025-04-28 21:23:42,659 - INFO - 重连成功
2025-04-28 21:23:42,700 - WARNING - 错误码：10165，信息：invalid handle
2025-04-28 21:23:43,200 - INFO - 连接关闭
2025-04-28 21:23:44,215 - INFO - 尝试第1次重连...
2025-04-28 21:23:44,373 - INFO - Websocket connected
2025-04-28 21:23:44,374 - INFO - 连接建立
2025-04-28 21:23:46,219 - INFO - 重连成功
2025-04-28 21:23:46,257 - WARNING - 错误码：10165，信息：invalid handle
2025-04-28 21:23:46,756 - INFO - 连接关闭
2025-04-28 21:23:47,760 - INFO - 尝试第1次重连...
2025-04-28 21:23:47,939 - INFO - Websocket connected
2025-04-28 21:23:47,939 - INFO - 连接建立
2025-04-28 21:23:49,763 - INFO - 重连成功
2025-04-28 21:23:49,794 - WARNING - 错误码：10165，信息：invalid handle
2025-04-28 21:23:50,311 - INFO - 连接关闭
2025-04-28 21:23:51,324 - INFO - 尝试第1次重连...
2025-04-28 21:23:51,482 - INFO - Websocket connected
2025-04-28 21:23:51,482 - INFO - 连接建立
2025-04-28 21:23:53,336 - INFO - 重连成功
2025-04-28 21:23:53,366 - WARNING - 错误码：10165，信息：invalid handle
2025-04-28 21:23:53,870 - INFO - 连接关闭
2025-04-28 21:23:54,878 - INFO - 尝试第1次重连...
2025-04-28 21:23:55,036 - INFO - Websocket connected
2025-04-28 21:23:55,036 - INFO - 连接建立
2025-04-28 21:23:56,885 - INFO - 重连成功
2025-04-28 21:23:56,916 - WARNING - 错误码：10165，信息：invalid handle
2025-04-28 21:23:57,411 - INFO - 连接关闭
2025-04-28 21:23:58,427 - INFO - 尝试第1次重连...
2025-04-28 21:23:58,589 - INFO - Websocket connected
2025-04-28 21:23:58,589 - INFO - 连接建立
2025-04-28 21:24:00,431 - INFO - 重连成功
2025-04-28 21:24:00,461 - WARNING - 错误码：10165，信息：invalid handle
2025-04-28 21:24:00,966 - INFO - 连接关闭
2025-04-28 21:24:01,969 - INFO - 尝试第1次重连...
2025-04-28 21:24:02,132 - INFO - Websocket connected
2025-04-28 21:24:02,132 - INFO - 连接建立
2025-04-28 21:24:03,972 - INFO - 重连成功
2025-04-28 21:24:04,016 - WARNING - 错误码：10165，信息：invalid handle
2025-04-28 21:24:04,511 - INFO - 连接关闭
2025-04-28 21:24:05,512 - INFO - 尝试第1次重连...
2025-04-28 21:24:05,674 - INFO - Websocket connected
2025-04-28 21:24:05,674 - INFO - 连接建立
2025-04-28 21:24:07,522 - INFO - 重连成功
2025-04-28 21:24:07,552 - WARNING - 错误码：10165，信息：invalid handle
2025-04-28 21:24:08,057 - INFO - 连接关闭
2025-04-28 21:24:09,062 - INFO - 尝试第1次重连...
2025-04-28 21:24:09,210 - INFO - Websocket connected
2025-04-28 21:24:09,211 - INFO - 连接建立
2025-04-28 21:24:11,068 - INFO - 重连成功
2025-04-28 21:24:11,143 - WARNING - 错误码：10165，信息：invalid handle
2025-04-28 21:24:11,621 - INFO - 连接关闭
2025-04-28 21:24:12,629 - INFO - 尝试第1次重连...
2025-04-28 21:24:12,852 - INFO - Websocket connected
2025-04-28 21:24:12,852 - INFO - 连接建立
2025-04-28 21:24:14,631 - INFO - 重连成功
2025-04-28 21:24:14,702 - WARNING - 错误码：10165，信息：invalid handle
2025-04-28 21:24:15,208 - INFO - 连接关闭
2025-04-28 21:24:16,218 - INFO - 尝试第1次重连...
2025-04-28 21:24:16,461 - INFO - Websocket connected
2025-04-28 21:24:16,464 - INFO - 连接建立
2025-04-28 21:24:18,222 - INFO - 重连成功
2025-04-28 21:24:18,274 - WARNING - 错误码：10165，信息：invalid handle
2025-04-28 21:24:18,773 - INFO - 连接关闭
2025-04-28 21:24:19,792 - INFO - 尝试第1次重连...
2025-04-28 21:24:20,018 - INFO - Websocket connected
2025-04-28 21:24:20,018 - INFO - 连接建立
2025-04-28 21:24:21,800 - INFO - 重连成功
2025-04-28 21:24:21,830 - WARNING - 错误码：10165，信息：invalid handle
2025-04-28 21:24:22,340 - INFO - 连接关闭
2025-04-28 21:24:23,352 - INFO - 尝试第1次重连...
2025-04-28 21:24:23,524 - INFO - Websocket connected
2025-04-28 21:24:23,524 - INFO - 连接建立
2025-04-28 21:24:25,360 - INFO - 重连成功
2025-04-28 21:24:25,596 - WARNING - 错误码：10165，信息：invalid handle
2025-04-28 21:24:25,943 - INFO - 连接关闭
2025-04-28 21:24:26,947 - INFO - 尝试第1次重连...
2025-04-28 21:24:27,226 - INFO - Websocket connected
2025-04-28 21:24:27,226 - INFO - 连接建立
2025-04-28 21:24:28,949 - INFO - 重连成功
2025-04-28 21:24:28,990 - WARNING - 错误码：10165，信息：invalid handle
2025-04-28 21:24:29,488 - INFO - 连接关闭
2025-04-28 21:24:30,502 - INFO - 尝试第1次重连...
2025-04-28 21:24:30,715 - INFO - Websocket connected
2025-04-28 21:24:30,716 - INFO - 连接建立
2025-04-28 21:24:32,504 - INFO - 重连成功
2025-04-28 21:24:32,546 - WARNING - 错误码：10165，信息：invalid handle
2025-04-28 21:24:33,043 - INFO - 连接关闭
2025-04-28 21:24:34,053 - INFO - 尝试第1次重连...
2025-04-28 21:24:34,287 - INFO - Websocket connected
2025-04-28 21:24:34,287 - INFO - 连接建立
2025-04-28 21:24:36,057 - INFO - 重连成功
2025-04-28 21:24:36,112 - WARNING - 错误码：10165，信息：invalid handle
2025-04-28 21:24:36,615 - INFO - 连接关闭
2025-04-28 21:24:37,622 - INFO - 尝试第1次重连...
2025-04-28 21:24:37,875 - INFO - Websocket connected
2025-04-28 21:24:37,875 - INFO - 连接建立
2025-04-28 21:24:39,626 - INFO - 重连成功
2025-04-28 21:24:39,691 - WARNING - 错误码：10165，信息：invalid handle
2025-04-28 21:24:40,179 - INFO - 连接关闭
2025-04-28 21:24:41,194 - INFO - 尝试第1次重连...
2025-04-28 21:24:41,349 - INFO - Websocket connected
2025-04-28 21:24:41,350 - INFO - 连接建立
2025-04-28 21:24:43,204 - INFO - 重连成功
2025-04-28 21:24:43,244 - WARNING - 错误码：10165，信息：invalid handle
2025-04-28 21:24:43,741 - INFO - 连接关闭
2025-04-28 21:24:44,748 - INFO - 尝试第1次重连...
2025-04-28 21:24:44,918 - INFO - Websocket connected
2025-04-28 21:24:44,918 - INFO - 连接建立
2025-04-28 21:24:46,755 - INFO - 重连成功
2025-04-28 21:24:46,802 - WARNING - 错误码：10165，信息：invalid handle
2025-04-28 21:24:47,296 - INFO - 连接关闭
2025-04-28 21:24:48,298 - INFO - 尝试第1次重连...
2025-04-28 21:24:48,584 - INFO - Websocket connected
2025-04-28 21:24:48,585 - INFO - 连接建立
2025-04-28 21:24:50,308 - INFO - 重连成功
2025-04-28 21:24:50,346 - WARNING - 错误码：10165，信息：invalid handle
2025-04-28 21:24:50,853 - INFO - 连接关闭
2025-04-28 21:24:51,854 - INFO - 尝试第1次重连...
2025-04-28 21:24:52,011 - INFO - Websocket connected
2025-04-28 21:24:52,012 - INFO - 连接建立
2025-04-28 21:24:53,859 - INFO - 重连成功
2025-04-28 21:24:53,896 - WARNING - 错误码：10165，信息：invalid handle
2025-04-28 21:24:54,395 - INFO - 连接关闭
2025-04-28 21:24:55,398 - INFO - 尝试第1次重连...
2025-04-28 21:24:55,548 - INFO - Websocket connected
2025-04-28 21:24:55,550 - INFO - 连接建立
2025-04-28 21:24:57,404 - INFO - 重连成功
2025-04-28 21:24:57,439 - WARNING - 错误码：10165，信息：invalid handle
2025-04-28 21:24:57,939 - INFO - 连接关闭
2025-04-28 21:24:58,941 - INFO - 尝试第1次重连...
2025-04-28 21:24:59,079 - INFO - Websocket connected
2025-04-28 21:24:59,080 - INFO - 连接建立
2025-04-28 21:25:00,944 - INFO - 重连成功
2025-04-28 21:25:00,991 - WARNING - 检测到连接丢失，尝试恢复...
2025-04-28 21:25:00,991 - WARNING - 错误码：10165，信息：invalid handle
2025-04-28 21:25:01,481 - INFO - 连接关闭
2025-04-28 21:25:02,000 - INFO - 尝试第1次重连...
2025-04-28 21:25:02,166 - INFO - Websocket connected
2025-04-28 21:25:02,168 - INFO - 连接建立
2025-04-28 21:25:02,495 - INFO - 尝试第1次重连...
2025-04-28 21:25:04,004 - INFO - 重连成功
2025-04-28 21:25:04,045 - INFO - 连接关闭
2025-04-28 21:25:04,706 - INFO - Websocket connected
2025-04-28 21:25:04,707 - INFO - 连接建立
2025-04-28 21:25:06,561 - INFO - 重连成功
2025-04-28 21:25:06,600 - WARNING - 错误码：10165，信息：invalid handle
2025-04-28 21:25:07,097 - INFO - 连接关闭
2025-04-28 21:25:08,106 - INFO - 尝试第1次重连...
2025-04-28 21:25:08,282 - INFO - Websocket connected
2025-04-28 21:25:08,282 - INFO - 连接建立
2025-04-28 21:25:10,112 - INFO - 重连成功
2025-04-28 21:25:10,162 - WARNING - 错误码：10165，信息：invalid handle
2025-04-28 21:25:10,653 - INFO - 连接关闭
2025-04-28 21:25:11,663 - INFO - 尝试第1次重连...
2025-04-28 21:25:11,804 - INFO - Websocket connected
2025-04-28 21:25:11,805 - INFO - 连接建立
2025-04-28 21:25:13,669 - INFO - 重连成功
2025-04-28 21:25:13,703 - WARNING - 错误码：10165，信息：invalid handle
2025-04-28 21:25:14,203 - INFO - 连接关闭
2025-04-28 21:25:15,207 - INFO - 尝试第1次重连...
2025-04-28 21:25:15,361 - INFO - Websocket connected
2025-04-28 21:25:15,362 - INFO - 连接建立
2025-04-28 21:25:17,211 - INFO - 重连成功
2025-04-28 21:25:17,257 - WARNING - 错误码：10165，信息：invalid handle
2025-04-28 21:25:17,757 - INFO - 连接关闭
2025-04-28 21:25:18,764 - INFO - 尝试第1次重连...
2025-04-28 21:25:18,928 - INFO - Websocket connected
2025-04-28 21:25:18,928 - INFO - 连接建立
2025-04-28 21:25:20,772 - INFO - 重连成功
2025-04-28 21:25:20,809 - WARNING - 错误码：10165，信息：invalid handle
2025-04-28 21:25:21,310 - INFO - 连接关闭
2025-04-28 21:25:22,324 - INFO - 尝试第1次重连...
2025-04-28 21:25:22,480 - INFO - Websocket connected
2025-04-28 21:25:22,480 - INFO - 连接建立
2025-04-28 21:25:24,325 - INFO - 重连成功
2025-04-28 21:25:24,361 - WARNING - 错误码：10165，信息：invalid handle
2025-04-28 21:25:24,864 - INFO - 连接关闭
2025-04-28 21:25:25,873 - INFO - 尝试第1次重连...
2025-04-28 21:25:26,033 - INFO - Websocket connected
2025-04-28 21:25:26,034 - INFO - 连接建立
2025-04-28 21:25:27,888 - INFO - 重连成功
2025-04-28 21:25:27,926 - WARNING - 错误码：10165，信息：invalid handle
2025-04-28 21:25:28,432 - INFO - 连接关闭
2025-04-28 21:25:29,444 - INFO - 尝试第1次重连...
2025-04-28 21:25:29,602 - INFO - Websocket connected
2025-04-28 21:25:29,603 - INFO - 连接建立
2025-04-28 21:25:31,459 - INFO - 重连成功
2025-04-28 21:25:31,496 - WARNING - 错误码：10165，信息：invalid handle
2025-04-28 21:25:31,998 - INFO - 连接关闭
2025-04-28 21:25:33,001 - INFO - 尝试第1次重连...
2025-04-28 21:25:33,176 - INFO - Websocket connected
2025-04-28 21:25:33,177 - INFO - 连接建立
2025-04-28 21:25:35,011 - INFO - 重连成功
2025-04-28 21:25:35,052 - WARNING - 错误码：10165，信息：invalid handle
2025-04-28 21:25:35,553 - INFO - 连接关闭
2025-04-28 21:25:36,556 - INFO - 尝试第1次重连...
2025-04-28 21:25:36,733 - INFO - Websocket connected
2025-04-28 21:25:36,734 - INFO - 连接建立
2025-04-28 21:25:38,568 - INFO - 重连成功
2025-04-28 21:25:38,606 - WARNING - 错误码：10165，信息：invalid handle
2025-04-28 21:25:39,108 - INFO - 连接关闭
2025-04-28 21:25:40,114 - INFO - 尝试第1次重连...
2025-04-28 21:25:40,281 - INFO - Websocket connected
2025-04-28 21:25:40,282 - INFO - 连接建立
2025-04-28 21:25:42,125 - INFO - 重连成功
2025-04-28 21:25:42,168 - WARNING - 错误码：10165，信息：invalid handle
2025-04-28 21:25:42,667 - INFO - 连接关闭
2025-04-28 21:25:43,668 - INFO - 尝试第1次重连...
2025-04-28 21:25:43,853 - INFO - Websocket connected
2025-04-28 21:25:43,854 - INFO - 连接建立
2025-04-28 21:25:45,678 - INFO - 重连成功
2025-04-28 21:25:45,728 - WARNING - 错误码：10165，信息：invalid handle
2025-04-28 21:25:46,224 - INFO - 连接关闭
2025-04-28 21:25:47,238 - INFO - 尝试第1次重连...
2025-04-28 21:25:47,397 - INFO - Websocket connected
2025-04-28 21:25:47,398 - INFO - 连接建立
2025-04-28 21:25:49,246 - INFO - 重连成功
2025-04-28 21:25:49,286 - WARNING - 错误码：10165，信息：invalid handle
2025-04-28 21:25:49,785 - INFO - 连接关闭
2025-04-28 21:25:50,793 - INFO - 尝试第1次重连...
2025-04-28 21:25:50,973 - INFO - Websocket connected
2025-04-28 21:25:50,974 - INFO - 连接建立
2025-04-28 21:25:52,808 - INFO - 重连成功
2025-04-28 21:25:52,871 - WARNING - 错误码：10165，信息：invalid handle
2025-04-28 21:25:53,377 - INFO - 连接关闭
2025-04-28 21:25:54,393 - INFO - 尝试第1次重连...
2025-04-28 21:25:54,616 - INFO - Websocket connected
2025-04-28 21:25:54,617 - INFO - 连接建立
2025-04-28 21:25:56,406 - INFO - 重连成功
2025-04-28 21:25:56,490 - WARNING - 错误码：10165，信息：invalid handle
2025-04-28 21:25:56,976 - INFO - 连接关闭
2025-04-28 21:25:57,989 - INFO - 尝试第1次重连...
2025-04-28 21:25:58,225 - INFO - Websocket connected
2025-04-28 21:25:58,226 - INFO - 连接建立
2025-04-28 21:25:59,998 - INFO - 重连成功
2025-04-28 21:26:00,034 - WARNING - 错误码：10165，信息：invalid handle
2025-04-28 21:26:00,533 - INFO - 连接关闭
2025-04-28 21:26:01,539 - INFO - 尝试第1次重连...
2025-04-28 21:26:01,714 - INFO - Websocket connected
2025-04-28 21:26:01,715 - INFO - 连接建立
2025-04-28 21:26:03,547 - INFO - 重连成功
2025-04-28 21:26:03,584 - WARNING - 错误码：10165，信息：invalid handle
2025-04-28 21:26:04,085 - INFO - 连接关闭
2025-04-28 21:26:05,089 - INFO - 尝试第1次重连...
2025-04-28 21:26:05,242 - INFO - Websocket connected
2025-04-28 21:26:05,243 - INFO - 连接建立
2025-04-28 21:26:07,090 - INFO - 重连成功
2025-04-28 21:26:07,129 - WARNING - 错误码：10165，信息：invalid handle
2025-04-28 21:26:07,814 - INFO - 连接关闭
2025-04-28 21:26:08,822 - INFO - 尝试第1次重连...
2025-04-28 21:26:08,996 - INFO - Websocket connected
2025-04-28 21:26:08,996 - INFO - 连接建立
2025-04-28 21:26:10,837 - INFO - 重连成功
2025-04-28 21:26:10,884 - WARNING - 错误码：10165，信息：invalid handle
2025-04-28 21:26:11,384 - INFO - 连接关闭
2025-04-28 21:26:12,385 - INFO - 尝试第1次重连...
2025-04-28 21:26:12,558 - INFO - Websocket connected
2025-04-28 21:26:12,558 - INFO - 连接建立
2025-04-28 21:26:14,396 - INFO - 重连成功
2025-04-28 21:26:14,435 - WARNING - 错误码：10165，信息：invalid handle
2025-04-28 21:26:14,935 - INFO - 连接关闭
2025-04-28 21:26:15,948 - INFO - 尝试第1次重连...
2025-04-28 21:26:16,099 - INFO - Websocket connected
2025-04-28 21:26:16,099 - INFO - 连接建立
2025-04-28 21:26:17,962 - INFO - 重连成功
2025-04-28 21:26:18,000 - WARNING - 错误码：10165，信息：invalid handle
2025-04-28 21:26:18,497 - INFO - 连接关闭
2025-04-28 21:26:19,499 - INFO - 尝试第1次重连...
2025-04-28 21:26:19,657 - INFO - Websocket connected
2025-04-28 21:26:19,657 - INFO - 连接建立
2025-04-28 21:26:21,505 - INFO - 重连成功
2025-04-28 21:26:21,548 - WARNING - 错误码：10165，信息：invalid handle
2025-04-28 21:26:22,046 - INFO - 连接关闭
2025-04-28 21:26:23,060 - INFO - 尝试第1次重连...
2025-04-28 21:26:23,212 - INFO - Websocket connected
2025-04-28 21:26:23,213 - INFO - 连接建立
2025-04-28 21:26:25,072 - INFO - 重连成功
2025-04-28 21:26:25,114 - WARNING - 错误码：10165，信息：invalid handle
2025-04-28 21:26:25,608 - INFO - 连接关闭
2025-04-28 21:26:26,621 - INFO - 尝试第1次重连...
2025-04-28 21:26:26,774 - INFO - Websocket connected
2025-04-28 21:26:26,774 - INFO - 连接建立
2025-04-28 21:26:28,622 - INFO - 重连成功
2025-04-28 21:26:28,655 - WARNING - 错误码：10165，信息：invalid handle
2025-04-28 21:26:29,156 - INFO - 连接关闭
2025-04-28 21:26:30,172 - INFO - 尝试第1次重连...
2025-04-28 21:26:30,330 - INFO - Websocket connected
2025-04-28 21:26:30,330 - INFO - 连接建立
2025-04-28 21:26:32,186 - INFO - 重连成功
2025-04-28 21:26:32,224 - WARNING - 错误码：10165，信息：invalid handle
2025-04-28 21:26:32,723 - INFO - 连接关闭
2025-04-28 21:26:33,731 - INFO - 尝试第1次重连...
2025-04-28 21:26:33,869 - INFO - Websocket connected
2025-04-28 21:26:33,870 - INFO - 连接建立
2025-04-28 21:26:35,736 - INFO - 重连成功
2025-04-28 21:26:35,769 - WARNING - 错误码：10165，信息：invalid handle
2025-04-28 21:26:36,269 - INFO - 连接关闭
2025-04-28 21:26:37,276 - INFO - 尝试第1次重连...
2025-04-28 21:26:37,439 - INFO - Websocket connected
2025-04-28 21:26:37,439 - INFO - 连接建立
2025-04-28 21:26:39,286 - INFO - 重连成功
2025-04-28 21:26:39,326 - WARNING - 错误码：10165，信息：invalid handle
2025-04-28 21:26:39,827 - INFO - 连接关闭
2025-04-28 21:26:40,832 - INFO - 尝试第1次重连...
2025-04-28 21:26:40,970 - INFO - Websocket connected
2025-04-28 21:26:40,970 - INFO - 连接建立
2025-04-28 21:26:42,840 - INFO - 重连成功
2025-04-28 21:26:42,876 - WARNING - 错误码：10165，信息：invalid handle
2025-04-28 21:26:43,376 - INFO - 连接关闭
2025-04-28 21:26:44,384 - INFO - 尝试第1次重连...
2025-04-28 21:26:44,536 - INFO - Websocket connected
2025-04-28 21:26:44,537 - INFO - 连接建立
2025-04-28 21:26:46,388 - INFO - 重连成功
2025-04-28 21:26:46,425 - WARNING - 错误码：10165，信息：invalid handle
2025-04-28 21:26:46,925 - INFO - 连接关闭
2025-04-28 21:26:47,934 - INFO - 尝试第1次重连...
2025-04-28 21:26:48,096 - INFO - Websocket connected
2025-04-28 21:26:48,096 - INFO - 连接建立
2025-04-28 21:26:49,945 - INFO - 重连成功
2025-04-28 21:26:49,983 - WARNING - 错误码：10165，信息：invalid handle
2025-04-28 21:26:50,483 - INFO - 连接关闭
2025-04-28 21:26:51,498 - INFO - 尝试第1次重连...
2025-04-28 21:26:51,665 - INFO - Websocket connected
2025-04-28 21:26:51,665 - INFO - 连接建立
2025-04-28 21:26:53,502 - INFO - 重连成功
2025-04-28 21:26:53,543 - WARNING - 错误码：10165，信息：invalid handle
2025-04-28 21:26:54,045 - INFO - 连接关闭
2025-04-28 21:26:55,055 - INFO - 尝试第1次重连...
2025-04-28 21:26:55,224 - INFO - Websocket connected
2025-04-28 21:26:55,225 - INFO - 连接建立
2025-04-28 21:26:57,058 - INFO - 重连成功
2025-04-28 21:26:57,099 - WARNING - 错误码：10165，信息：invalid handle
2025-04-28 21:26:57,598 - INFO - 连接关闭
2025-04-28 21:26:58,606 - INFO - 尝试第1次重连...
2025-04-28 21:26:58,777 - INFO - Websocket connected
2025-04-28 21:26:58,778 - INFO - 连接建立
2025-04-28 21:27:00,615 - INFO - 重连成功
2025-04-28 21:27:00,657 - WARNING - 错误码：10165，信息：invalid handle
2025-04-28 21:27:01,162 - INFO - 连接关闭
2025-04-28 21:27:02,174 - INFO - 尝试第1次重连...
2025-04-28 21:27:02,416 - INFO - Websocket connected
2025-04-28 21:27:02,418 - INFO - 连接建立
2025-04-28 21:27:04,185 - INFO - 重连成功
2025-04-28 21:27:04,201 - WARNING - 检测到连接丢失，尝试恢复...
2025-04-28 21:27:04,218 - WARNING - 错误码：10165，信息：invalid handle
2025-04-28 21:27:04,719 - INFO - 连接关闭
2025-04-28 21:27:05,202 - INFO - 尝试第1次重连...
2025-04-28 21:27:05,384 - INFO - Websocket connected
2025-04-28 21:27:05,384 - INFO - 连接建立
2025-04-28 21:27:05,733 - INFO - 尝试第1次重连...
2025-04-28 21:27:07,214 - INFO - 重连成功
2025-04-28 21:27:07,258 - INFO - 连接关闭
2025-04-28 21:27:07,908 - INFO - Websocket connected
2025-04-28 21:27:07,909 - INFO - 连接建立
2025-04-28 21:27:09,767 - INFO - 重连成功
2025-04-28 21:27:09,810 - WARNING - 错误码：10165，信息：invalid handle
2025-04-28 21:27:10,301 - INFO - 连接关闭
2025-04-28 21:27:11,315 - INFO - 尝试第1次重连...
2025-04-28 21:27:11,485 - INFO - Websocket connected
2025-04-28 21:27:11,486 - INFO - 连接建立
2025-04-28 21:27:13,332 - INFO - 重连成功
2025-04-28 21:27:13,371 - WARNING - 错误码：10165，信息：invalid handle
2025-04-28 21:27:13,872 - INFO - 连接关闭
2025-04-28 21:27:14,874 - INFO - 尝试第1次重连...
2025-04-28 21:27:15,028 - INFO - Websocket connected
2025-04-28 21:27:15,029 - INFO - 连接建立
2025-04-28 21:27:16,880 - INFO - 重连成功
2025-04-28 21:27:16,917 - WARNING - 错误码：10165，信息：invalid handle
2025-04-28 21:27:17,416 - INFO - 连接关闭
2025-04-28 21:27:18,423 - INFO - 尝试第1次重连...
2025-04-28 21:27:18,606 - INFO - Websocket connected
2025-04-28 21:27:18,607 - INFO - 连接建立
2025-04-28 21:27:20,440 - INFO - 重连成功
2025-04-28 21:27:20,480 - WARNING - 错误码：10165，信息：invalid handle
2025-04-28 21:27:20,982 - INFO - 连接关闭
2025-04-28 21:27:21,997 - INFO - 尝试第1次重连...
2025-04-28 21:27:22,163 - INFO - Websocket connected
2025-04-28 21:27:22,163 - INFO - 连接建立
2025-04-28 21:27:24,008 - INFO - 重连成功
2025-04-28 21:27:24,048 - WARNING - 错误码：10165，信息：invalid handle
2025-04-28 21:27:24,549 - INFO - 连接关闭
2025-04-28 21:27:25,560 - INFO - 尝试第1次重连...
2025-04-28 21:27:25,731 - INFO - Websocket connected
2025-04-28 21:27:25,732 - INFO - 连接建立
2025-04-28 21:27:27,572 - INFO - 重连成功
2025-04-28 21:27:27,616 - WARNING - 错误码：10165，信息：invalid handle
2025-04-28 21:27:28,118 - INFO - 连接关闭
2025-04-28 21:27:29,129 - INFO - 尝试第1次重连...
2025-04-28 21:27:29,278 - INFO - Websocket connected
2025-04-28 21:27:29,278 - INFO - 连接建立
2025-04-28 21:27:31,132 - INFO - 重连成功
2025-04-28 21:27:31,175 - WARNING - 错误码：10165，信息：invalid handle
2025-04-28 21:27:31,670 - INFO - 连接关闭
2025-04-28 21:27:32,670 - INFO - 尝试第1次重连...
2025-04-28 21:27:32,813 - INFO - Websocket connected
2025-04-28 21:27:32,814 - INFO - 连接建立
2025-04-28 21:27:34,678 - INFO - 重连成功
2025-04-28 21:27:34,719 - WARNING - 错误码：10165，信息：invalid handle
2025-04-28 21:27:35,218 - INFO - 连接关闭
2025-04-28 21:27:36,226 - INFO - 尝试第1次重连...
2025-04-28 21:27:36,369 - INFO - Websocket connected
2025-04-28 21:27:36,370 - INFO - 连接建立
2025-04-28 21:27:38,236 - INFO - 重连成功
2025-04-28 21:27:38,273 - WARNING - 错误码：10165，信息：invalid handle
2025-04-28 21:27:38,775 - INFO - 连接关闭
2025-04-28 21:27:39,788 - INFO - 尝试第1次重连...
2025-04-28 21:27:39,959 - INFO - Websocket connected
2025-04-28 21:27:39,960 - INFO - 连接建立
2025-04-28 21:27:41,794 - INFO - 重连成功
2025-04-28 21:27:41,841 - WARNING - 错误码：10165，信息：invalid handle
2025-04-28 21:27:42,340 - INFO - 连接关闭
2025-04-28 21:27:43,355 - INFO - 尝试第1次重连...
2025-04-28 21:27:43,534 - INFO - Websocket connected
2025-04-28 21:27:43,534 - INFO - 连接建立
2025-04-28 21:27:45,365 - INFO - 重连成功
2025-04-28 21:27:45,408 - WARNING - 错误码：10165，信息：invalid handle
2025-04-28 21:27:45,907 - INFO - 连接关闭
2025-04-28 21:27:46,909 - INFO - 尝试第1次重连...
2025-04-28 21:27:47,075 - INFO - Websocket connected
2025-04-28 21:27:47,076 - INFO - 连接建立
2025-04-28 21:27:48,923 - INFO - 重连成功
2025-04-28 21:27:48,964 - WARNING - 错误码：10165，信息：invalid handle
2025-04-28 21:27:49,465 - INFO - 连接关闭
2025-04-28 21:27:50,469 - INFO - 尝试第1次重连...
2025-04-28 21:27:50,652 - INFO - Websocket connected
2025-04-28 21:27:50,654 - INFO - 连接建立
2025-04-28 21:27:52,485 - INFO - 重连成功
2025-04-28 21:27:52,523 - WARNING - 错误码：10165，信息：invalid handle
2025-04-28 21:27:53,025 - INFO - 连接关闭
2025-04-28 21:27:54,038 - INFO - 尝试第1次重连...
2025-04-28 21:27:54,197 - INFO - Websocket connected
2025-04-28 21:27:54,197 - INFO - 连接建立
2025-04-28 21:27:56,050 - INFO - 重连成功
2025-04-28 21:27:56,092 - WARNING - 错误码：10165，信息：invalid handle
2025-04-28 21:27:56,590 - INFO - 连接关闭
2025-04-28 21:27:57,598 - INFO - 尝试第1次重连...
2025-04-28 21:27:57,756 - INFO - Websocket connected
2025-04-28 21:27:57,756 - INFO - 连接建立
2025-04-28 21:27:59,613 - INFO - 重连成功
2025-04-28 21:27:59,650 - WARNING - 错误码：10165，信息：invalid handle
2025-04-28 21:28:00,150 - INFO - 连接关闭
2025-04-28 21:28:01,151 - INFO - 尝试第1次重连...
2025-04-28 21:28:01,315 - INFO - Websocket connected
2025-04-28 21:28:01,316 - INFO - 连接建立
2025-04-28 21:28:03,159 - INFO - 重连成功
2025-04-28 21:28:03,192 - WARNING - 错误码：10165，信息：invalid handle
2025-04-28 21:28:03,693 - INFO - 连接关闭
2025-04-28 21:28:04,698 - INFO - 尝试第1次重连...
2025-04-28 21:28:04,841 - INFO - Websocket connected
2025-04-28 21:28:04,842 - INFO - 连接建立
2025-04-28 21:28:06,704 - INFO - 重连成功
2025-04-28 21:28:06,741 - WARNING - 错误码：10165，信息：invalid handle
2025-04-28 21:28:07,240 - INFO - 连接关闭
2025-04-28 21:28:08,253 - INFO - 尝试第1次重连...
2025-04-28 21:28:08,416 - INFO - Websocket connected
2025-04-28 21:28:08,418 - INFO - 连接建立
2025-04-28 21:28:10,260 - INFO - 重连成功
2025-04-28 21:28:10,301 - WARNING - 错误码：10165，信息：invalid handle
2025-04-28 21:28:10,801 - INFO - 连接关闭
2025-04-28 21:28:11,803 - INFO - 尝试第1次重连...
2025-04-28 21:28:11,945 - INFO - Websocket connected
2025-04-28 21:28:11,946 - INFO - 连接建立
2025-04-28 21:28:13,805 - INFO - 重连成功
2025-04-28 21:28:13,840 - WARNING - 错误码：10165，信息：invalid handle
2025-04-28 21:28:14,341 - INFO - 连接关闭
2025-04-28 21:28:15,350 - INFO - 尝试第1次重连...
2025-04-28 21:28:15,495 - INFO - Websocket connected
2025-04-28 21:28:15,496 - INFO - 连接建立
2025-04-28 21:28:17,362 - INFO - 重连成功
2025-04-28 21:28:17,397 - WARNING - 错误码：10165，信息：invalid handle
2025-04-28 21:28:17,896 - INFO - 连接关闭
2025-04-28 21:28:18,902 - INFO - 尝试第1次重连...
2025-04-28 21:28:19,056 - INFO - Websocket connected
2025-04-28 21:28:19,059 - INFO - 连接建立
2025-04-28 21:28:20,919 - INFO - 重连成功
2025-04-28 21:28:20,955 - WARNING - 错误码：10165，信息：invalid handle
2025-04-28 21:28:21,455 - INFO - 连接关闭
2025-04-28 21:28:22,466 - INFO - 尝试第1次重连...
2025-04-28 21:28:22,611 - INFO - Websocket connected
2025-04-28 21:28:22,612 - INFO - 连接建立
2025-04-28 21:28:24,468 - INFO - 重连成功
2025-04-28 21:28:24,505 - WARNING - 错误码：10165，信息：invalid handle
2025-04-28 21:28:25,006 - INFO - 连接关闭
2025-04-28 21:28:26,019 - INFO - 尝试第1次重连...
2025-04-28 21:28:26,177 - INFO - Websocket connected
2025-04-28 21:28:26,177 - INFO - 连接建立
2025-04-28 21:28:28,025 - INFO - 重连成功
2025-04-28 21:28:28,065 - WARNING - 错误码：10165，信息：invalid handle
2025-04-28 21:28:28,568 - INFO - 连接关闭
2025-04-28 21:28:29,573 - INFO - 尝试第1次重连...
2025-04-28 21:28:29,738 - INFO - Websocket connected
2025-04-28 21:28:29,738 - INFO - 连接建立
2025-04-28 21:28:31,576 - INFO - 重连成功
2025-04-28 21:28:31,620 - WARNING - 错误码：10165，信息：invalid handle
2025-04-28 21:28:32,119 - INFO - 连接关闭
2025-04-28 21:28:33,124 - INFO - 尝试第1次重连...
2025-04-28 21:28:33,287 - INFO - Websocket connected
2025-04-28 21:28:33,289 - INFO - 连接建立
2025-04-28 21:28:35,125 - INFO - 重连成功
2025-04-28 21:28:35,163 - WARNING - 错误码：10165，信息：invalid handle
2025-04-28 21:28:35,665 - INFO - 连接关闭
2025-04-28 21:28:36,670 - INFO - 尝试第1次重连...
2025-04-28 21:28:36,818 - INFO - Websocket connected
2025-04-28 21:28:36,819 - INFO - 连接建立
2025-04-28 21:28:38,678 - INFO - 重连成功
2025-04-28 21:28:38,716 - WARNING - 错误码：10165，信息：invalid handle
2025-04-28 21:28:39,214 - INFO - 连接关闭
2025-04-28 21:28:40,228 - INFO - 尝试第1次重连...
2025-04-28 21:28:40,379 - INFO - Websocket connected
2025-04-28 21:28:40,380 - INFO - 连接建立
2025-04-28 21:28:42,230 - INFO - 重连成功
2025-04-28 21:28:42,266 - WARNING - 错误码：10165，信息：invalid handle
2025-04-28 21:28:42,766 - INFO - 连接关闭
2025-04-28 21:28:43,781 - INFO - 尝试第1次重连...
2025-04-28 21:28:43,939 - INFO - Websocket connected
2025-04-28 21:28:43,940 - INFO - 连接建立
2025-04-28 21:28:45,797 - INFO - 重连成功
2025-04-28 21:28:45,832 - WARNING - 错误码：10165，信息：invalid handle
2025-04-28 21:28:46,332 - INFO - 连接关闭
2025-04-28 21:28:47,346 - INFO - 尝试第1次重连...
2025-04-28 21:28:47,492 - INFO - Websocket connected
2025-04-28 21:28:47,492 - INFO - 连接建立
2025-04-28 21:28:49,360 - INFO - 重连成功
2025-04-28 21:28:49,395 - WARNING - 错误码：10165，信息：invalid handle
2025-04-28 21:28:49,894 - INFO - 连接关闭
2025-04-28 21:28:50,904 - INFO - 尝试第1次重连...
2025-04-28 21:28:51,075 - INFO - Websocket connected
2025-04-28 21:28:51,075 - INFO - 连接建立
2025-04-28 21:28:52,909 - INFO - 重连成功
2025-04-28 21:28:52,949 - WARNING - 错误码：10165，信息：invalid handle
2025-04-28 21:28:53,450 - INFO - 连接关闭
2025-04-28 21:28:54,465 - INFO - 尝试第1次重连...
2025-04-28 21:28:54,636 - INFO - Websocket connected
2025-04-28 21:28:54,638 - INFO - 连接建立
2025-04-28 21:28:56,475 - INFO - 重连成功
2025-04-28 21:28:56,514 - WARNING - 错误码：10165，信息：invalid handle
2025-04-28 21:28:57,020 - INFO - 连接关闭
2025-04-28 21:28:58,023 - INFO - 尝试第1次重连...
2025-04-28 21:28:58,188 - INFO - Websocket connected
2025-04-28 21:28:58,189 - INFO - 连接建立
2025-04-28 21:29:00,036 - INFO - 重连成功
2025-04-28 21:29:00,072 - WARNING - 错误码：10165，信息：invalid handle
2025-04-28 21:29:00,572 - INFO - 连接关闭
2025-04-28 21:29:01,582 - INFO - 尝试第1次重连...
2025-04-28 21:29:01,737 - INFO - Websocket connected
2025-04-28 21:29:01,738 - INFO - 连接建立
2025-04-28 21:29:03,587 - INFO - 重连成功
2025-04-28 21:29:03,625 - WARNING - 错误码：10165，信息：invalid handle
2025-04-28 21:29:04,126 - INFO - 连接关闭
2025-04-28 21:29:05,130 - INFO - 尝试第1次重连...
2025-04-28 21:29:05,292 - INFO - Websocket connected
2025-04-28 21:29:05,293 - INFO - 连接建立
2025-04-28 21:29:07,138 - INFO - 重连成功
2025-04-28 21:29:07,186 - WARNING - 错误码：10165，信息：invalid handle
2025-04-28 21:29:07,676 - INFO - 连接关闭
2025-04-28 21:29:08,690 - INFO - 尝试第1次重连...
2025-04-28 21:29:08,908 - INFO - Websocket connected
2025-04-28 21:29:08,909 - INFO - 连接建立
2025-04-28 21:29:10,695 - INFO - 重连成功
2025-04-28 21:29:10,737 - WARNING - 错误码：10165，信息：invalid handle
2025-04-28 21:29:11,241 - INFO - 连接关闭
2025-04-28 21:29:12,256 - INFO - 尝试第1次重连...
2025-04-28 21:29:12,442 - INFO - Websocket connected
2025-04-28 21:29:12,444 - INFO - 连接建立
2025-04-28 21:29:14,272 - INFO - 重连成功
2025-04-28 21:29:14,313 - WARNING - 错误码：10165，信息：invalid handle
2025-04-28 21:29:14,812 - INFO - 连接关闭
2025-04-28 21:29:15,827 - INFO - 尝试第1次重连...
2025-04-28 21:29:15,982 - INFO - Websocket connected
2025-04-28 21:29:15,982 - INFO - 连接建立
2025-04-28 21:29:17,844 - INFO - 重连成功
2025-04-28 21:29:17,880 - WARNING - 错误码：10165，信息：invalid handle
2025-04-28 21:29:18,380 - INFO - 连接关闭
2025-04-28 21:29:19,394 - INFO - 尝试第1次重连...
2025-04-28 21:29:19,555 - INFO - Websocket connected
2025-04-28 21:29:19,555 - INFO - 连接建立
2025-04-28 21:29:21,396 - INFO - 重连成功
2025-04-28 21:29:21,434 - WARNING - 错误码：10165，信息：invalid handle
2025-04-28 21:29:21,934 - INFO - 连接关闭
2025-04-28 21:29:22,939 - INFO - 尝试第1次重连...
2025-04-28 21:29:23,110 - INFO - Websocket connected
2025-04-28 21:29:23,110 - INFO - 连接建立
2025-04-28 21:29:24,942 - INFO - 重连成功
2025-04-28 21:29:24,986 - WARNING - 错误码：10165，信息：invalid handle
2025-04-28 21:29:25,488 - INFO - 连接关闭
2025-04-28 21:29:26,495 - INFO - 尝试第1次重连...
2025-04-28 21:29:26,670 - INFO - Websocket connected
2025-04-28 21:29:26,670 - INFO - 连接建立
2025-04-28 21:29:28,504 - INFO - 重连成功
2025-04-28 21:29:28,645 - WARNING - 错误码：10165，信息：invalid handle
2025-04-28 21:29:29,228 - INFO - 连接关闭
2025-04-28 21:29:30,240 - INFO - 尝试第1次重连...
2025-04-28 21:29:30,397 - INFO - Websocket connected
2025-04-28 21:29:30,398 - INFO - 连接建立
2025-04-28 21:29:32,248 - INFO - 重连成功
2025-04-28 21:29:32,291 - WARNING - 错误码：10165，信息：invalid handle
2025-04-28 21:29:32,788 - INFO - 连接关闭
2025-04-28 21:29:33,794 - INFO - 尝试第1次重连...
2025-04-28 21:29:33,956 - INFO - Websocket connected
2025-04-28 21:29:33,958 - INFO - 连接建立
2025-04-28 21:29:35,805 - INFO - 重连成功
2025-04-28 21:29:35,844 - WARNING - 错误码：10165，信息：invalid handle
2025-04-28 21:29:36,343 - INFO - 连接关闭
2025-04-28 21:29:37,354 - INFO - 尝试第1次重连...
2025-04-28 21:29:37,505 - INFO - Websocket connected
2025-04-28 21:29:37,506 - INFO - 连接建立
2025-04-28 21:29:39,364 - INFO - 重连成功
2025-04-28 21:29:39,401 - WARNING - 错误码：10165，信息：invalid handle
2025-04-28 21:29:39,903 - INFO - 连接关闭
2025-04-28 21:29:40,916 - INFO - 尝试第1次重连...
2025-04-28 21:29:41,087 - INFO - Websocket connected
2025-04-28 21:29:41,088 - INFO - 连接建立
2025-04-28 21:29:42,921 - INFO - 重连成功
2025-04-28 21:29:42,961 - WARNING - 错误码：10165，信息：invalid handle
2025-04-28 21:29:43,459 - INFO - 连接关闭
2025-04-28 21:29:44,467 - INFO - 尝试第1次重连...
2025-04-28 21:29:44,630 - INFO - Websocket connected
2025-04-28 21:29:44,631 - INFO - 连接建立
2025-04-28 21:29:46,476 - INFO - 重连成功
2025-04-28 21:29:46,519 - WARNING - 错误码：10165，信息：invalid handle
2025-04-28 21:29:47,019 - INFO - 连接关闭
2025-04-28 21:29:48,030 - INFO - 尝试第1次重连...
2025-04-28 21:29:48,183 - INFO - Websocket connected
2025-04-28 21:29:48,184 - INFO - 连接建立
2025-04-28 21:29:50,037 - INFO - 重连成功
2025-04-28 21:29:50,086 - WARNING - 错误码：10165，信息：invalid handle
2025-04-28 21:29:50,583 - INFO - 连接关闭
2025-04-28 21:29:51,589 - INFO - 尝试第1次重连...
2025-04-28 21:29:51,729 - INFO - Websocket connected
2025-04-28 21:29:51,730 - INFO - 连接建立
2025-04-28 21:29:53,591 - INFO - 重连成功
2025-04-28 21:29:53,635 - WARNING - 错误码：10165，信息：invalid handle
2025-04-28 21:29:54,133 - INFO - 连接关闭
2025-04-28 21:29:55,139 - INFO - 尝试第1次重连...
2025-04-28 21:29:55,326 - INFO - Websocket connected
2025-04-28 21:29:55,326 - INFO - 连接建立
2025-04-28 21:29:57,150 - INFO - 重连成功
2025-04-28 21:29:57,191 - WARNING - 错误码：10165，信息：invalid handle
2025-04-28 21:29:57,691 - INFO - 连接关闭
2025-04-28 21:29:58,700 - INFO - 尝试第1次重连...
2025-04-28 21:29:58,848 - INFO - Websocket connected
2025-04-28 21:29:58,849 - INFO - 连接建立
2025-04-28 21:30:00,715 - INFO - 重连成功
2025-04-28 21:30:00,748 - WARNING - 错误码：10165，信息：invalid handle
2025-04-28 21:30:01,248 - INFO - 连接关闭
2025-04-28 21:30:02,253 - INFO - 尝试第1次重连...
2025-04-28 21:30:02,412 - INFO - Websocket connected
2025-04-28 21:30:02,413 - INFO - 连接建立
2025-04-28 21:30:04,269 - INFO - 重连成功
2025-04-28 21:30:04,310 - WARNING - 错误码：10165，信息：invalid handle
2025-04-28 21:30:04,812 - INFO - 连接关闭
2025-04-28 21:30:05,815 - INFO - 尝试第1次重连...
2025-04-28 21:30:06,007 - INFO - Websocket connected
2025-04-28 21:30:06,007 - INFO - 连接建立
2025-04-28 21:30:07,821 - INFO - 重连成功
2025-04-28 21:30:07,860 - WARNING - 错误码：10165，信息：invalid handle
2025-04-28 21:30:08,364 - INFO - 连接关闭
2025-04-28 21:30:09,367 - INFO - 尝试第1次重连...
2025-04-28 21:30:09,556 - INFO - Websocket connected
2025-04-28 21:30:09,558 - INFO - 连接建立
2025-04-28 21:30:11,379 - INFO - 重连成功
2025-04-28 21:30:11,418 - WARNING - 错误码：10165，信息：invalid handle
2025-04-28 21:30:11,920 - INFO - 连接关闭
2025-04-28 21:30:12,934 - INFO - 尝试第1次重连...
2025-04-28 21:30:13,110 - INFO - Websocket connected
2025-04-28 21:30:13,111 - INFO - 连接建立
2025-04-28 21:30:14,942 - INFO - 重连成功
2025-04-28 21:30:15,083 - WARNING - 错误码：10165，信息：invalid handle
2025-04-28 21:30:15,620 - INFO - 连接关闭
2025-04-28 21:30:16,630 - INFO - 尝试第1次重连...
2025-04-28 21:30:16,807 - INFO - Websocket connected
2025-04-28 21:30:16,807 - INFO - 连接建立
2025-04-28 21:30:18,635 - INFO - 重连成功
2025-04-28 21:30:18,675 - WARNING - 错误码：10165，信息：invalid handle
2025-04-28 21:30:19,173 - INFO - 连接关闭
2025-04-28 21:30:20,174 - INFO - 尝试第1次重连...
2025-04-28 21:30:20,326 - INFO - Websocket connected
2025-04-28 21:30:20,327 - INFO - 连接建立
2025-04-28 21:30:22,179 - INFO - 重连成功
2025-04-28 21:30:22,218 - WARNING - 错误码：10165，信息：invalid handle
2025-04-28 21:30:22,712 - INFO - 连接关闭
2025-04-28 21:30:23,726 - INFO - 尝试第1次重连...
2025-04-28 21:30:23,874 - INFO - Websocket connected
2025-04-28 21:30:23,875 - INFO - 连接建立
2025-04-28 21:30:25,735 - INFO - 重连成功
2025-04-28 21:30:25,773 - WARNING - 错误码：10165，信息：invalid handle
2025-04-28 21:30:26,282 - INFO - 连接关闭
2025-04-28 21:30:27,294 - INFO - 尝试第1次重连...
2025-04-28 21:30:27,462 - INFO - Websocket connected
2025-04-28 21:30:27,462 - INFO - 连接建立
2025-04-28 21:30:29,309 - INFO - 重连成功
2025-04-28 21:30:29,368 - WARNING - 错误码：10165，信息：invalid handle
2025-04-28 21:30:29,876 - INFO - 连接关闭
2025-04-28 21:30:30,877 - INFO - 尝试第1次重连...
2025-04-28 21:30:31,048 - INFO - Websocket connected
2025-04-28 21:30:31,049 - INFO - 连接建立
2025-04-28 21:30:32,892 - INFO - 重连成功
2025-04-28 21:30:32,932 - WARNING - 错误码：10165，信息：invalid handle
2025-04-28 21:30:33,431 - INFO - 连接关闭
2025-04-28 21:30:34,438 - INFO - 尝试第1次重连...
2025-04-28 21:30:34,607 - INFO - Websocket connected
2025-04-28 21:30:34,607 - INFO - 连接建立
2025-04-28 21:30:36,446 - INFO - 重连成功
2025-04-28 21:30:36,568 - WARNING - 错误码：10165，信息：invalid handle
2025-04-28 21:30:37,021 - INFO - 连接关闭
2025-04-28 21:30:38,022 - INFO - 尝试第1次重连...
2025-04-28 21:30:38,202 - INFO - Websocket connected
2025-04-28 21:30:38,203 - INFO - 连接建立
2025-04-28 21:30:40,036 - INFO - 重连成功
2025-04-28 21:30:40,101 - WARNING - 错误码：10165，信息：invalid handle
2025-04-28 21:30:40,589 - INFO - 连接关闭
2025-04-28 21:30:41,594 - INFO - 尝试第1次重连...
2025-04-28 21:30:41,800 - INFO - Websocket connected
2025-04-28 21:30:41,800 - INFO - 连接建立
2025-04-28 21:30:43,605 - INFO - 重连成功
2025-04-28 21:30:43,699 - WARNING - 错误码：10165，信息：invalid handle
2025-04-28 21:30:44,218 - INFO - 连接关闭
2025-04-28 21:30:45,228 - INFO - 尝试第1次重连...
2025-04-28 21:30:45,399 - INFO - Websocket connected
2025-04-28 21:30:45,400 - INFO - 连接建立
2025-04-28 21:30:47,233 - INFO - 重连成功
2025-04-28 21:30:47,278 - WARNING - 错误码：10165，信息：invalid handle
2025-04-28 21:30:47,782 - INFO - 连接关闭
2025-04-28 21:30:48,789 - INFO - 尝试第1次重连...
2025-04-28 21:30:48,976 - INFO - Websocket connected
2025-04-28 21:30:48,976 - INFO - 连接建立
2025-04-28 21:30:50,804 - INFO - 重连成功
2025-04-28 21:30:50,866 - WARNING - 错误码：10165，信息：invalid handle
2025-04-28 21:30:51,358 - INFO - 连接关闭
2025-04-28 21:30:52,368 - INFO - 尝试第1次重连...
2025-04-28 21:30:52,576 - INFO - Websocket connected
2025-04-28 21:30:52,576 - INFO - 连接建立
2025-04-28 21:30:54,377 - INFO - 重连成功
2025-04-28 21:30:54,416 - WARNING - 错误码：10165，信息：invalid handle
2025-04-28 21:30:54,936 - INFO - 连接关闭
2025-04-28 21:30:55,943 - INFO - 尝试第1次重连...
2025-04-28 21:30:56,130 - INFO - Websocket connected
2025-04-28 21:30:56,132 - INFO - 连接建立
2025-04-28 21:30:57,957 - INFO - 重连成功
2025-04-28 21:30:58,007 - WARNING - 错误码：10165，信息：invalid handle
2025-04-28 21:30:58,511 - INFO - 连接关闭
2025-04-28 21:30:59,520 - INFO - 尝试第1次重连...
2025-04-28 21:30:59,709 - INFO - Websocket connected
2025-04-28 21:30:59,709 - INFO - 连接建立
2025-04-28 21:31:01,535 - INFO - 重连成功
2025-04-28 21:31:01,582 - WARNING - 错误码：10165，信息：invalid handle
2025-04-28 21:31:02,083 - INFO - 连接关闭
2025-04-28 21:31:03,088 - INFO - 尝试第1次重连...
2025-04-28 21:31:03,332 - INFO - Websocket connected
2025-04-28 21:31:03,333 - INFO - 连接建立
2025-04-28 21:31:05,102 - INFO - 重连成功
2025-04-28 21:31:05,167 - WARNING - 错误码：10165，信息：invalid handle
2025-04-28 21:31:05,658 - INFO - 连接关闭
2025-04-28 21:31:06,670 - INFO - 尝试第1次重连...
2025-04-28 21:31:06,807 - INFO - Websocket connected
2025-04-28 21:31:06,808 - INFO - 连接建立
2025-04-28 21:31:08,674 - INFO - 重连成功
2025-04-28 21:31:08,711 - WARNING - 错误码：10165，信息：invalid handle
2025-04-28 21:31:09,211 - INFO - 连接关闭
2025-04-28 21:31:10,213 - INFO - 尝试第1次重连...
2025-04-28 21:31:10,377 - INFO - Websocket connected
2025-04-28 21:31:10,377 - INFO - 连接建立
2025-04-28 21:31:12,217 - INFO - 重连成功
2025-04-28 21:31:12,263 - WARNING - 错误码：10165，信息：invalid handle
2025-04-28 21:31:12,762 - INFO - 连接关闭
2025-04-28 21:31:13,771 - INFO - 尝试第1次重连...
2025-04-28 21:31:13,961 - INFO - Websocket connected
2025-04-28 21:31:13,961 - INFO - 连接建立
2025-04-28 21:31:15,778 - INFO - 重连成功
2025-04-28 21:31:15,822 - WARNING - 错误码：10165，信息：invalid handle
2025-04-28 21:31:16,322 - INFO - 连接关闭
2025-04-28 21:31:17,333 - INFO - 尝试第1次重连...
2025-04-28 21:31:17,485 - INFO - Websocket connected
2025-04-28 21:31:17,486 - INFO - 连接建立
2025-04-28 21:31:19,342 - INFO - 重连成功
2025-04-28 21:31:19,378 - WARNING - 错误码：10165，信息：invalid handle
2025-04-28 21:31:19,878 - INFO - 连接关闭
2025-04-28 21:31:20,889 - INFO - 尝试第1次重连...
2025-04-28 21:31:21,040 - INFO - Websocket connected
2025-04-28 21:31:21,040 - INFO - 连接建立
2025-04-28 21:31:22,899 - INFO - 重连成功
2025-04-28 21:31:22,941 - WARNING - 错误码：10165，信息：invalid handle
2025-04-28 21:31:23,441 - INFO - 连接关闭
2025-04-28 21:31:24,450 - INFO - 尝试第1次重连...
2025-04-28 21:31:24,603 - INFO - Websocket connected
2025-04-28 21:31:24,604 - INFO - 连接建立
2025-04-28 21:31:26,464 - INFO - 重连成功
2025-04-28 21:31:26,501 - WARNING - 错误码：10165，信息：invalid handle
2025-04-28 21:31:27,000 - INFO - 连接关闭
2025-04-28 21:31:28,012 - INFO - 尝试第1次重连...
2025-04-28 21:31:28,161 - INFO - Websocket connected
2025-04-28 21:31:28,162 - INFO - 连接建立
2025-04-28 21:31:30,025 - INFO - 重连成功
2025-04-28 21:31:30,066 - WARNING - 错误码：10165，信息：invalid handle
2025-04-28 21:31:30,565 - INFO - 连接关闭
2025-04-28 21:31:31,568 - INFO - 尝试第1次重连...
2025-04-28 21:31:31,748 - INFO - Websocket connected
2025-04-28 21:31:31,749 - INFO - 连接建立
2025-04-28 21:31:33,582 - INFO - 重连成功
2025-04-28 21:31:33,622 - WARNING - 错误码：10165，信息：invalid handle
2025-04-28 21:31:34,122 - INFO - 连接关闭
2025-04-28 21:31:35,130 - INFO - 尝试第1次重连...
2025-04-28 21:31:35,279 - INFO - Websocket connected
2025-04-28 21:31:35,279 - INFO - 连接建立
2025-04-28 21:31:37,143 - INFO - 重连成功
2025-04-28 21:31:37,180 - WARNING - 错误码：10165，信息：invalid handle
2025-04-28 21:31:37,679 - INFO - 连接关闭
2025-04-28 21:31:38,684 - INFO - 尝试第1次重连...
2025-04-28 21:31:38,846 - INFO - Websocket connected
2025-04-28 21:31:38,847 - INFO - 连接建立
2025-04-28 21:31:40,694 - INFO - 重连成功
2025-04-28 21:31:40,731 - WARNING - 错误码：10165，信息：invalid handle
2025-04-28 21:31:41,230 - INFO - 连接关闭
2025-04-28 21:31:42,239 - INFO - 尝试第1次重连...
2025-04-28 21:31:42,394 - INFO - Websocket connected
2025-04-28 21:31:42,395 - INFO - 连接建立
2025-04-28 21:31:44,255 - INFO - 重连成功
2025-04-28 21:31:44,291 - WARNING - 错误码：10165，信息：invalid handle
2025-04-28 21:31:44,791 - INFO - 连接关闭
2025-04-28 21:31:45,798 - INFO - 尝试第1次重连...
2025-04-28 21:31:45,966 - INFO - Websocket connected
2025-04-28 21:31:45,966 - INFO - 连接建立
2025-04-28 21:31:47,811 - INFO - 重连成功
2025-04-28 21:31:47,852 - WARNING - 错误码：10165，信息：invalid handle
2025-04-28 21:31:48,352 - INFO - 连接关闭
2025-04-28 21:31:49,356 - INFO - 尝试第1次重连...
2025-04-28 21:31:49,530 - INFO - Websocket connected
2025-04-28 21:31:49,531 - INFO - 连接建立
2025-04-28 21:31:51,368 - INFO - 重连成功
2025-04-28 21:31:51,410 - WARNING - 错误码：10165，信息：invalid handle
2025-04-28 21:31:51,904 - INFO - 连接关闭
2025-04-28 21:31:52,906 - INFO - 尝试第1次重连...
2025-04-28 21:31:53,060 - INFO - Websocket connected
2025-04-28 21:31:53,060 - INFO - 连接建立
2025-04-28 21:31:54,913 - INFO - 重连成功
2025-04-28 21:31:54,953 - WARNING - 错误码：10165，信息：invalid handle
2025-04-28 21:31:55,456 - INFO - 连接关闭
2025-04-28 21:31:56,468 - INFO - 尝试第1次重连...
2025-04-28 21:31:56,607 - INFO - Websocket connected
2025-04-28 21:31:56,608 - INFO - 连接建立
2025-04-28 21:31:58,475 - INFO - 重连成功
2025-04-28 21:31:58,510 - WARNING - 错误码：10165，信息：invalid handle
2025-04-28 21:31:59,008 - INFO - 连接关闭
2025-04-28 21:32:00,017 - INFO - 尝试第1次重连...
2025-04-28 21:32:00,172 - INFO - Websocket connected
2025-04-28 21:32:00,173 - INFO - 连接建立
2025-04-28 21:32:02,023 - INFO - 重连成功
2025-04-28 21:32:02,063 - WARNING - 错误码：10165，信息：invalid handle
2025-04-28 21:32:02,564 - INFO - 连接关闭
2025-04-28 21:32:03,567 - INFO - 尝试第1次重连...
2025-04-28 21:32:03,723 - INFO - Websocket connected
2025-04-28 21:32:03,724 - INFO - 连接建立
2025-04-28 21:32:05,575 - INFO - 重连成功
2025-04-28 21:32:05,614 - WARNING - 错误码：10165，信息：invalid handle
2025-04-28 21:32:06,115 - INFO - 连接关闭
2025-04-28 21:32:07,117 - INFO - 尝试第1次重连...
2025-04-28 21:32:07,299 - INFO - Websocket connected
2025-04-28 21:32:07,299 - INFO - 连接建立
2025-04-28 21:32:09,132 - INFO - 重连成功
2025-04-28 21:32:09,175 - WARNING - 错误码：10165，信息：invalid handle
2025-04-28 21:32:09,674 - INFO - 连接关闭
2025-04-28 21:32:10,681 - INFO - 尝试第1次重连...
2025-04-28 21:32:10,888 - INFO - Websocket connected
2025-04-28 21:32:10,889 - INFO - 连接建立
2025-04-28 21:32:12,688 - INFO - 重连成功
2025-04-28 21:32:12,735 - WARNING - 错误码：10165，信息：invalid handle
2025-04-28 21:32:13,234 - INFO - 连接关闭
2025-04-28 21:32:14,244 - INFO - 尝试第1次重连...
2025-04-28 21:32:14,433 - INFO - Websocket connected
2025-04-28 21:32:14,433 - INFO - 连接建立
2025-04-28 21:32:16,258 - INFO - 重连成功
2025-04-28 21:32:16,304 - WARNING - 错误码：10165，信息：invalid handle
2025-04-28 21:32:16,805 - INFO - 连接关闭
2025-04-28 21:32:17,816 - INFO - 尝试第1次重连...
2025-04-28 21:32:17,990 - INFO - Websocket connected
2025-04-28 21:32:17,991 - INFO - 连接建立
2025-04-28 21:32:19,832 - INFO - 重连成功
2025-04-28 21:32:19,876 - WARNING - 错误码：10165，信息：invalid handle
2025-04-28 21:32:20,376 - INFO - 连接关闭
2025-04-28 21:32:21,390 - INFO - 尝试第1次重连...
2025-04-28 21:32:21,595 - INFO - Websocket connected
2025-04-28 21:32:21,595 - INFO - 连接建立
2025-04-28 21:32:23,399 - INFO - 重连成功
2025-04-28 21:32:23,444 - WARNING - 错误码：10165，信息：invalid handle
2025-04-28 21:32:23,943 - INFO - 连接关闭
2025-04-28 21:32:24,944 - INFO - 尝试第1次重连...
2025-04-28 21:32:25,104 - INFO - Websocket connected
2025-04-28 21:32:25,104 - INFO - 连接建立
2025-04-28 21:32:26,955 - INFO - 重连成功
2025-04-28 21:32:26,996 - WARNING - 错误码：10165，信息：invalid handle
2025-04-28 21:32:27,495 - INFO - 连接关闭
2025-04-28 21:32:28,505 - INFO - 尝试第1次重连...
2025-04-28 21:32:28,674 - INFO - Websocket connected
2025-04-28 21:32:28,675 - INFO - 连接建立
2025-04-28 21:32:30,519 - INFO - 重连成功
2025-04-28 21:32:30,561 - WARNING - 错误码：10165，信息：invalid handle
2025-04-28 21:32:31,063 - INFO - 连接关闭
2025-04-28 21:32:32,069 - INFO - 尝试第1次重连...
2025-04-28 21:32:32,251 - INFO - Websocket connected
2025-04-28 21:32:32,251 - INFO - 连接建立
2025-04-28 21:32:34,083 - INFO - 重连成功
2025-04-28 21:32:34,131 - WARNING - 错误码：10165，信息：invalid handle
2025-04-28 21:32:34,628 - INFO - 连接关闭
2025-04-28 21:32:35,635 - INFO - 尝试第1次重连...
2025-04-28 21:32:35,828 - INFO - Websocket connected
2025-04-28 21:32:35,828 - INFO - 连接建立
2025-04-28 21:32:37,636 - INFO - 重连成功
2025-04-28 21:32:37,682 - WARNING - 错误码：10165，信息：invalid handle
2025-04-28 21:32:38,182 - INFO - 连接关闭
2025-04-28 21:32:39,183 - INFO - 尝试第1次重连...
2025-04-28 21:32:39,352 - INFO - Websocket connected
2025-04-28 21:32:39,353 - INFO - 连接建立
2025-04-28 21:32:41,198 - INFO - 重连成功
2025-04-28 21:32:41,246 - WARNING - 错误码：10165，信息：invalid handle
2025-04-28 21:32:41,739 - INFO - 连接关闭
2025-04-28 21:32:42,742 - INFO - 尝试第1次重连...
2025-04-28 21:32:42,894 - INFO - Websocket connected
2025-04-28 21:32:42,894 - INFO - 连接建立
2025-04-28 21:32:44,749 - INFO - 重连成功
2025-04-28 21:32:44,788 - WARNING - 错误码：10165，信息：invalid handle
2025-04-28 21:32:45,287 - INFO - 连接关闭
2025-04-28 21:32:46,302 - INFO - 尝试第1次重连...
2025-04-28 21:32:46,473 - INFO - Websocket connected
2025-04-28 21:32:46,474 - INFO - 连接建立
2025-04-28 21:32:48,308 - INFO - 重连成功
2025-04-28 21:32:48,346 - WARNING - 错误码：10165，信息：invalid handle
2025-04-28 21:32:48,846 - INFO - 连接关闭
2025-04-28 21:32:49,861 - INFO - 尝试第1次重连...
2025-04-28 21:32:50,011 - INFO - Websocket connected
2025-04-28 21:32:50,012 - INFO - 连接建立
2025-04-28 21:32:51,875 - INFO - 重连成功
2025-04-28 21:32:51,912 - WARNING - 错误码：10165，信息：invalid handle
2025-04-28 21:32:52,412 - INFO - 连接关闭
2025-04-28 21:32:53,418 - INFO - 尝试第1次重连...
2025-04-28 21:32:53,566 - INFO - Websocket connected
2025-04-28 21:32:53,569 - INFO - 连接建立
2025-04-28 21:32:55,422 - INFO - 重连成功
2025-04-28 21:32:55,459 - WARNING - 错误码：10165，信息：invalid handle
2025-04-28 21:32:55,960 - INFO - 连接关闭
2025-04-28 21:32:56,976 - INFO - 尝试第1次重连...
2025-04-28 21:32:57,145 - INFO - Websocket connected
2025-04-28 21:32:57,146 - INFO - 连接建立
2025-04-28 21:32:58,978 - INFO - 重连成功
2025-04-28 21:32:59,015 - WARNING - 错误码：10165，信息：invalid handle
2025-04-28 21:32:59,515 - INFO - 连接关闭
2025-04-28 21:33:00,526 - INFO - 尝试第1次重连...
2025-04-28 21:33:00,673 - INFO - Websocket connected
2025-04-28 21:33:00,674 - INFO - 连接建立
2025-04-28 21:33:02,531 - INFO - 重连成功
2025-04-28 21:33:02,566 - WARNING - 错误码：10165，信息：invalid handle
2025-04-28 21:33:03,066 - INFO - 连接关闭
2025-04-28 21:33:04,068 - INFO - 尝试第1次重连...
2025-04-28 21:33:04,226 - INFO - Websocket connected
2025-04-28 21:33:04,228 - INFO - 连接建立
2025-04-28 21:33:06,078 - INFO - 重连成功
2025-04-28 21:33:06,124 - WARNING - 错误码：10165，信息：invalid handle
2025-04-28 21:33:06,645 - INFO - 连接关闭
2025-04-28 21:33:07,658 - INFO - 尝试第1次重连...
2025-04-28 21:33:08,089 - INFO - Websocket connected
2025-04-28 21:33:08,090 - INFO - 连接建立
2025-04-28 21:33:09,660 - INFO - 重连成功
2025-04-28 21:33:09,718 - WARNING - 错误码：10165，信息：invalid handle
2025-04-28 21:33:10,209 - INFO - 连接关闭
2025-04-28 21:33:11,220 - INFO - 尝试第1次重连...
2025-04-28 21:33:11,381 - INFO - Websocket connected
2025-04-28 21:33:11,382 - INFO - 连接建立
2025-04-28 21:33:13,228 - INFO - 重连成功
2025-04-28 21:33:13,268 - WARNING - 错误码：10165，信息：invalid handle
2025-04-28 21:33:13,771 - INFO - 连接关闭
2025-04-28 21:33:14,773 - INFO - 尝试第1次重连...
2025-04-28 21:33:14,944 - INFO - Websocket connected
2025-04-28 21:33:14,945 - INFO - 连接建立
2025-04-28 21:33:16,779 - INFO - 重连成功
2025-04-28 21:33:16,822 - WARNING - 错误码：10165，信息：invalid handle
2025-04-28 21:33:17,321 - INFO - 连接关闭
2025-04-28 21:33:18,330 - INFO - 尝试第1次重连...
2025-04-28 21:33:18,500 - INFO - Websocket connected
2025-04-28 21:33:18,500 - INFO - 连接建立
2025-04-28 21:33:20,346 - INFO - 重连成功
2025-04-28 21:33:20,388 - WARNING - 错误码：10165，信息：invalid handle
2025-04-28 21:33:20,890 - INFO - 连接关闭
2025-04-28 21:33:21,896 - INFO - 尝试第1次重连...
2025-04-28 21:33:22,067 - INFO - Websocket connected
2025-04-28 21:33:22,067 - INFO - 连接建立
2025-04-28 21:33:23,909 - INFO - 重连成功
2025-04-28 21:33:23,959 - WARNING - 错误码：10165，信息：invalid handle
2025-04-28 21:33:24,455 - INFO - 连接关闭
2025-04-28 21:33:25,458 - INFO - 尝试第1次重连...
2025-04-28 21:33:25,630 - INFO - Websocket connected
2025-04-28 21:33:25,631 - INFO - 连接建立
2025-04-28 21:33:27,467 - INFO - 重连成功
2025-04-28 21:33:27,508 - WARNING - 错误码：10165，信息：invalid handle
2025-04-28 21:33:28,010 - INFO - 连接关闭
2025-04-28 21:33:29,022 - INFO - 尝试第1次重连...
2025-04-28 21:33:29,205 - INFO - Websocket connected
2025-04-28 21:33:29,205 - INFO - 连接建立
2025-04-28 21:33:31,032 - INFO - 重连成功
2025-04-28 21:33:31,077 - WARNING - 错误码：10165，信息：invalid handle
2025-04-28 21:33:31,578 - INFO - 连接关闭
2025-04-28 21:33:32,588 - INFO - 尝试第1次重连...
2025-04-28 21:33:32,744 - INFO - Websocket connected
2025-04-28 21:33:32,744 - INFO - 连接建立
2025-04-28 21:33:34,590 - INFO - 重连成功
2025-04-28 21:33:34,634 - WARNING - 错误码：10165，信息：invalid handle
2025-04-28 21:33:35,129 - INFO - 连接关闭
2025-04-28 21:33:36,138 - INFO - 尝试第1次重连...
2025-04-28 21:33:36,324 - INFO - Websocket connected
2025-04-28 21:33:36,324 - INFO - 连接建立
2025-04-28 21:33:38,153 - INFO - 重连成功
2025-04-28 21:33:38,198 - WARNING - 错误码：10165，信息：invalid handle
2025-04-28 21:33:38,700 - INFO - 连接关闭
2025-04-28 21:33:39,715 - INFO - 尝试第1次重连...
2025-04-28 21:33:39,905 - INFO - Websocket connected
2025-04-28 21:33:39,905 - INFO - 连接建立
2025-04-28 21:33:41,730 - INFO - 重连成功
2025-04-28 21:33:41,773 - WARNING - 错误码：10165，信息：invalid handle
2025-04-28 21:33:42,273 - INFO - 连接关闭
2025-04-28 21:33:43,286 - INFO - 尝试第1次重连...
2025-04-28 21:33:43,443 - INFO - Websocket connected
2025-04-28 21:33:43,443 - INFO - 连接建立
2025-04-28 21:33:45,294 - INFO - 重连成功
2025-04-28 21:33:45,335 - WARNING - 错误码：10165，信息：invalid handle
2025-04-28 21:33:45,833 - INFO - 连接关闭
2025-04-28 21:33:46,848 - INFO - 尝试第1次重连...
2025-04-28 21:33:47,005 - INFO - Websocket connected
2025-04-28 21:33:47,005 - INFO - 连接建立
2025-04-28 21:33:48,863 - INFO - 重连成功
2025-04-28 21:33:48,903 - WARNING - 错误码：10165，信息：invalid handle
2025-04-28 21:33:49,402 - INFO - 连接关闭
2025-04-28 21:33:50,412 - INFO - 尝试第1次重连...
2025-04-28 21:33:50,570 - INFO - Websocket connected
2025-04-28 21:33:50,570 - INFO - 连接建立
2025-04-28 21:33:52,419 - INFO - 重连成功
2025-04-28 21:33:52,456 - WARNING - 错误码：10165，信息：invalid handle
2025-04-28 21:33:52,956 - INFO - 连接关闭
2025-04-28 21:33:53,969 - INFO - 尝试第1次重连...
2025-04-28 21:33:54,127 - INFO - Websocket connected
2025-04-28 21:33:54,127 - INFO - 连接建立
2025-04-28 21:33:55,980 - INFO - 重连成功
2025-04-28 21:33:56,019 - WARNING - 错误码：10165，信息：invalid handle
2025-04-28 21:33:56,536 - INFO - 连接关闭
2025-04-28 21:33:57,537 - INFO - 尝试第1次重连...
2025-04-28 21:33:57,691 - INFO - Websocket connected
2025-04-28 21:33:57,691 - INFO - 连接建立
2025-04-28 21:33:59,553 - INFO - 重连成功
2025-04-28 21:33:59,586 - WARNING - 错误码：10165，信息：invalid handle
2025-04-28 21:34:00,090 - INFO - 连接关闭
2025-04-28 21:34:01,104 - INFO - 尝试第1次重连...
2025-04-28 21:34:01,265 - INFO - Websocket connected
2025-04-28 21:34:01,266 - INFO - 连接建立
2025-04-28 21:34:03,111 - INFO - 重连成功
2025-04-28 21:34:03,146 - WARNING - 错误码：10165，信息：invalid handle
2025-04-28 21:34:03,646 - INFO - 连接关闭
2025-04-28 21:34:04,662 - INFO - 尝试第1次重连...
2025-04-28 21:34:04,836 - INFO - Websocket connected
2025-04-28 21:34:04,836 - INFO - 连接建立
2025-04-28 21:34:06,675 - INFO - 重连成功
2025-04-28 21:34:06,710 - WARNING - 错误码：10165，信息：invalid handle
2025-04-28 21:34:07,211 - INFO - 连接关闭
2025-04-28 21:34:08,225 - INFO - 尝试第1次重连...
2025-04-28 21:34:08,400 - INFO - Websocket connected
2025-04-28 21:34:08,400 - INFO - 连接建立
2025-04-28 21:34:10,228 - INFO - 重连成功
2025-04-28 21:34:10,266 - WARNING - 错误码：10165，信息：invalid handle
2025-04-28 21:34:10,768 - INFO - 连接关闭
2025-04-28 21:34:11,773 - INFO - 尝试第1次重连...
2025-04-28 21:34:11,929 - INFO - Websocket connected
2025-04-28 21:34:11,930 - INFO - 连接建立
2025-04-28 21:34:13,788 - INFO - 重连成功
2025-04-28 21:34:13,823 - WARNING - 错误码：10165，信息：invalid handle
2025-04-28 21:34:14,324 - INFO - 连接关闭
2025-04-28 21:34:15,336 - INFO - 尝试第1次重连...
2025-04-28 21:34:15,551 - INFO - Websocket connected
2025-04-28 21:34:15,551 - INFO - 连接建立
2025-04-28 21:34:17,339 - INFO - 重连成功
2025-04-28 21:34:17,384 - WARNING - 错误码：10165，信息：invalid handle
2025-04-28 21:34:17,908 - INFO - 连接关闭
2025-04-28 21:34:18,911 - INFO - 尝试第1次重连...
2025-04-28 21:34:19,055 - INFO - Websocket connected
2025-04-28 21:34:19,056 - INFO - 连接建立
2025-04-28 21:34:20,916 - INFO - 重连成功
2025-04-28 21:34:20,952 - WARNING - 错误码：10165，信息：invalid handle
2025-04-28 21:34:21,454 - INFO - 连接关闭
2025-04-28 21:34:22,461 - INFO - 尝试第1次重连...
2025-04-28 21:34:22,632 - INFO - Websocket connected
2025-04-28 21:34:22,633 - INFO - 连接建立
2025-04-28 21:34:24,467 - INFO - 重连成功
2025-04-28 21:34:24,508 - WARNING - 错误码：10165，信息：invalid handle
2025-04-28 21:34:25,009 - INFO - 连接关闭
2025-04-28 21:34:26,020 - INFO - 尝试第1次重连...
2025-04-28 21:34:26,169 - INFO - Websocket connected
2025-04-28 21:34:26,170 - INFO - 连接建立
2025-04-28 21:34:28,031 - INFO - 重连成功
2025-04-28 21:34:28,201 - WARNING - 错误码：10165，信息：invalid handle
2025-04-28 21:34:28,651 - INFO - 连接关闭
2025-04-28 21:34:29,660 - INFO - 尝试第1次重连...
2025-04-28 21:34:29,830 - INFO - Websocket connected
2025-04-28 21:34:29,832 - INFO - 连接建立
2025-04-28 21:34:31,662 - INFO - 重连成功
2025-04-28 21:34:31,705 - WARNING - 错误码：10165，信息：invalid handle
2025-04-28 21:34:32,203 - INFO - 连接关闭
2025-04-28 21:34:33,216 - INFO - 尝试第1次重连...
2025-04-28 21:34:33,372 - INFO - Websocket connected
2025-04-28 21:34:33,372 - INFO - 连接建立
2025-04-28 21:34:35,221 - INFO - 重连成功
2025-04-28 21:34:35,259 - WARNING - 错误码：10165，信息：invalid handle
2025-04-28 21:34:35,759 - INFO - 连接关闭
2025-04-28 21:34:36,773 - INFO - 尝试第1次重连...
2025-04-28 21:34:36,923 - INFO - Websocket connected
2025-04-28 21:34:36,924 - INFO - 连接建立
2025-04-28 21:34:38,775 - INFO - 重连成功
2025-04-28 21:34:38,808 - WARNING - 错误码：10165，信息：invalid handle
2025-04-28 21:34:39,310 - INFO - 连接关闭
2025-04-28 21:34:40,314 - INFO - 尝试第1次重连...
2025-04-28 21:34:40,483 - INFO - Websocket connected
2025-04-28 21:34:40,484 - INFO - 连接建立
2025-04-28 21:34:42,320 - INFO - 重连成功
2025-04-28 21:34:42,362 - WARNING - 错误码：10165，信息：invalid handle
2025-04-28 21:34:42,859 - INFO - 连接关闭
2025-04-28 21:34:43,864 - INFO - 尝试第1次重连...
2025-04-28 21:34:44,021 - INFO - Websocket connected
2025-04-28 21:34:44,021 - INFO - 连接建立
2025-04-28 21:34:45,874 - INFO - 重连成功
2025-04-28 21:34:45,906 - WARNING - 错误码：10165，信息：invalid handle
2025-04-28 21:34:46,444 - INFO - 连接关闭
2025-04-28 21:34:47,456 - INFO - 尝试第1次重连...
2025-04-28 21:34:47,613 - INFO - Websocket connected
2025-04-28 21:34:47,613 - INFO - 连接建立
2025-04-28 21:34:49,458 - INFO - 重连成功
2025-04-28 21:34:49,495 - WARNING - 错误码：10165，信息：invalid handle
2025-04-28 21:34:49,991 - INFO - 连接关闭
2025-04-28 21:34:50,996 - INFO - 尝试第1次重连...
2025-04-28 21:34:51,151 - INFO - Websocket connected
2025-04-28 21:34:51,151 - INFO - 连接建立
2025-04-28 21:34:53,010 - INFO - 重连成功
2025-04-28 21:34:53,048 - WARNING - 错误码：10165，信息：invalid handle
2025-04-28 21:34:53,550 - INFO - 连接关闭
2025-04-28 21:34:54,559 - INFO - 尝试第1次重连...
2025-04-28 21:34:54,739 - INFO - Websocket connected
2025-04-28 21:34:54,740 - INFO - 连接建立
2025-04-28 21:34:56,571 - INFO - 重连成功
2025-04-28 21:34:56,628 - WARNING - 错误码：10165，信息：invalid handle
2025-04-28 21:34:57,130 - INFO - 连接关闭
2025-04-28 21:34:58,138 - INFO - 尝试第1次重连...
2025-04-28 21:34:58,387 - INFO - Websocket connected
2025-04-28 21:34:58,388 - INFO - 连接建立
2025-04-28 21:35:00,143 - INFO - 重连成功
2025-04-28 21:35:00,181 - WARNING - 错误码：10165，信息：invalid handle
2025-04-28 21:35:00,686 - INFO - 连接关闭
2025-04-28 21:35:01,686 - INFO - 尝试第1次重连...
2025-04-28 21:35:01,867 - INFO - Websocket connected
2025-04-28 21:35:01,867 - INFO - 连接建立
2025-04-28 21:35:03,695 - INFO - 重连成功
2025-04-28 21:35:03,748 - WARNING - 错误码：10165，信息：invalid handle
2025-04-28 21:35:04,241 - INFO - 连接关闭
2025-04-28 21:35:05,248 - INFO - 尝试第1次重连...
2025-04-28 21:35:05,406 - INFO - Websocket connected
2025-04-28 21:35:05,406 - INFO - 连接建立
2025-04-28 21:35:07,255 - INFO - 重连成功
2025-04-28 21:35:07,291 - WARNING - 错误码：10165，信息：invalid handle
2025-04-28 21:35:07,792 - INFO - 连接关闭
2025-04-28 21:35:08,793 - INFO - 尝试第1次重连...
2025-04-28 21:35:08,962 - INFO - Websocket connected
2025-04-28 21:35:08,962 - INFO - 连接建立
2025-04-28 21:35:10,800 - INFO - 重连成功
2025-04-28 21:35:10,850 - WARNING - 错误码：10165，信息：invalid handle
2025-04-28 21:35:11,345 - INFO - 连接关闭
2025-04-28 21:35:12,350 - INFO - 尝试第1次重连...
2025-04-28 21:35:12,505 - INFO - Websocket connected
2025-04-28 21:35:12,508 - INFO - 连接建立
2025-04-28 21:35:14,358 - INFO - 重连成功
2025-04-28 21:35:14,395 - WARNING - 错误码：10165，信息：invalid handle
2025-04-28 21:35:14,896 - INFO - 连接关闭
2025-04-28 21:35:15,906 - INFO - 尝试第1次重连...
2025-04-28 21:35:16,069 - INFO - Websocket connected
2025-04-28 21:35:16,069 - INFO - 连接建立
2025-04-28 21:35:17,919 - INFO - 重连成功
2025-04-28 21:35:17,954 - WARNING - 错误码：10165，信息：invalid handle
2025-04-28 21:35:18,455 - INFO - 连接关闭
2025-04-28 21:35:19,469 - INFO - 尝试第1次重连...
2025-04-28 21:35:19,645 - INFO - Websocket connected
2025-04-28 21:35:19,646 - INFO - 连接建立
2025-04-28 21:35:21,472 - INFO - 重连成功
2025-04-28 21:35:21,515 - WARNING - 错误码：10165，信息：invalid handle
2025-04-28 21:35:22,016 - INFO - 连接关闭
2025-04-28 21:35:23,020 - INFO - 尝试第1次重连...
2025-04-28 21:35:23,177 - INFO - Websocket connected
2025-04-28 21:35:23,178 - INFO - 连接建立
2025-04-28 21:35:25,023 - INFO - 重连成功
2025-04-28 21:35:25,069 - WARNING - 错误码：10165，信息：invalid handle
2025-04-28 21:35:25,561 - INFO - 连接关闭
2025-04-28 21:35:26,576 - INFO - 尝试第1次重连...
2025-04-28 21:35:26,756 - INFO - Websocket connected
2025-04-28 21:35:26,757 - INFO - 连接建立
2025-04-28 21:35:28,585 - INFO - 重连成功
2025-04-28 21:35:28,620 - WARNING - 错误码：10165，信息：invalid handle
2025-04-28 21:35:29,123 - INFO - 连接关闭
2025-04-28 21:35:30,134 - INFO - 尝试第1次重连...
2025-04-28 21:35:30,415 - INFO - Websocket connected
2025-04-28 21:35:30,415 - INFO - 连接建立
2025-04-28 21:35:32,150 - INFO - 重连成功
2025-04-28 21:35:32,205 - WARNING - 错误码：10165，信息：invalid handle
2025-04-28 21:35:32,692 - INFO - 连接关闭
2025-04-28 21:35:33,695 - INFO - 尝试第1次重连...
2025-04-28 21:35:33,858 - INFO - Websocket connected
2025-04-28 21:35:33,858 - INFO - 连接建立
2025-04-28 21:35:35,710 - INFO - 重连成功
2025-04-28 21:35:35,746 - WARNING - 错误码：10165，信息：invalid handle
2025-04-28 21:35:36,246 - INFO - 连接关闭
2025-04-28 21:35:37,260 - INFO - 尝试第1次重连...
2025-04-28 21:35:37,427 - INFO - Websocket connected
2025-04-28 21:35:37,428 - INFO - 连接建立
2025-04-28 21:35:39,270 - INFO - 重连成功
2025-04-28 21:35:39,311 - WARNING - 错误码：10165，信息：invalid handle
2025-04-28 21:35:39,811 - INFO - 连接关闭
2025-04-28 21:35:40,823 - INFO - 尝试第1次重连...
2025-04-28 21:35:40,962 - INFO - Websocket connected
2025-04-28 21:35:40,963 - INFO - 连接建立
2025-04-28 21:35:42,834 - INFO - 重连成功
2025-04-28 21:35:42,868 - WARNING - 错误码：10165，信息：invalid handle
2025-04-28 21:35:43,371 - INFO - 连接关闭
2025-04-28 21:35:44,373 - INFO - 尝试第1次重连...
2025-04-28 21:35:44,551 - INFO - Websocket connected
2025-04-28 21:35:44,551 - INFO - 连接建立
2025-04-28 21:35:46,375 - INFO - 重连成功
2025-04-28 21:35:46,415 - WARNING - 错误码：10165，信息：invalid handle
2025-04-28 21:35:46,921 - INFO - 连接关闭
2025-04-28 21:35:47,926 - INFO - 尝试第1次重连...
2025-04-28 21:35:48,068 - INFO - Websocket connected
2025-04-28 21:35:48,068 - INFO - 连接建立
2025-04-28 21:35:49,929 - INFO - 重连成功
2025-04-28 21:35:49,964 - WARNING - 错误码：10165，信息：invalid handle
2025-04-28 21:35:50,466 - INFO - 连接关闭
2025-04-28 21:35:51,469 - INFO - 尝试第1次重连...
2025-04-28 21:35:51,655 - INFO - Websocket connected
2025-04-28 21:35:51,655 - INFO - 连接建立
2025-04-28 21:35:53,478 - INFO - 重连成功
2025-04-28 21:35:53,521 - WARNING - 错误码：10165，信息：invalid handle
2025-04-28 21:35:54,018 - INFO - 连接关闭
2025-04-28 21:35:55,031 - INFO - 尝试第1次重连...
2025-04-28 21:35:55,203 - INFO - Websocket connected
2025-04-28 21:35:55,203 - INFO - 连接建立
2025-04-28 21:35:57,046 - INFO - 重连成功
2025-04-28 21:35:57,092 - WARNING - 错误码：10165，信息：invalid handle
2025-04-28 21:35:57,588 - INFO - 连接关闭
2025-04-28 21:35:58,599 - INFO - 尝试第1次重连...
2025-04-28 21:35:58,766 - INFO - Websocket connected
2025-04-28 21:35:58,767 - INFO - 连接建立
2025-04-28 21:36:00,612 - INFO - 重连成功
2025-04-28 21:36:00,656 - WARNING - 错误码：10165，信息：invalid handle
2025-04-28 21:36:01,155 - INFO - 连接关闭
2025-04-28 21:36:02,166 - INFO - 尝试第1次重连...
2025-04-28 21:36:02,396 - INFO - Websocket connected
2025-04-28 21:36:02,397 - INFO - 连接建立
2025-04-28 21:36:04,176 - INFO - 重连成功
2025-04-28 21:36:04,216 - WARNING - 错误码：10165，信息：invalid handle
2025-04-28 21:36:04,818 - INFO - 连接关闭
2025-04-28 21:36:05,830 - INFO - 尝试第1次重连...
2025-04-28 21:36:05,976 - INFO - Websocket connected
2025-04-28 21:36:05,976 - INFO - 连接建立
2025-04-28 21:36:07,837 - INFO - 重连成功
2025-04-28 21:36:07,882 - WARNING - 错误码：10165，信息：invalid handle
2025-04-28 21:36:08,378 - INFO - 连接关闭
2025-04-28 21:36:09,385 - INFO - 尝试第1次重连...
2025-04-28 21:36:09,552 - INFO - Websocket connected
2025-04-28 21:36:09,552 - INFO - 连接建立
2025-04-28 21:36:11,401 - INFO - 重连成功
2025-04-28 21:36:11,441 - WARNING - 错误码：10165，信息：invalid handle
2025-04-28 21:36:11,942 - INFO - 连接关闭
2025-04-28 21:36:12,949 - INFO - 尝试第1次重连...
2025-04-28 21:36:13,106 - INFO - Websocket connected
2025-04-28 21:36:13,108 - INFO - 连接建立
2025-04-28 21:36:14,953 - INFO - 重连成功
2025-04-28 21:36:15,039 - WARNING - 错误码：10165，信息：invalid handle
2025-04-28 21:36:15,574 - INFO - 连接关闭
2025-04-28 21:36:16,589 - INFO - 尝试第1次重连...
2025-04-28 21:36:16,798 - INFO - Websocket connected
2025-04-28 21:36:16,798 - INFO - 连接建立
2025-04-28 21:36:18,596 - INFO - 重连成功
2025-04-28 21:36:18,641 - WARNING - 错误码：10165，信息：invalid handle
2025-04-28 21:36:19,139 - INFO - 连接关闭
2025-04-28 21:36:20,143 - INFO - 尝试第1次重连...
2025-04-28 21:36:20,319 - INFO - Websocket connected
2025-04-28 21:36:20,320 - INFO - 连接建立
2025-04-28 21:36:22,156 - INFO - 重连成功
2025-04-28 21:36:22,202 - WARNING - 错误码：10165，信息：invalid handle
2025-04-28 21:36:22,701 - INFO - 连接关闭
2025-04-28 21:36:23,705 - INFO - 尝试第1次重连...
2025-04-28 21:36:23,884 - INFO - Websocket connected
2025-04-28 21:36:23,885 - INFO - 连接建立
2025-04-28 21:36:25,721 - INFO - 重连成功
2025-04-28 21:36:25,764 - WARNING - 错误码：10165，信息：invalid handle
2025-04-28 21:36:26,265 - INFO - 连接关闭
2025-04-28 21:36:27,270 - INFO - 尝试第1次重连...
2025-04-28 21:36:27,452 - INFO - Websocket connected
2025-04-28 21:36:27,452 - INFO - 连接建立
2025-04-28 21:36:29,281 - INFO - 重连成功
2025-04-28 21:36:29,327 - WARNING - 错误码：10165，信息：invalid handle
2025-04-28 21:36:29,826 - INFO - 连接关闭
2025-04-28 21:36:30,841 - INFO - 尝试第1次重连...
2025-04-28 21:36:31,018 - INFO - Websocket connected
2025-04-28 21:36:31,018 - INFO - 连接建立
2025-04-28 21:36:32,852 - INFO - 重连成功
2025-04-28 21:36:32,895 - WARNING - 错误码：10165，信息：invalid handle
2025-04-28 21:36:33,395 - INFO - 连接关闭
2025-04-28 21:36:34,400 - INFO - 尝试第1次重连...
2025-04-28 21:36:34,572 - INFO - Websocket connected
2025-04-28 21:36:34,573 - INFO - 连接建立
2025-04-28 21:36:36,407 - INFO - 重连成功
2025-04-28 21:36:36,449 - WARNING - 错误码：10165，信息：invalid handle
2025-04-28 21:36:36,951 - INFO - 连接关闭
2025-04-28 21:36:37,957 - INFO - 尝试第1次重连...
2025-04-28 21:36:38,138 - INFO - Websocket connected
2025-04-28 21:36:38,139 - INFO - 连接建立
2025-04-28 21:36:39,970 - INFO - 重连成功
2025-04-28 21:36:40,015 - WARNING - 错误码：10165，信息：invalid handle
2025-04-28 21:36:40,513 - INFO - 连接关闭
2025-04-28 21:36:41,516 - INFO - 尝试第1次重连...
2025-04-28 21:36:41,691 - INFO - Websocket connected
2025-04-28 21:36:41,691 - INFO - 连接建立
2025-04-28 21:36:43,521 - INFO - 重连成功
2025-04-28 21:36:43,560 - WARNING - 错误码：10165，信息：invalid handle
2025-04-28 21:36:44,059 - INFO - 连接关闭
2025-04-28 21:36:45,070 - INFO - 尝试第1次重连...
2025-04-28 21:36:45,260 - INFO - Websocket connected
2025-04-28 21:36:45,260 - INFO - 连接建立
2025-04-28 21:36:47,081 - INFO - 重连成功
2025-04-28 21:36:47,122 - WARNING - 错误码：10165，信息：invalid handle
2025-04-28 21:36:47,623 - INFO - 连接关闭
2025-04-28 21:36:48,638 - INFO - 尝试第1次重连...
2025-04-28 21:36:48,795 - INFO - Websocket connected
2025-04-28 21:36:48,795 - INFO - 连接建立
2025-04-28 21:36:50,646 - INFO - 重连成功
2025-04-28 21:36:50,688 - WARNING - 错误码：10165，信息：invalid handle
2025-04-28 21:36:51,190 - INFO - 连接关闭
2025-04-28 21:36:52,203 - INFO - 尝试第1次重连...
2025-04-28 21:36:52,389 - INFO - Websocket connected
2025-04-28 21:36:52,390 - INFO - 连接建立
2025-04-28 21:36:54,208 - INFO - 重连成功
2025-04-28 21:36:54,256 - WARNING - 错误码：10165，信息：invalid handle
2025-04-28 21:36:54,759 - INFO - 连接关闭
2025-04-28 21:36:55,764 - INFO - 尝试第1次重连...
2025-04-28 21:36:55,926 - INFO - Websocket connected
2025-04-28 21:36:55,926 - INFO - 连接建立
2025-04-28 21:36:57,780 - INFO - 重连成功
2025-04-28 21:36:57,825 - WARNING - 错误码：10165，信息：invalid handle
2025-04-28 21:36:58,324 - INFO - 连接关闭
2025-04-28 21:36:59,338 - INFO - 尝试第1次重连...
2025-04-28 21:36:59,529 - INFO - Websocket connected
2025-04-28 21:36:59,529 - INFO - 连接建立
2025-04-28 21:37:01,347 - INFO - 重连成功
2025-04-28 21:37:01,386 - WARNING - 错误码：10165，信息：invalid handle
2025-04-28 21:37:01,887 - INFO - 连接关闭
2025-04-28 21:37:02,893 - INFO - 尝试第1次重连...
2025-04-28 21:37:03,073 - INFO - Websocket connected
2025-04-28 21:37:03,073 - INFO - 连接建立
2025-04-28 21:37:04,904 - INFO - 重连成功
2025-04-28 21:37:04,944 - WARNING - 错误码：10165，信息：invalid handle
2025-04-28 21:37:05,444 - INFO - 连接关闭
2025-04-28 21:37:06,446 - INFO - 尝试第1次重连...
2025-04-28 21:37:06,622 - INFO - Websocket connected
2025-04-28 21:37:06,622 - INFO - 连接建立
2025-04-28 21:37:08,462 - INFO - 重连成功
2025-04-28 21:37:08,509 - WARNING - 错误码：10165，信息：invalid handle
2025-04-28 21:37:09,007 - INFO - 连接关闭
2025-04-28 21:37:10,016 - INFO - 尝试第1次重连...
2025-04-28 21:37:10,189 - INFO - Websocket connected
2025-04-28 21:37:10,190 - INFO - 连接建立
2025-04-28 21:37:12,028 - INFO - 重连成功
2025-04-28 21:37:12,072 - WARNING - 错误码：10165，信息：invalid handle
2025-04-28 21:37:12,575 - INFO - 连接关闭
2025-04-28 21:37:13,578 - INFO - 尝试第1次重连...
2025-04-28 21:37:13,748 - INFO - Websocket connected
2025-04-28 21:37:13,749 - INFO - 连接建立
2025-04-28 21:37:15,586 - INFO - 重连成功
2025-04-28 21:37:15,626 - WARNING - 错误码：10165，信息：invalid handle
2025-04-28 21:37:16,128 - INFO - 连接关闭
2025-04-28 21:37:17,135 - INFO - 尝试第1次重连...
2025-04-28 21:37:17,319 - INFO - Websocket connected
2025-04-28 21:37:17,320 - INFO - 连接建立
2025-04-28 21:37:19,144 - INFO - 重连成功
2025-04-28 21:37:19,184 - WARNING - 错误码：10165，信息：invalid handle
2025-04-28 21:37:19,686 - INFO - 连接关闭
2025-04-28 21:37:20,701 - INFO - 尝试第1次重连...
2025-04-28 21:37:20,845 - INFO - Websocket connected
2025-04-28 21:37:20,846 - INFO - 连接建立
2025-04-28 21:37:22,716 - INFO - 重连成功
2025-04-28 21:37:22,759 - WARNING - 错误码：10165，信息：invalid handle
2025-04-28 21:37:23,255 - INFO - 连接关闭
2025-04-28 21:37:24,264 - INFO - 尝试第1次重连...
2025-04-28 21:37:24,410 - INFO - Websocket connected
2025-04-28 21:37:24,410 - INFO - 连接建立
2025-04-28 21:37:26,275 - INFO - 重连成功
2025-04-28 21:37:26,311 - WARNING - 错误码：10165，信息：invalid handle
2025-04-28 21:37:26,812 - INFO - 连接关闭
2025-04-28 21:37:27,821 - INFO - 尝试第1次重连...
2025-04-28 21:37:27,962 - INFO - Websocket connected
2025-04-28 21:37:27,963 - INFO - 连接建立
2025-04-28 21:37:29,828 - INFO - 重连成功
2025-04-28 21:37:29,860 - WARNING - 错误码：10165，信息：invalid handle
2025-04-28 21:37:30,364 - INFO - 连接关闭
2025-04-28 21:37:31,378 - INFO - 尝试第1次重连...
2025-04-28 21:37:31,593 - INFO - Websocket connected
2025-04-28 21:37:31,593 - INFO - 连接建立
2025-04-28 21:37:33,394 - INFO - 重连成功
2025-04-28 21:37:33,439 - WARNING - 错误码：10165，信息：invalid handle
2025-04-28 21:37:33,938 - INFO - 连接关闭
2025-04-28 21:37:34,945 - INFO - 尝试第1次重连...
2025-04-28 21:37:35,094 - INFO - Websocket connected
2025-04-28 21:37:35,095 - INFO - 连接建立
2025-04-28 21:37:36,960 - INFO - 重连成功
2025-04-28 21:37:36,998 - WARNING - 错误码：10165，信息：invalid handle
2025-04-28 21:37:37,497 - INFO - 连接关闭
2025-04-28 21:37:38,504 - INFO - 尝试第1次重连...
2025-04-28 21:37:38,676 - INFO - Websocket connected
2025-04-28 21:37:38,677 - INFO - 连接建立
2025-04-28 21:37:40,506 - INFO - 重连成功
2025-04-28 21:37:40,544 - WARNING - 错误码：10165，信息：invalid handle
2025-04-28 21:37:41,045 - INFO - 连接关闭
2025-04-28 21:37:42,059 - INFO - 尝试第1次重连...
2025-04-28 21:37:42,220 - INFO - Websocket connected
2025-04-28 21:37:42,220 - INFO - 连接建立
2025-04-28 21:37:44,068 - INFO - 重连成功
2025-04-28 21:37:44,106 - WARNING - 错误码：10165，信息：invalid handle
2025-04-28 21:37:44,608 - INFO - 连接关闭
2025-04-28 21:37:45,623 - INFO - 尝试第1次重连...
2025-04-28 21:37:45,786 - INFO - Websocket connected
2025-04-28 21:37:45,786 - INFO - 连接建立
2025-04-28 21:37:47,628 - INFO - 重连成功
2025-04-28 21:37:47,664 - WARNING - 错误码：10165，信息：invalid handle
2025-04-28 21:37:48,165 - INFO - 连接关闭
2025-04-28 21:37:49,167 - INFO - 尝试第1次重连...
2025-04-28 21:37:49,325 - INFO - Websocket connected
2025-04-28 21:37:49,325 - INFO - 连接建立
2025-04-28 21:37:51,169 - INFO - 重连成功
2025-04-28 21:37:51,205 - WARNING - 错误码：10165，信息：invalid handle
2025-04-28 21:37:51,717 - INFO - 连接关闭
2025-04-28 21:37:52,727 - INFO - 尝试第1次重连...
2025-04-28 21:37:52,883 - INFO - Websocket connected
2025-04-28 21:37:52,884 - INFO - 连接建立
2025-04-28 21:37:54,738 - INFO - 重连成功
2025-04-28 21:37:54,775 - WARNING - 错误码：10165，信息：invalid handle
2025-04-28 21:37:55,293 - INFO - 连接关闭
2025-04-28 21:37:56,306 - INFO - 尝试第1次重连...
2025-04-28 21:37:56,494 - INFO - Websocket connected
2025-04-28 21:37:56,495 - INFO - 连接建立
2025-04-28 21:37:58,310 - INFO - 重连成功
2025-04-28 21:37:58,353 - WARNING - 错误码：10165，信息：invalid handle
2025-04-28 21:37:58,856 - INFO - 连接关闭
2025-04-28 21:37:59,868 - INFO - 尝试第1次重连...
2025-04-28 21:38:00,046 - INFO - Websocket connected
2025-04-28 21:38:00,046 - INFO - 连接建立
2025-04-28 21:38:01,876 - INFO - 重连成功
2025-04-28 21:38:01,922 - WARNING - 错误码：10165，信息：invalid handle
2025-04-28 21:38:02,421 - INFO - 连接关闭
2025-04-28 21:38:03,432 - INFO - 尝试第1次重连...
2025-04-28 21:38:03,618 - INFO - Websocket connected
2025-04-28 21:38:03,619 - INFO - 连接建立
2025-04-28 21:38:05,442 - INFO - 重连成功
2025-04-28 21:38:05,501 - WARNING - 错误码：10165，信息：invalid handle
2025-04-28 21:38:05,986 - INFO - 连接关闭
2025-04-28 21:38:06,992 - INFO - 尝试第1次重连...
2025-04-28 21:38:07,151 - INFO - Websocket connected
2025-04-28 21:38:07,152 - INFO - 连接建立
2025-04-28 21:38:09,003 - INFO - 重连成功
2025-04-28 21:38:09,044 - WARNING - 错误码：10165，信息：invalid handle
2025-04-28 21:38:09,546 - INFO - 连接关闭
2025-04-28 21:38:10,561 - INFO - 尝试第1次重连...
2025-04-28 21:38:10,714 - INFO - Websocket connected
2025-04-28 21:38:10,715 - INFO - 连接建立
2025-04-28 21:38:12,574 - INFO - 重连成功
2025-04-28 21:38:12,616 - WARNING - 错误码：10165，信息：invalid handle
2025-04-28 21:38:13,114 - INFO - 连接关闭
2025-04-28 21:38:14,126 - INFO - 尝试第1次重连...
2025-04-28 21:38:14,300 - INFO - Websocket connected
2025-04-28 21:38:14,301 - INFO - 连接建立
2025-04-28 21:38:16,134 - INFO - 重连成功
2025-04-28 21:38:16,176 - WARNING - 错误码：10165，信息：invalid handle
2025-04-28 21:38:16,683 - INFO - 连接关闭
2025-04-28 21:38:17,691 - INFO - 尝试第1次重连...
2025-04-28 21:38:17,868 - INFO - Websocket connected
2025-04-28 21:38:17,869 - INFO - 连接建立
2025-04-28 21:38:19,699 - INFO - 重连成功
2025-04-28 21:38:19,734 - WARNING - 错误码：10165，信息：invalid handle
2025-04-28 21:38:20,252 - INFO - 连接关闭
2025-04-28 21:38:21,258 - INFO - 尝试第1次重连...
2025-04-28 21:38:21,424 - INFO - Websocket connected
2025-04-28 21:38:21,424 - INFO - 连接建立
2025-04-28 21:38:23,264 - INFO - 重连成功
2025-04-28 21:38:23,280 - WARNING - 检测到连接丢失，尝试恢复...
2025-04-28 21:38:23,305 - WARNING - 错误码：10165，信息：invalid handle
2025-04-28 21:38:23,803 - INFO - 连接关闭
2025-04-28 21:38:24,288 - INFO - 尝试第1次重连...
2025-04-28 21:38:24,502 - INFO - Websocket connected
2025-04-28 21:38:24,503 - INFO - 连接建立
2025-04-28 21:38:24,811 - INFO - 尝试第1次重连...
2025-04-28 21:38:26,295 - INFO - 重连成功
2025-04-28 21:38:26,346 - INFO - 连接关闭
2025-04-28 21:38:27,014 - INFO - Websocket connected
2025-04-28 21:38:27,014 - INFO - 连接建立
2025-04-28 21:38:28,860 - INFO - 重连成功
2025-04-28 21:38:28,908 - WARNING - 错误码：10165，信息：invalid handle
2025-04-28 21:38:29,408 - INFO - 连接关闭
2025-04-28 21:38:30,416 - INFO - 尝试第1次重连...
2025-04-28 21:38:30,577 - INFO - Websocket connected
2025-04-28 21:38:30,578 - INFO - 连接建立
2025-04-28 21:38:32,432 - INFO - 重连成功
2025-04-28 21:38:32,468 - WARNING - 错误码：10165，信息：invalid handle
2025-04-28 21:38:32,982 - INFO - 连接关闭
2025-04-28 21:38:33,983 - INFO - 尝试第1次重连...
2025-04-28 21:38:34,179 - INFO - Websocket connected
2025-04-28 21:38:34,180 - INFO - 连接建立
2025-04-28 21:38:35,992 - INFO - 重连成功
2025-04-28 21:38:36,038 - WARNING - 错误码：10165，信息：invalid handle
2025-04-28 21:38:36,535 - INFO - 连接关闭
2025-04-28 21:38:37,549 - INFO - 尝试第1次重连...
2025-04-28 21:38:37,705 - INFO - Websocket connected
2025-04-28 21:38:37,705 - INFO - 连接建立
2025-04-28 21:38:39,565 - INFO - 重连成功
2025-04-28 21:38:39,610 - WARNING - 错误码：10165，信息：invalid handle
2025-04-28 21:38:40,123 - INFO - 连接关闭
2025-04-28 21:38:41,130 - INFO - 尝试第1次重连...
2025-04-28 21:38:41,288 - INFO - Websocket connected
2025-04-28 21:38:41,288 - INFO - 连接建立
2025-04-28 21:38:43,144 - INFO - 重连成功
2025-04-28 21:38:43,186 - WARNING - 错误码：10165，信息：invalid handle
2025-04-28 21:38:43,726 - INFO - 连接关闭
2025-04-28 21:38:44,732 - INFO - 尝试第1次重连...
2025-04-28 21:38:44,915 - INFO - Websocket connected
2025-04-28 21:38:44,915 - INFO - 连接建立
2025-04-28 21:38:46,746 - INFO - 重连成功
2025-04-28 21:38:46,793 - WARNING - 错误码：10165，信息：invalid handle
2025-04-28 21:38:47,286 - INFO - 连接关闭
2025-04-28 21:38:48,294 - INFO - 尝试第1次重连...
2025-04-28 21:38:48,436 - INFO - Websocket connected
2025-04-28 21:38:48,436 - INFO - 连接建立
2025-04-28 21:38:50,299 - INFO - 重连成功
2025-04-28 21:38:50,337 - WARNING - 错误码：10165，信息：invalid handle
2025-04-28 21:38:50,830 - INFO - 连接关闭
2025-04-28 21:38:51,840 - INFO - 尝试第1次重连...
2025-04-28 21:38:51,993 - INFO - Websocket connected
2025-04-28 21:38:51,994 - INFO - 连接建立
2025-04-28 21:38:53,853 - INFO - 重连成功
2025-04-28 21:38:53,889 - WARNING - 错误码：10165，信息：invalid handle
2025-04-28 21:38:54,388 - INFO - 连接关闭
2025-04-28 21:38:55,392 - INFO - 尝试第1次重连...
2025-04-28 21:38:55,540 - INFO - Websocket connected
2025-04-28 21:38:55,541 - INFO - 连接建立
2025-04-28 21:38:57,399 - INFO - 重连成功
2025-04-28 21:38:57,438 - WARNING - 错误码：10165，信息：invalid handle
2025-04-28 21:38:57,936 - INFO - 连接关闭
2025-04-28 21:38:58,937 - INFO - 尝试第1次重连...
2025-04-28 21:38:59,098 - INFO - Websocket connected
2025-04-28 21:38:59,098 - INFO - 连接建立
2025-04-28 21:39:00,949 - INFO - 重连成功
2025-04-28 21:39:00,986 - WARNING - 错误码：10165，信息：invalid handle
2025-04-28 21:39:01,486 - INFO - 连接关闭
2025-04-28 21:39:02,501 - INFO - 尝试第1次重连...
2025-04-28 21:39:02,660 - INFO - Websocket connected
2025-04-28 21:39:02,661 - INFO - 连接建立
2025-04-28 21:39:04,508 - INFO - 重连成功
2025-04-28 21:39:04,546 - WARNING - 错误码：10165，信息：invalid handle
2025-04-28 21:39:05,044 - INFO - 连接关闭
2025-04-28 21:39:06,059 - INFO - 尝试第1次重连...
2025-04-28 21:39:06,191 - INFO - Websocket connected
2025-04-28 21:39:06,192 - INFO - 连接建立
2025-04-28 21:39:08,073 - INFO - 重连成功
2025-04-28 21:39:08,105 - WARNING - 错误码：10165，信息：invalid handle
2025-04-28 21:39:08,608 - INFO - 连接关闭
2025-04-28 21:39:09,616 - INFO - 尝试第1次重连...
2025-04-28 21:39:09,774 - INFO - Websocket connected
2025-04-28 21:39:09,775 - INFO - 连接建立
2025-04-28 21:39:11,625 - INFO - 重连成功
2025-04-28 21:39:11,660 - WARNING - 错误码：10165，信息：invalid handle
2025-04-28 21:39:12,162 - INFO - 连接关闭
2025-04-28 21:39:13,172 - INFO - 尝试第1次重连...
2025-04-28 21:39:13,322 - INFO - Websocket connected
2025-04-28 21:39:13,322 - INFO - 连接建立
2025-04-28 21:39:15,179 - INFO - 重连成功
2025-04-28 21:39:15,211 - WARNING - 错误码：10165，信息：invalid handle
2025-04-28 21:39:15,712 - INFO - 连接关闭
2025-04-28 21:39:16,720 - INFO - 尝试第1次重连...
2025-04-28 21:39:16,908 - INFO - Websocket connected
2025-04-28 21:39:16,909 - INFO - 连接建立
2025-04-28 21:39:18,724 - INFO - 重连成功
2025-04-28 21:39:18,762 - WARNING - 错误码：10165，信息：invalid handle
2025-04-28 21:39:19,261 - INFO - 连接关闭
2025-04-28 21:39:20,262 - INFO - 尝试第1次重连...
2025-04-28 21:39:20,426 - INFO - Websocket connected
2025-04-28 21:39:20,426 - INFO - 连接建立
2025-04-28 21:39:22,278 - INFO - 重连成功
2025-04-28 21:39:22,313 - WARNING - 错误码：10165，信息：invalid handle
2025-04-28 21:39:22,842 - INFO - 连接关闭
2025-04-28 21:39:23,852 - INFO - 尝试第1次重连...
2025-04-28 21:39:24,026 - INFO - Websocket connected
2025-04-28 21:39:24,026 - INFO - 连接建立
2025-04-28 21:39:25,857 - INFO - 重连成功
2025-04-28 21:39:25,893 - WARNING - 错误码：10165，信息：invalid handle
2025-04-28 21:39:26,393 - INFO - 连接关闭
2025-04-28 21:39:27,396 - INFO - 尝试第1次重连...
2025-04-28 21:39:27,576 - INFO - Websocket connected
2025-04-28 21:39:27,577 - INFO - 连接建立
2025-04-28 21:39:29,412 - INFO - 重连成功
2025-04-28 21:39:29,446 - WARNING - 错误码：10165，信息：invalid handle
2025-04-28 21:39:29,947 - INFO - 连接关闭
2025-04-28 21:39:30,951 - INFO - 尝试第1次重连...
2025-04-28 21:39:31,104 - INFO - Websocket connected
2025-04-28 21:39:31,105 - INFO - 连接建立
2025-04-28 21:39:32,968 - INFO - 重连成功
2025-04-28 21:39:33,003 - WARNING - 错误码：10165，信息：invalid handle
2025-04-28 21:39:33,502 - INFO - 连接关闭
2025-04-28 21:39:34,516 - INFO - 尝试第1次重连...
2025-04-28 21:39:34,665 - INFO - Websocket connected
2025-04-28 21:39:34,666 - INFO - 连接建立
2025-04-28 21:39:36,524 - INFO - 重连成功
2025-04-28 21:39:36,560 - WARNING - 错误码：10165，信息：invalid handle
2025-04-28 21:39:37,060 - INFO - 连接关闭
2025-04-28 21:39:38,068 - INFO - 尝试第1次重连...
2025-04-28 21:39:38,233 - INFO - Websocket connected
2025-04-28 21:39:38,234 - INFO - 连接建立
2025-04-28 21:39:40,073 - INFO - 重连成功
2025-04-28 21:39:40,114 - WARNING - 错误码：10165，信息：invalid handle
2025-04-28 21:39:40,613 - INFO - 连接关闭
2025-04-28 21:39:41,622 - INFO - 尝试第1次重连...
2025-04-28 21:39:41,798 - INFO - Websocket connected
2025-04-28 21:39:41,798 - INFO - 连接建立
2025-04-28 21:39:43,626 - INFO - 重连成功
2025-04-28 21:39:43,669 - WARNING - 错误码：10165，信息：invalid handle
2025-04-28 21:39:44,168 - INFO - 连接关闭
2025-04-28 21:39:45,175 - INFO - 尝试第1次重连...
2025-04-28 21:39:45,339 - INFO - Websocket connected
2025-04-28 21:39:45,342 - INFO - 连接建立
2025-04-28 21:39:47,188 - INFO - 重连成功
2025-04-28 21:39:47,227 - WARNING - 错误码：10165，信息：invalid handle
2025-04-28 21:39:47,754 - INFO - 连接关闭
2025-04-28 21:39:48,764 - INFO - 尝试第1次重连...
2025-04-28 21:39:48,936 - INFO - Websocket connected
2025-04-28 21:39:48,936 - INFO - 连接建立
2025-04-28 21:39:50,779 - INFO - 重连成功
2025-04-28 21:39:50,816 - WARNING - 错误码：10165，信息：invalid handle
2025-04-28 21:39:51,318 - INFO - 连接关闭
2025-04-28 21:39:52,325 - INFO - 尝试第1次重连...
2025-04-28 21:39:52,478 - INFO - Websocket connected
2025-04-28 21:39:52,478 - INFO - 连接建立
2025-04-28 21:39:54,330 - INFO - 重连成功
2025-04-28 21:39:54,365 - WARNING - 错误码：10165，信息：invalid handle
2025-04-28 21:39:54,866 - INFO - 连接关闭
2025-04-28 21:39:55,882 - INFO - 尝试第1次重连...
2025-04-28 21:39:56,059 - INFO - Websocket connected
2025-04-28 21:39:56,059 - INFO - 连接建立
2025-04-28 21:39:57,884 - INFO - 重连成功
2025-04-28 21:39:57,924 - WARNING - 错误码：10165，信息：invalid handle
2025-04-28 21:39:58,423 - INFO - 连接关闭
2025-04-28 21:39:59,427 - INFO - 尝试第1次重连...
2025-04-28 21:39:59,585 - INFO - Websocket connected
2025-04-28 21:39:59,586 - INFO - 连接建立
2025-04-28 21:40:01,441 - INFO - 重连成功
2025-04-28 21:40:01,472 - WARNING - 检测到连接丢失，尝试恢复...
2025-04-28 21:40:01,489 - WARNING - 错误码：10165，信息：invalid handle
2025-04-28 21:40:02,003 - INFO - 连接关闭
2025-04-28 21:40:02,487 - INFO - 尝试第1次重连...
2025-04-28 21:40:02,653 - INFO - Websocket connected
2025-04-28 21:40:02,654 - INFO - 连接建立
2025-04-28 21:40:03,004 - INFO - 尝试第1次重连...
2025-04-28 21:40:04,491 - INFO - 重连成功
2025-04-28 21:40:04,536 - INFO - 连接关闭
2025-04-28 21:40:05,195 - INFO - Websocket connected
2025-04-28 21:40:05,196 - INFO - 连接建立
2025-04-28 21:40:07,049 - INFO - 重连成功
2025-04-28 21:40:07,088 - WARNING - 错误码：10165，信息：invalid handle
2025-04-28 21:40:07,587 - INFO - 连接关闭
2025-04-28 21:40:08,594 - INFO - 尝试第1次重连...
2025-04-28 21:40:08,761 - INFO - Websocket connected
2025-04-28 21:40:08,761 - INFO - 连接建立
2025-04-28 21:40:10,608 - INFO - 重连成功
2025-04-28 21:40:10,647 - WARNING - 错误码：10165，信息：invalid handle
2025-04-28 21:40:11,146 - INFO - 连接关闭
2025-04-28 21:40:12,151 - INFO - 尝试第1次重连...
2025-04-28 21:40:12,327 - INFO - Websocket connected
2025-04-28 21:40:12,327 - INFO - 连接建立
2025-04-28 21:40:14,161 - INFO - 重连成功
2025-04-28 21:40:14,210 - WARNING - 错误码：10165，信息：invalid handle
2025-04-28 21:40:14,706 - INFO - 连接关闭
2025-04-28 21:40:15,714 - INFO - 尝试第1次重连...
2025-04-28 21:40:15,873 - INFO - Websocket connected
2025-04-28 21:40:15,873 - INFO - 连接建立
2025-04-28 21:40:17,725 - INFO - 重连成功
2025-04-28 21:40:17,761 - WARNING - 错误码：10165，信息：invalid handle
2025-04-28 21:40:18,262 - INFO - 连接关闭
2025-04-28 21:40:19,272 - INFO - 尝试第1次重连...
2025-04-28 21:40:19,446 - INFO - Websocket connected
2025-04-28 21:40:19,447 - INFO - 连接建立
2025-04-28 21:40:21,288 - INFO - 重连成功
2025-04-28 21:40:21,326 - WARNING - 错误码：10165，信息：invalid handle
2025-04-28 21:40:21,825 - INFO - 连接关闭
2025-04-28 21:40:22,841 - INFO - 尝试第1次重连...
2025-04-28 21:40:22,994 - INFO - Websocket connected
2025-04-28 21:40:22,995 - INFO - 连接建立
2025-04-28 21:40:24,849 - INFO - 重连成功
2025-04-28 21:40:24,885 - WARNING - 错误码：10165，信息：invalid handle
2025-04-28 21:40:25,385 - INFO - 连接关闭
2025-04-28 21:40:26,388 - INFO - 尝试第1次重连...
2025-04-28 21:40:26,568 - INFO - Websocket connected
2025-04-28 21:40:26,569 - INFO - 连接建立
2025-04-28 21:40:28,395 - INFO - 重连成功
2025-04-28 21:40:28,433 - WARNING - 错误码：10165，信息：invalid handle
2025-04-28 21:40:28,934 - INFO - 连接关闭
2025-04-28 21:40:29,938 - INFO - 尝试第1次重连...
2025-04-28 21:40:30,115 - INFO - Websocket connected
2025-04-28 21:40:30,116 - INFO - 连接建立
2025-04-28 21:40:31,943 - INFO - 重连成功
2025-04-28 21:40:31,985 - WARNING - 错误码：10165，信息：invalid handle
2025-04-28 21:40:32,484 - INFO - 连接关闭
2025-04-28 21:40:33,492 - INFO - 尝试第1次重连...
2025-04-28 21:40:33,661 - INFO - Websocket connected
2025-04-28 21:40:33,661 - INFO - 连接建立
2025-04-28 21:40:35,496 - INFO - 重连成功
2025-04-28 21:40:35,537 - WARNING - 错误码：10165，信息：invalid handle
2025-04-28 21:40:36,035 - INFO - 连接关闭
2025-04-28 21:40:37,038 - INFO - 尝试第1次重连...
2025-04-28 21:40:37,198 - INFO - Websocket connected
2025-04-28 21:40:37,198 - INFO - 连接建立
2025-04-28 21:40:39,043 - INFO - 重连成功
2025-04-28 21:40:39,079 - WARNING - 错误码：10165，信息：invalid handle
2025-04-28 21:40:39,583 - INFO - 连接关闭
2025-04-28 21:40:40,585 - INFO - 尝试第1次重连...
2025-04-28 21:40:40,748 - INFO - Websocket connected
2025-04-28 21:40:40,749 - INFO - 连接建立
2025-04-28 21:40:42,597 - INFO - 重连成功
2025-04-28 21:40:42,639 - WARNING - 错误码：10165，信息：invalid handle
2025-04-28 21:40:43,134 - INFO - 连接关闭
2025-04-28 21:40:44,136 - INFO - 尝试第1次重连...
2025-04-28 21:40:44,330 - INFO - Websocket connected
2025-04-28 21:40:44,330 - INFO - 连接建立
2025-04-28 21:40:46,153 - INFO - 重连成功
2025-04-28 21:40:46,193 - WARNING - 错误码：10165，信息：invalid handle
2025-04-28 21:40:46,693 - INFO - 连接关闭
2025-04-28 21:40:47,698 - INFO - 尝试第1次重连...
2025-04-28 21:40:47,871 - INFO - Websocket connected
2025-04-28 21:40:47,872 - INFO - 连接建立
2025-04-28 21:40:49,702 - INFO - 重连成功
2025-04-28 21:40:49,742 - WARNING - 错误码：10165，信息：invalid handle
2025-04-28 21:40:50,243 - INFO - 连接关闭
2025-04-28 21:40:51,244 - INFO - 尝试第1次重连...
2025-04-28 21:40:51,432 - INFO - Websocket connected
2025-04-28 21:40:51,433 - INFO - 连接建立
2025-04-28 21:40:53,249 - INFO - 重连成功
2025-04-28 21:40:53,294 - WARNING - 错误码：10165，信息：invalid handle
2025-04-28 21:40:53,793 - INFO - 连接关闭
2025-04-28 21:40:54,796 - INFO - 尝试第1次重连...
2025-04-28 21:40:54,948 - INFO - Websocket connected
2025-04-28 21:40:54,949 - INFO - 连接建立
2025-04-28 21:40:56,809 - INFO - 重连成功
2025-04-28 21:40:56,847 - WARNING - 错误码：10165，信息：invalid handle
2025-04-28 21:40:57,346 - INFO - 连接关闭
2025-04-28 21:40:58,359 - INFO - 尝试第1次重连...
2025-04-28 21:40:58,546 - INFO - Websocket connected
2025-04-28 21:40:58,548 - INFO - 连接建立
2025-04-28 21:41:00,375 - INFO - 重连成功
2025-04-28 21:41:00,419 - WARNING - 错误码：10165，信息：invalid handle
2025-04-28 21:41:00,917 - INFO - 连接关闭
2025-04-28 21:41:01,922 - INFO - 尝试第1次重连...
2025-04-28 21:41:02,130 - INFO - Websocket connected
2025-04-28 21:41:02,131 - INFO - 连接建立
2025-04-28 21:41:03,935 - INFO - 重连成功
2025-04-28 21:41:03,980 - WARNING - 错误码：10165，信息：invalid handle
2025-04-28 21:41:04,484 - INFO - 连接关闭
2025-04-28 21:41:05,495 - INFO - 尝试第1次重连...
2025-04-28 21:41:05,680 - INFO - Websocket connected
2025-04-28 21:41:05,680 - INFO - 连接建立
2025-04-28 21:41:07,504 - INFO - 重连成功
2025-04-28 21:41:07,551 - WARNING - 错误码：10165，信息：invalid handle
2025-04-28 21:41:08,052 - INFO - 连接关闭
2025-04-28 21:41:09,054 - INFO - 尝试第1次重连...
2025-04-28 21:41:09,224 - INFO - Websocket connected
2025-04-28 21:41:09,225 - INFO - 连接建立
2025-04-28 21:41:11,060 - INFO - 重连成功
2025-04-28 21:41:11,111 - WARNING - 错误码：10165，信息：invalid handle
2025-04-28 21:41:11,611 - INFO - 连接关闭
2025-04-28 21:41:12,619 - INFO - 尝试第1次重连...
2025-04-28 21:41:12,810 - INFO - Websocket connected
2025-04-28 21:41:12,810 - INFO - 连接建立
2025-04-28 21:41:14,632 - INFO - 重连成功
2025-04-28 21:41:14,673 - WARNING - 错误码：10165，信息：invalid handle
2025-04-28 21:41:15,173 - INFO - 连接关闭
2025-04-28 21:41:16,189 - INFO - 尝试第1次重连...
2025-04-28 21:41:16,344 - INFO - Websocket connected
2025-04-28 21:41:16,345 - INFO - 连接建立
2025-04-28 21:41:18,201 - INFO - 重连成功
2025-04-28 21:41:18,241 - WARNING - 错误码：10165，信息：invalid handle
2025-04-28 21:41:18,741 - INFO - 连接关闭
2025-04-28 21:41:19,752 - INFO - 尝试第1次重连...
2025-04-28 21:41:19,923 - INFO - Websocket connected
2025-04-28 21:41:19,924 - INFO - 连接建立
2025-04-28 21:41:21,756 - INFO - 重连成功
2025-04-28 21:41:21,796 - WARNING - 错误码：10165，信息：invalid handle
2025-04-28 21:41:22,296 - INFO - 连接关闭
2025-04-28 21:41:23,305 - INFO - 尝试第1次重连...
2025-04-28 21:41:23,460 - INFO - Websocket connected
2025-04-28 21:41:23,461 - INFO - 连接建立
2025-04-28 21:41:25,308 - INFO - 重连成功
2025-04-28 21:41:25,350 - WARNING - 错误码：10165，信息：invalid handle
2025-04-28 21:41:25,850 - INFO - 连接关闭
2025-04-28 21:41:26,856 - INFO - 尝试第1次重连...
2025-04-28 21:41:27,072 - INFO - Websocket connected
2025-04-28 21:41:27,072 - INFO - 连接建立
2025-04-28 21:41:28,873 - INFO - 重连成功
2025-04-28 21:41:28,921 - WARNING - 错误码：10165，信息：invalid handle
2025-04-28 21:41:29,420 - INFO - 连接关闭
2025-04-28 21:41:30,434 - INFO - 尝试第1次重连...
2025-04-28 21:41:30,604 - INFO - Websocket connected
2025-04-28 21:41:30,605 - INFO - 连接建立
2025-04-28 21:41:32,445 - INFO - 重连成功
2025-04-28 21:41:32,488 - WARNING - 错误码：10165，信息：invalid handle
2025-04-28 21:41:32,986 - INFO - 连接关闭
2025-04-28 21:41:33,990 - INFO - 尝试第1次重连...
2025-04-28 21:41:34,141 - INFO - Websocket connected
2025-04-28 21:41:34,142 - INFO - 连接建立
2025-04-28 21:41:35,994 - INFO - 重连成功
2025-04-28 21:41:36,034 - WARNING - 错误码：10165，信息：invalid handle
2025-04-28 21:41:36,531 - INFO - 连接关闭
2025-04-28 21:41:37,541 - INFO - 尝试第1次重连...
2025-04-28 21:41:37,708 - INFO - Websocket connected
2025-04-28 21:41:37,708 - INFO - 连接建立
2025-04-28 21:41:39,553 - INFO - 重连成功
2025-04-28 21:41:39,597 - WARNING - 错误码：10165，信息：invalid handle
2025-04-28 21:41:40,096 - INFO - 连接关闭
2025-04-28 21:41:41,105 - INFO - 尝试第1次重连...
2025-04-28 21:41:41,291 - INFO - Websocket connected
2025-04-28 21:41:41,291 - INFO - 连接建立
2025-04-28 21:41:43,109 - INFO - 重连成功
2025-04-28 21:41:43,156 - WARNING - 错误码：10165，信息：invalid handle
2025-04-28 21:41:43,655 - INFO - 连接关闭
2025-04-28 21:41:44,661 - INFO - 尝试第1次重连...
2025-04-28 21:41:44,821 - INFO - Websocket connected
2025-04-28 21:41:44,822 - INFO - 连接建立
2025-04-28 21:41:46,666 - INFO - 重连成功
2025-04-28 21:41:46,712 - WARNING - 错误码：10165，信息：invalid handle
2025-04-28 21:41:47,212 - INFO - 连接关闭
2025-04-28 21:41:48,220 - INFO - 尝试第1次重连...
2025-04-28 21:41:48,385 - INFO - Websocket connected
2025-04-28 21:41:48,386 - INFO - 连接建立
2025-04-28 21:41:50,230 - INFO - 重连成功
2025-04-28 21:41:50,274 - WARNING - 错误码：10165，信息：invalid handle
2025-04-28 21:41:50,776 - INFO - 连接关闭
2025-04-28 21:41:51,788 - INFO - 尝试第1次重连...
2025-04-28 21:41:51,960 - INFO - Websocket connected
2025-04-28 21:41:51,960 - INFO - 连接建立
2025-04-28 21:41:53,793 - INFO - 重连成功
2025-04-28 21:41:53,836 - WARNING - 错误码：10165，信息：invalid handle
2025-04-28 21:41:54,333 - INFO - 连接关闭
2025-04-28 21:41:55,344 - INFO - 尝试第1次重连...
2025-04-28 21:41:55,513 - INFO - Websocket connected
2025-04-28 21:41:55,514 - INFO - 连接建立
2025-04-28 21:41:57,361 - INFO - 重连成功
2025-04-28 21:41:57,401 - WARNING - 错误码：10165，信息：invalid handle
2025-04-28 21:41:57,901 - INFO - 连接关闭
2025-04-28 21:41:58,903 - INFO - 尝试第1次重连...
2025-04-28 21:41:59,086 - INFO - Websocket connected
2025-04-28 21:41:59,087 - INFO - 连接建立
2025-04-28 21:42:00,911 - INFO - 重连成功
2025-04-28 21:42:00,954 - WARNING - 错误码：10165，信息：invalid handle
2025-04-28 21:42:01,452 - INFO - 连接关闭
2025-04-28 21:42:02,467 - INFO - 尝试第1次重连...
2025-04-28 21:42:02,644 - INFO - Websocket connected
2025-04-28 21:42:02,646 - INFO - 连接建立
2025-04-28 21:42:04,476 - INFO - 重连成功
2025-04-28 21:42:04,521 - WARNING - 错误码：10165，信息：invalid handle
2025-04-28 21:42:05,018 - INFO - 连接关闭
2025-04-28 21:42:06,026 - INFO - 尝试第1次重连...
2025-04-28 21:42:06,192 - INFO - Websocket connected
2025-04-28 21:42:06,193 - INFO - 连接建立
2025-04-28 21:42:08,036 - INFO - 重连成功
2025-04-28 21:42:08,079 - WARNING - 错误码：10165，信息：invalid handle
2025-04-28 21:42:08,578 - INFO - 连接关闭
2025-04-28 21:42:09,582 - INFO - 尝试第1次重连...
2025-04-28 21:42:09,754 - INFO - Websocket connected
2025-04-28 21:42:09,754 - INFO - 连接建立
2025-04-28 21:42:11,585 - INFO - 重连成功
2025-04-28 21:42:11,627 - WARNING - 错误码：10165，信息：invalid handle
2025-04-28 21:42:12,125 - INFO - 连接关闭
2025-04-28 21:42:13,140 - INFO - 尝试第1次重连...
2025-04-28 21:42:13,309 - INFO - Websocket connected
2025-04-28 21:42:13,310 - INFO - 连接建立
2025-04-28 21:42:15,155 - INFO - 重连成功
2025-04-28 21:42:15,198 - WARNING - 错误码：10165，信息：invalid handle
2025-04-28 21:42:15,697 - INFO - 连接关闭
2025-04-28 21:42:16,700 - INFO - 尝试第1次重连...
2025-04-28 21:42:16,867 - INFO - Websocket connected
2025-04-28 21:42:16,867 - INFO - 连接建立
2025-04-28 21:42:18,708 - INFO - 重连成功
2025-04-28 21:42:18,754 - WARNING - 错误码：10165，信息：invalid handle
2025-04-28 21:42:19,256 - INFO - 连接关闭
2025-04-28 21:42:20,263 - INFO - 尝试第1次重连...
2025-04-28 21:42:20,418 - INFO - Websocket connected
2025-04-28 21:42:20,419 - INFO - 连接建立
2025-04-28 21:42:22,271 - INFO - 重连成功
2025-04-28 21:42:22,311 - WARNING - 错误码：10165，信息：invalid handle
2025-04-28 21:42:22,809 - INFO - 连接关闭
2025-04-28 21:42:23,818 - INFO - 尝试第1次重连...
2025-04-28 21:42:24,025 - INFO - Websocket connected
2025-04-28 21:42:24,025 - INFO - 连接建立
2025-04-28 21:42:25,823 - INFO - 重连成功
2025-04-28 21:42:25,869 - WARNING - 错误码：10165，信息：invalid handle
2025-04-28 21:42:26,367 - INFO - 连接关闭
2025-04-28 21:42:27,379 - INFO - 尝试第1次重连...
2025-04-28 21:42:27,558 - INFO - Websocket connected
2025-04-28 21:42:27,559 - INFO - 连接建立
2025-04-28 21:42:29,382 - INFO - 重连成功
2025-04-28 21:42:29,425 - WARNING - 错误码：10165，信息：invalid handle
2025-04-28 21:42:29,926 - INFO - 连接关闭
2025-04-28 21:42:30,930 - INFO - 尝试第1次重连...
2025-04-28 21:42:31,105 - INFO - Websocket connected
2025-04-28 21:42:31,106 - INFO - 连接建立
2025-04-28 21:42:32,941 - INFO - 重连成功
2025-04-28 21:42:32,986 - WARNING - 错误码：10165，信息：invalid handle
2025-04-28 21:42:33,486 - INFO - 连接关闭
2025-04-28 21:42:34,488 - INFO - 尝试第1次重连...
2025-04-28 21:42:34,643 - INFO - Websocket connected
2025-04-28 21:42:34,643 - INFO - 连接建立
2025-04-28 21:42:36,495 - INFO - 重连成功
2025-04-28 21:42:36,534 - WARNING - 错误码：10165，信息：invalid handle
2025-04-28 21:42:37,038 - INFO - 连接关闭
2025-04-28 21:42:38,042 - INFO - 尝试第1次重连...
2025-04-28 21:42:38,204 - INFO - Websocket connected
2025-04-28 21:42:38,204 - INFO - 连接建立
2025-04-28 21:42:40,045 - INFO - 重连成功
2025-04-28 21:42:40,087 - WARNING - 错误码：10165，信息：invalid handle
2025-04-28 21:42:40,586 - INFO - 连接关闭
2025-04-28 21:42:41,600 - INFO - 尝试第1次重连...
2025-04-28 21:42:41,756 - INFO - Websocket connected
2025-04-28 21:42:41,756 - INFO - 连接建立
2025-04-28 21:42:43,603 - INFO - 重连成功
2025-04-28 21:42:43,645 - WARNING - 错误码：10165，信息：invalid handle
2025-04-28 21:42:44,149 - INFO - 连接关闭
2025-04-28 21:42:45,151 - INFO - 尝试第1次重连...
2025-04-28 21:42:45,304 - INFO - Websocket connected
2025-04-28 21:42:45,305 - INFO - 连接建立
2025-04-28 21:42:47,158 - INFO - 重连成功
2025-04-28 21:42:47,192 - WARNING - 错误码：10165，信息：invalid handle
2025-04-28 21:42:47,692 - INFO - 连接关闭
2025-04-28 21:42:48,708 - INFO - 尝试第1次重连...
2025-04-28 21:42:48,881 - INFO - Websocket connected
2025-04-28 21:42:48,882 - INFO - 连接建立
2025-04-28 21:42:50,712 - INFO - 重连成功
2025-04-28 21:42:50,750 - WARNING - 错误码：10165，信息：invalid handle
2025-04-28 21:42:51,251 - INFO - 连接关闭
2025-04-28 21:42:52,265 - INFO - 尝试第1次重连...
2025-04-28 21:42:52,422 - INFO - Websocket connected
2025-04-28 21:42:52,423 - INFO - 连接建立
2025-04-28 21:42:54,278 - INFO - 重连成功
2025-04-28 21:42:54,318 - WARNING - 错误码：10165，信息：invalid handle
2025-04-28 21:42:54,818 - INFO - 连接关闭
2025-04-28 21:42:55,820 - INFO - 尝试第1次重连...
2025-04-28 21:42:55,963 - INFO - Websocket connected
2025-04-28 21:42:55,963 - INFO - 连接建立
2025-04-28 21:42:57,827 - INFO - 重连成功
2025-04-28 21:42:57,865 - WARNING - 错误码：10165，信息：invalid handle
2025-04-28 21:42:58,363 - INFO - 连接关闭
2025-04-28 21:42:59,372 - INFO - 尝试第1次重连...
2025-04-28 21:42:59,549 - INFO - Websocket connected
2025-04-28 21:42:59,550 - INFO - 连接建立
2025-04-28 21:43:01,383 - INFO - 重连成功
2025-04-28 21:43:01,422 - WARNING - 错误码：10165，信息：invalid handle
2025-04-28 21:43:01,922 - INFO - 连接关闭
2025-04-28 21:43:02,934 - INFO - 尝试第1次重连...
2025-04-28 21:43:03,078 - INFO - Websocket connected
2025-04-28 21:43:03,080 - INFO - 连接建立
2025-04-28 21:43:04,938 - INFO - 重连成功
2025-04-28 21:43:04,982 - WARNING - 错误码：10165，信息：invalid handle
2025-04-28 21:43:05,474 - INFO - 连接关闭
2025-04-28 21:43:06,487 - INFO - 尝试第1次重连...
2025-04-28 21:43:06,654 - INFO - Websocket connected
2025-04-28 21:43:06,655 - INFO - 连接建立
2025-04-28 21:43:08,492 - INFO - 重连成功
2025-04-28 21:43:08,530 - WARNING - 错误码：10165，信息：invalid handle
2025-04-28 21:43:09,032 - INFO - 连接关闭
2025-04-28 21:43:10,034 - INFO - 尝试第1次重连...
2025-04-28 21:43:10,182 - INFO - Websocket connected
2025-04-28 21:43:10,182 - INFO - 连接建立
2025-04-28 21:43:12,041 - INFO - 重连成功
2025-04-28 21:43:12,084 - WARNING - 错误码：10165，信息：invalid handle
2025-04-28 21:43:12,584 - INFO - 连接关闭
2025-04-28 21:43:13,593 - INFO - 尝试第1次重连...
2025-04-28 21:43:13,740 - INFO - Websocket connected
2025-04-28 21:43:13,741 - INFO - 连接建立
2025-04-28 21:43:15,600 - INFO - 重连成功
2025-04-28 21:43:15,635 - WARNING - 错误码：10165，信息：invalid handle
2025-04-28 21:43:16,138 - INFO - 连接关闭
2025-04-28 21:43:17,142 - INFO - 尝试第1次重连...
2025-04-28 21:43:17,290 - INFO - Websocket connected
2025-04-28 21:43:17,290 - INFO - 连接建立
2025-04-28 21:43:19,151 - INFO - 重连成功
2025-04-28 21:43:19,188 - WARNING - 错误码：10165，信息：invalid handle
2025-04-28 21:43:19,688 - INFO - 连接关闭
2025-04-28 21:43:20,692 - INFO - 尝试第1次重连...
2025-04-28 21:43:20,847 - INFO - Websocket connected
2025-04-28 21:43:20,847 - INFO - 连接建立
2025-04-28 21:43:22,705 - INFO - 重连成功
2025-04-28 21:43:22,744 - WARNING - 错误码：10165，信息：invalid handle
2025-04-28 21:43:23,244 - INFO - 连接关闭
2025-04-28 21:43:24,249 - INFO - 尝试第1次重连...
2025-04-28 21:43:24,401 - INFO - Websocket connected
2025-04-28 21:43:24,402 - INFO - 连接建立
2025-04-28 21:43:26,264 - INFO - 重连成功
2025-04-28 21:43:26,302 - WARNING - 错误码：10165，信息：invalid handle
2025-04-28 21:43:26,799 - INFO - 连接关闭
2025-04-28 21:43:27,808 - INFO - 尝试第1次重连...
2025-04-28 21:43:27,963 - INFO - Websocket connected
2025-04-28 21:43:27,963 - INFO - 连接建立
2025-04-28 21:43:29,821 - INFO - 重连成功
2025-04-28 21:43:29,836 - WARNING - 检测到连接丢失，尝试恢复...
2025-04-28 21:43:29,856 - WARNING - 错误码：10165，信息：invalid handle
2025-04-28 21:43:30,358 - INFO - 连接关闭
2025-04-28 21:43:30,842 - INFO - 尝试第1次重连...
2025-04-28 21:43:31,005 - INFO - Websocket connected
2025-04-28 21:43:31,006 - INFO - 连接建立
2025-04-28 21:43:31,372 - INFO - 尝试第1次重连...
2025-04-28 21:43:32,848 - INFO - 重连成功
2025-04-28 21:43:32,884 - INFO - 连接关闭
2025-04-28 21:43:33,559 - INFO - Websocket connected
2025-04-28 21:43:33,560 - INFO - 连接建立
2025-04-28 21:43:35,402 - INFO - 重连成功
2025-04-28 21:43:35,444 - WARNING - 错误码：10165，信息：invalid handle
2025-04-28 21:43:35,944 - INFO - 连接关闭
2025-04-28 21:43:36,960 - INFO - 尝试第1次重连...
2025-04-28 21:43:37,149 - INFO - Websocket connected
2025-04-28 21:43:37,149 - INFO - 连接建立
2025-04-28 21:43:38,975 - INFO - 重连成功
2025-04-28 21:43:39,020 - WARNING - 错误码：10165，信息：invalid handle
2025-04-28 21:43:39,520 - INFO - 连接关闭
2025-04-28 21:43:40,535 - INFO - 尝试第1次重连...
2025-04-28 21:43:40,695 - INFO - Websocket connected
2025-04-28 21:43:40,695 - INFO - 连接建立
2025-04-28 21:43:42,546 - INFO - 重连成功
2025-04-28 21:43:42,584 - WARNING - 错误码：10165，信息：invalid handle
2025-04-28 21:43:43,083 - INFO - 连接关闭
2025-04-28 21:43:44,096 - INFO - 尝试第1次重连...
2025-04-28 21:43:44,248 - INFO - Websocket connected
2025-04-28 21:43:44,248 - INFO - 连接建立
2025-04-28 21:43:46,105 - INFO - 重连成功
2025-04-28 21:43:46,141 - WARNING - 错误码：10165，信息：invalid handle
2025-04-28 21:43:46,640 - INFO - 连接关闭
2025-04-28 21:43:47,648 - INFO - 尝试第1次重连...
2025-04-28 21:43:47,808 - INFO - Websocket connected
2025-04-28 21:43:47,808 - INFO - 连接建立
2025-04-28 21:43:49,655 - INFO - 重连成功
2025-04-28 21:43:49,696 - WARNING - 错误码：10165，信息：invalid handle
2025-04-28 21:43:50,193 - INFO - 连接关闭
2025-04-28 21:43:51,202 - INFO - 尝试第1次重连...
2025-04-28 21:43:51,378 - INFO - Websocket connected
2025-04-28 21:43:51,379 - INFO - 连接建立
2025-04-28 21:43:53,218 - INFO - 重连成功
2025-04-28 21:43:53,261 - WARNING - 错误码：10165，信息：invalid handle
2025-04-28 21:43:53,759 - INFO - 连接关闭
2025-04-28 21:43:54,764 - INFO - 尝试第1次重连...
2025-04-28 21:43:54,941 - INFO - Websocket connected
2025-04-28 21:43:54,941 - INFO - 连接建立
2025-04-28 21:43:56,780 - INFO - 重连成功
2025-04-28 21:43:56,821 - WARNING - 错误码：10165，信息：invalid handle
2025-04-28 21:43:57,322 - INFO - 连接关闭
2025-04-28 21:43:58,325 - INFO - 尝试第1次重连...
2025-04-28 21:43:58,501 - INFO - Websocket connected
2025-04-28 21:43:58,502 - INFO - 连接建立
2025-04-28 21:44:00,341 - INFO - 重连成功
2025-04-28 21:44:00,384 - WARNING - 错误码：10165，信息：invalid handle
2025-04-28 21:44:00,885 - INFO - 连接关闭
2025-04-28 21:44:01,900 - INFO - 尝试第1次重连...
2025-04-28 21:44:02,101 - INFO - Websocket connected
2025-04-28 21:44:02,101 - INFO - 连接建立
2025-04-28 21:44:03,915 - INFO - 重连成功
2025-04-28 21:44:03,960 - WARNING - 错误码：10165，信息：invalid handle
2025-04-28 21:44:04,460 - INFO - 连接关闭
2025-04-28 21:44:05,474 - INFO - 尝试第1次重连...
2025-04-28 21:44:05,636 - INFO - Websocket connected
2025-04-28 21:44:05,637 - INFO - 连接建立
2025-04-28 21:44:07,482 - INFO - 重连成功
2025-04-28 21:44:07,522 - WARNING - 错误码：10165，信息：invalid handle
2025-04-28 21:44:08,022 - INFO - 连接关闭
2025-04-28 21:44:09,036 - INFO - 尝试第1次重连...
2025-04-28 21:44:09,215 - INFO - Websocket connected
2025-04-28 21:44:09,216 - INFO - 连接建立
2025-04-28 21:44:11,044 - INFO - 重连成功
2025-04-28 21:44:11,086 - WARNING - 错误码：10165，信息：invalid handle
2025-04-28 21:44:11,590 - INFO - 连接关闭
2025-04-28 21:44:12,596 - INFO - 尝试第1次重连...
2025-04-28 21:44:12,771 - INFO - Websocket connected
2025-04-28 21:44:12,771 - INFO - 连接建立
2025-04-28 21:44:14,613 - INFO - 重连成功
2025-04-28 21:44:14,651 - WARNING - 错误码：10165，信息：invalid handle
2025-04-28 21:44:15,151 - INFO - 连接关闭
2025-04-28 21:44:16,155 - INFO - 尝试第1次重连...
2025-04-28 21:44:16,311 - INFO - Websocket connected
2025-04-28 21:44:16,312 - INFO - 连接建立
2025-04-28 21:44:18,159 - INFO - 重连成功
2025-04-28 21:44:18,196 - WARNING - 错误码：10165，信息：invalid handle
2025-04-28 21:44:18,696 - INFO - 连接关闭
2025-04-28 21:44:19,703 - INFO - 尝试第1次重连...
2025-04-28 21:44:19,883 - INFO - Websocket connected
2025-04-28 21:44:19,883 - INFO - 连接建立
2025-04-28 21:44:21,705 - INFO - 重连成功
2025-04-28 21:44:21,750 - WARNING - 错误码：10165，信息：invalid handle
2025-04-28 21:44:22,249 - INFO - 连接关闭
2025-04-28 21:44:23,265 - INFO - 尝试第1次重连...
2025-04-28 21:44:23,441 - INFO - Websocket connected
2025-04-28 21:44:23,441 - INFO - 连接建立
2025-04-28 21:44:25,278 - INFO - 重连成功
2025-04-28 21:44:25,321 - WARNING - 错误码：10165，信息：invalid handle
2025-04-28 21:44:25,825 - INFO - 连接关闭
2025-04-28 21:44:26,834 - INFO - 尝试第1次重连...
2025-04-28 21:44:27,020 - INFO - Websocket connected
2025-04-28 21:44:27,021 - INFO - 连接建立
2025-04-28 21:44:28,838 - INFO - 重连成功
2025-04-28 21:44:28,881 - WARNING - 错误码：10165，信息：invalid handle
2025-04-28 21:44:29,381 - INFO - 连接关闭
2025-04-28 21:44:30,382 - INFO - 尝试第1次重连...
2025-04-28 21:44:30,561 - INFO - Websocket connected
2025-04-28 21:44:30,562 - INFO - 连接建立
2025-04-28 21:44:32,390 - INFO - 重连成功
2025-04-28 21:44:32,435 - WARNING - 错误码：10165，信息：invalid handle
2025-04-28 21:44:32,934 - INFO - 连接关闭
2025-04-28 21:44:33,944 - INFO - 尝试第1次重连...
2025-04-28 21:44:34,103 - INFO - Websocket connected
2025-04-28 21:44:34,104 - INFO - 连接建立
2025-04-28 21:44:35,956 - INFO - 重连成功
2025-04-28 21:44:35,998 - WARNING - 错误码：10165，信息：invalid handle
2025-04-28 21:44:36,505 - INFO - 连接关闭
2025-04-28 21:44:37,517 - INFO - 尝试第1次重连...
2025-04-28 21:44:37,686 - INFO - Websocket connected
2025-04-28 21:44:37,688 - INFO - 连接建立
2025-04-28 21:44:39,531 - INFO - 重连成功
2025-04-28 21:44:39,574 - WARNING - 错误码：10165，信息：invalid handle
2025-04-28 21:44:40,076 - INFO - 连接关闭
2025-04-28 21:44:41,080 - INFO - 尝试第1次重连...
2025-04-28 21:44:41,256 - INFO - Websocket connected
2025-04-28 21:44:41,256 - INFO - 连接建立
2025-04-28 21:44:43,088 - INFO - 重连成功
2025-04-28 21:44:43,133 - WARNING - 错误码：10165，信息：invalid handle
2025-04-28 21:44:43,641 - INFO - 连接关闭
2025-04-28 21:44:44,648 - INFO - 尝试第1次重连...
2025-04-28 21:44:44,811 - INFO - Websocket connected
2025-04-28 21:44:44,812 - INFO - 连接建立
2025-04-28 21:44:46,659 - INFO - 重连成功
2025-04-28 21:44:46,705 - WARNING - 错误码：10165，信息：invalid handle
2025-04-28 21:44:47,204 - INFO - 连接关闭
2025-04-28 21:44:48,218 - INFO - 尝试第1次重连...
2025-04-28 21:44:48,393 - INFO - Websocket connected
2025-04-28 21:44:48,395 - INFO - 连接建立
2025-04-28 21:44:50,220 - INFO - 重连成功
2025-04-28 21:44:50,259 - WARNING - 错误码：10165，信息：invalid handle
2025-04-28 21:44:50,761 - INFO - 连接关闭
2025-04-28 21:44:51,766 - INFO - 尝试第1次重连...
2025-04-28 21:44:51,940 - INFO - Websocket connected
2025-04-28 21:44:51,941 - INFO - 连接建立
2025-04-28 21:44:53,774 - INFO - 重连成功
2025-04-28 21:44:53,814 - WARNING - 错误码：10165，信息：invalid handle
2025-04-28 21:44:54,314 - INFO - 连接关闭
2025-04-28 21:44:55,321 - INFO - 尝试第1次重连...
2025-04-28 21:44:55,479 - INFO - Websocket connected
2025-04-28 21:44:55,480 - INFO - 连接建立
2025-04-28 21:44:57,335 - INFO - 重连成功
2025-04-28 21:44:57,374 - WARNING - 错误码：10165，信息：invalid handle
2025-04-28 21:44:57,874 - INFO - 连接关闭
2025-04-28 21:44:58,887 - INFO - 尝试第1次重连...
2025-04-28 21:44:59,040 - INFO - Websocket connected
2025-04-28 21:44:59,040 - INFO - 连接建立
2025-04-28 21:45:00,894 - INFO - 重连成功
2025-04-28 21:45:00,930 - WARNING - 错误码：10165，信息：invalid handle
2025-04-28 21:45:01,437 - INFO - 连接关闭
2025-04-28 21:45:02,453 - INFO - 尝试第1次重连...
2025-04-28 21:45:02,609 - INFO - Websocket connected
2025-04-28 21:45:02,610 - INFO - 连接建立
2025-04-28 21:45:04,463 - INFO - 重连成功
2025-04-28 21:45:04,500 - WARNING - 错误码：10165，信息：invalid handle
2025-04-28 21:45:05,002 - INFO - 连接关闭
2025-04-28 21:45:06,008 - INFO - 尝试第1次重连...
2025-04-28 21:45:06,170 - INFO - Websocket connected
2025-04-28 21:45:06,171 - INFO - 连接建立
2025-04-28 21:45:08,023 - INFO - 重连成功
2025-04-28 21:45:08,062 - WARNING - 错误码：10165，信息：invalid handle
2025-04-28 21:45:08,563 - INFO - 连接关闭
2025-04-28 21:45:09,573 - INFO - 尝试第1次重连...
2025-04-28 21:45:09,743 - INFO - Websocket connected
2025-04-28 21:45:09,744 - INFO - 连接建立
2025-04-28 21:45:11,586 - INFO - 重连成功
2025-04-28 21:45:11,623 - WARNING - 错误码：10165，信息：invalid handle
2025-04-28 21:45:12,124 - INFO - 连接关闭
2025-04-28 21:45:13,133 - INFO - 尝试第1次重连...
2025-04-28 21:45:13,293 - INFO - Websocket connected
2025-04-28 21:45:13,294 - INFO - 连接建立
2025-04-28 21:45:15,146 - INFO - 重连成功
2025-04-28 21:45:15,183 - WARNING - 错误码：10165，信息：invalid handle
2025-04-28 21:45:15,682 - INFO - 连接关闭
2025-04-28 21:45:16,693 - INFO - 尝试第1次重连...
2025-04-28 21:45:16,847 - INFO - Websocket connected
2025-04-28 21:45:16,848 - INFO - 连接建立
2025-04-28 21:45:18,704 - INFO - 重连成功
2025-04-28 21:45:18,744 - WARNING - 错误码：10165，信息：invalid handle
2025-04-28 21:45:19,242 - INFO - 连接关闭
2025-04-28 21:45:20,249 - INFO - 尝试第1次重连...
2025-04-28 21:45:20,402 - INFO - Websocket connected
2025-04-28 21:45:20,402 - INFO - 连接建立
2025-04-28 21:45:22,257 - INFO - 重连成功
2025-04-28 21:45:22,292 - WARNING - 错误码：10165，信息：invalid handle
2025-04-28 21:45:22,796 - INFO - 连接关闭
2025-04-28 21:45:23,804 - INFO - 尝试第1次重连...
2025-04-28 21:45:23,956 - INFO - Websocket connected
2025-04-28 21:45:23,956 - INFO - 连接建立
2025-04-28 21:45:25,808 - INFO - 重连成功
2025-04-28 21:45:25,844 - WARNING - 错误码：10165，信息：invalid handle
2025-04-28 21:45:26,346 - INFO - 连接关闭
2025-04-28 21:45:27,348 - INFO - 尝试第1次重连...
2025-04-28 21:45:27,526 - INFO - Websocket connected
2025-04-28 21:45:27,526 - INFO - 连接建立
2025-04-28 21:45:29,357 - INFO - 重连成功
2025-04-28 21:45:29,400 - WARNING - 错误码：10165，信息：invalid handle
2025-04-28 21:45:29,898 - INFO - 连接关闭
2025-04-28 21:45:30,912 - INFO - 尝试第1次重连...
2025-04-28 21:45:31,066 - INFO - Websocket connected
2025-04-28 21:45:31,067 - INFO - 连接建立
2025-04-28 21:45:32,929 - INFO - 重连成功
2025-04-28 21:45:32,969 - WARNING - 错误码：10165，信息：invalid handle
2025-04-28 21:45:33,495 - INFO - 连接关闭
2025-04-28 21:45:34,505 - INFO - 尝试第1次重连...
2025-04-28 21:45:34,794 - INFO - Websocket connected
2025-04-28 21:45:34,795 - INFO - 连接建立
2025-04-28 21:45:36,508 - INFO - 重连成功
2025-04-28 21:45:36,562 - WARNING - 错误码：10165，信息：invalid handle
2025-04-28 21:45:37,063 - INFO - 连接关闭
2025-04-28 21:45:38,075 - INFO - 尝试第1次重连...
2025-04-28 21:45:38,250 - INFO - Websocket connected
2025-04-28 21:45:38,250 - INFO - 连接建立
2025-04-28 21:45:40,091 - INFO - 重连成功
2025-04-28 21:45:40,131 - WARNING - 错误码：10165，信息：invalid handle
2025-04-28 21:45:40,630 - INFO - 连接关闭
2025-04-28 21:45:41,633 - INFO - 尝试第1次重连...
2025-04-28 21:45:41,784 - INFO - Websocket connected
2025-04-28 21:45:41,786 - INFO - 连接建立
2025-04-28 21:45:43,646 - INFO - 重连成功
2025-04-28 21:45:43,685 - WARNING - 错误码：10165，信息：invalid handle
2025-04-28 21:45:44,191 - INFO - 连接关闭
2025-04-28 21:45:45,198 - INFO - 尝试第1次重连...
2025-04-28 21:45:45,362 - INFO - Websocket connected
2025-04-28 21:45:45,363 - INFO - 连接建立
2025-04-28 21:45:47,208 - INFO - 重连成功
2025-04-28 21:45:47,253 - WARNING - 错误码：10165，信息：invalid handle
2025-04-28 21:45:47,749 - INFO - 连接关闭
2025-04-28 21:45:48,765 - INFO - 尝试第1次重连...
2025-04-28 21:45:48,928 - INFO - Websocket connected
2025-04-28 21:45:48,929 - INFO - 连接建立
2025-04-28 21:45:50,778 - INFO - 重连成功
2025-04-28 21:45:50,815 - WARNING - 错误码：10165，信息：invalid handle
2025-04-28 21:45:51,321 - INFO - 连接关闭
2025-04-28 21:45:52,335 - INFO - 尝试第1次重连...
2025-04-28 21:45:52,494 - INFO - Websocket connected
2025-04-28 21:45:52,494 - INFO - 连接建立
2025-04-28 21:45:54,342 - INFO - 重连成功
2025-04-28 21:45:54,382 - WARNING - 错误码：10165，信息：invalid handle
2025-04-28 21:45:54,883 - INFO - 连接关闭
2025-04-28 21:45:55,884 - INFO - 尝试第1次重连...
2025-04-28 21:45:56,055 - INFO - Websocket connected
2025-04-28 21:45:56,055 - INFO - 连接建立
2025-04-28 21:45:57,896 - INFO - 重连成功
2025-04-28 21:45:57,938 - WARNING - 错误码：10165，信息：invalid handle
2025-04-28 21:45:58,438 - INFO - 连接关闭
2025-04-28 21:45:59,452 - INFO - 尝试第1次重连...
2025-04-28 21:45:59,595 - INFO - Websocket connected
2025-04-28 21:45:59,596 - INFO - 连接建立
2025-04-28 21:46:01,457 - INFO - 重连成功
2025-04-28 21:46:01,490 - WARNING - 错误码：10165，信息：invalid handle
2025-04-28 21:46:01,994 - INFO - 连接关闭
2025-04-28 21:46:02,999 - INFO - 尝试第1次重连...
2025-04-28 21:46:03,180 - INFO - Websocket connected
2025-04-28 21:46:03,180 - INFO - 连接建立
2025-04-28 21:46:05,012 - INFO - 重连成功
2025-04-28 21:46:05,062 - WARNING - 错误码：10165，信息：invalid handle
2025-04-28 21:46:05,562 - INFO - 连接关闭
2025-04-28 21:46:06,568 - INFO - 尝试第1次重连...
2025-04-28 21:46:06,751 - INFO - Websocket connected
2025-04-28 21:46:06,752 - INFO - 连接建立
2025-04-28 21:46:08,574 - INFO - 重连成功
2025-04-28 21:46:08,613 - WARNING - 错误码：10165，信息：invalid handle
2025-04-28 21:46:09,114 - INFO - 连接关闭
2025-04-28 21:46:10,124 - INFO - 尝试第1次重连...
2025-04-28 21:46:10,310 - INFO - Websocket connected
2025-04-28 21:46:10,311 - INFO - 连接建立
2025-04-28 21:46:12,133 - INFO - 重连成功
2025-04-28 21:46:12,173 - WARNING - 错误码：10165，信息：invalid handle
2025-04-28 21:46:12,682 - INFO - 连接关闭
2025-04-28 21:46:13,684 - INFO - 尝试第1次重连...
2025-04-28 21:46:13,864 - INFO - Websocket connected
2025-04-28 21:46:13,864 - INFO - 连接建立
2025-04-28 21:46:15,688 - INFO - 重连成功
2025-04-28 21:46:15,727 - WARNING - 错误码：10165，信息：invalid handle
2025-04-28 21:46:16,229 - INFO - 连接关闭
2025-04-28 21:46:17,242 - INFO - 尝试第1次重连...
2025-04-28 21:46:17,395 - INFO - Websocket connected
2025-04-28 21:46:17,395 - INFO - 连接建立
2025-04-28 21:46:19,256 - INFO - 重连成功
2025-04-28 21:46:19,289 - WARNING - 错误码：10165，信息：invalid handle
2025-04-28 21:46:19,791 - INFO - 连接关闭
2025-04-28 21:46:20,798 - INFO - 尝试第1次重连...
2025-04-28 21:46:20,945 - INFO - Websocket connected
2025-04-28 21:46:20,945 - INFO - 连接建立
2025-04-28 21:46:22,800 - INFO - 重连成功
2025-04-28 21:46:22,836 - WARNING - 错误码：10165，信息：invalid handle
2025-04-28 21:46:23,336 - INFO - 连接关闭
2025-04-28 21:46:24,348 - INFO - 尝试第1次重连...
2025-04-28 21:46:24,503 - INFO - Websocket connected
2025-04-28 21:46:24,504 - INFO - 连接建立
2025-04-28 21:46:26,350 - INFO - 重连成功
2025-04-28 21:46:26,389 - WARNING - 错误码：10165，信息：invalid handle
2025-04-28 21:46:26,889 - INFO - 连接关闭
2025-04-28 21:46:27,899 - INFO - 尝试第1次重连...
2025-04-28 21:46:28,051 - INFO - Websocket connected
2025-04-28 21:46:28,051 - INFO - 连接建立
2025-04-28 21:46:29,910 - INFO - 重连成功
2025-04-28 21:46:29,948 - WARNING - 错误码：10165，信息：invalid handle
2025-04-28 21:46:30,446 - INFO - 连接关闭
2025-04-28 21:46:31,459 - INFO - 尝试第1次重连...
2025-04-28 21:46:31,615 - INFO - Websocket connected
2025-04-28 21:46:31,616 - INFO - 连接建立
2025-04-28 21:46:33,463 - INFO - 重连成功
2025-04-28 21:46:33,504 - WARNING - 错误码：10165，信息：invalid handle
2025-04-28 21:46:34,003 - INFO - 连接关闭
2025-04-28 21:46:35,003 - INFO - 尝试第1次重连...
2025-04-28 21:46:35,178 - INFO - Websocket connected
2025-04-28 21:46:35,179 - INFO - 连接建立
2025-04-28 21:46:37,008 - INFO - 重连成功
2025-04-28 21:46:37,048 - WARNING - 错误码：10165，信息：invalid handle
2025-04-28 21:46:37,550 - INFO - 连接关闭
2025-04-28 21:46:38,550 - INFO - 尝试第1次重连...
2025-04-28 21:46:38,704 - INFO - Websocket connected
2025-04-28 21:46:38,706 - INFO - 连接建立
2025-04-28 21:46:40,564 - INFO - 重连成功
2025-04-28 21:46:40,600 - WARNING - 错误码：10165，信息：invalid handle
2025-04-28 21:46:41,101 - INFO - 连接关闭
2025-04-28 21:46:42,112 - INFO - 尝试第1次重连...
2025-04-28 21:46:42,285 - INFO - Websocket connected
2025-04-28 21:46:42,286 - INFO - 连接建立
2025-04-28 21:46:44,124 - INFO - 重连成功
2025-04-28 21:46:44,165 - WARNING - 错误码：10165，信息：invalid handle
2025-04-28 21:46:44,665 - INFO - 连接关闭
2025-04-28 21:46:45,676 - INFO - 尝试第1次重连...
2025-04-28 21:46:45,873 - INFO - Websocket connected
2025-04-28 21:46:45,873 - INFO - 连接建立
2025-04-28 21:46:47,693 - INFO - 重连成功
2025-04-28 21:46:47,728 - WARNING - 错误码：10165，信息：invalid handle
2025-04-28 21:46:48,235 - INFO - 连接关闭
2025-04-28 21:46:49,245 - INFO - 尝试第1次重连...
2025-04-28 21:46:49,417 - INFO - Websocket connected
2025-04-28 21:46:49,418 - INFO - 连接建立
2025-04-28 21:46:51,250 - INFO - 重连成功
2025-04-28 21:46:51,291 - WARNING - 错误码：10165，信息：invalid handle
2025-04-28 21:46:51,791 - INFO - 连接关闭
2025-04-28 21:46:52,798 - INFO - 尝试第1次重连...
2025-04-28 21:46:52,951 - INFO - Websocket connected
2025-04-28 21:46:52,951 - INFO - 连接建立
2025-04-28 21:46:54,805 - INFO - 重连成功
2025-04-28 21:46:54,843 - WARNING - 错误码：10165，信息：invalid handle
2025-04-28 21:46:55,340 - INFO - 连接关闭
2025-04-28 21:46:56,355 - INFO - 尝试第1次重连...
2025-04-28 21:46:56,499 - INFO - Websocket connected
2025-04-28 21:46:56,499 - INFO - 连接建立
2025-04-28 21:46:58,370 - INFO - 重连成功
2025-04-28 21:46:58,404 - WARNING - 错误码：10165，信息：invalid handle
2025-04-28 21:46:58,904 - INFO - 连接关闭
2025-04-28 21:46:59,907 - INFO - 尝试第1次重连...
2025-04-28 21:47:00,064 - INFO - Websocket connected
2025-04-28 21:47:00,065 - INFO - 连接建立
2025-04-28 21:47:01,919 - INFO - 重连成功
2025-04-28 21:47:01,966 - WARNING - 错误码：10165，信息：invalid handle
2025-04-28 21:47:02,454 - INFO - 连接关闭
2025-04-28 21:47:03,466 - INFO - 尝试第1次重连...
2025-04-28 21:47:03,632 - INFO - Websocket connected
2025-04-28 21:47:03,632 - INFO - 连接建立
2025-04-28 21:47:05,470 - INFO - 重连成功
2025-04-28 21:47:05,508 - WARNING - 错误码：10165，信息：invalid handle
2025-04-28 21:47:06,008 - INFO - 连接关闭
2025-04-28 21:47:07,011 - INFO - 尝试第1次重连...
2025-04-28 21:47:07,165 - INFO - Websocket connected
2025-04-28 21:47:07,166 - INFO - 连接建立
2025-04-28 21:47:09,021 - INFO - 重连成功
2025-04-28 21:47:09,058 - WARNING - 错误码：10165，信息：invalid handle
2025-04-28 21:47:09,560 - INFO - 连接关闭
2025-04-28 21:47:10,570 - INFO - 尝试第1次重连...
2025-04-28 21:47:10,737 - INFO - Websocket connected
2025-04-28 21:47:10,737 - INFO - 连接建立
2025-04-28 21:47:12,576 - INFO - 重连成功
2025-04-28 21:47:12,624 - WARNING - 错误码：10165，信息：invalid handle
2025-04-28 21:47:13,120 - INFO - 连接关闭
2025-04-28 21:47:14,126 - INFO - 尝试第1次重连...
2025-04-28 21:47:14,282 - INFO - Websocket connected
2025-04-28 21:47:14,283 - INFO - 连接建立
2025-04-28 21:47:16,129 - INFO - 重连成功
2025-04-28 21:47:16,165 - WARNING - 错误码：10165，信息：invalid handle
2025-04-28 21:47:16,668 - INFO - 连接关闭
2025-04-28 21:47:17,680 - INFO - 尝试第1次重连...
2025-04-28 21:47:17,827 - INFO - Websocket connected
2025-04-28 21:47:17,828 - INFO - 连接建立
2025-04-28 21:47:19,696 - INFO - 重连成功
2025-04-28 21:47:19,731 - WARNING - 错误码：10165，信息：invalid handle
2025-04-28 21:47:20,232 - INFO - 连接关闭
2025-04-28 21:47:21,233 - INFO - 尝试第1次重连...
2025-04-28 21:47:21,384 - INFO - Websocket connected
2025-04-28 21:47:21,385 - INFO - 连接建立
2025-04-28 21:47:23,243 - INFO - 重连成功
2025-04-28 21:47:23,282 - WARNING - 错误码：10165，信息：invalid handle
2025-04-28 21:47:23,784 - INFO - 连接关闭
2025-04-28 21:47:24,790 - INFO - 尝试第1次重连...
2025-04-28 21:47:24,949 - INFO - Websocket connected
2025-04-28 21:47:24,949 - INFO - 连接建立
2025-04-28 21:47:26,798 - INFO - 重连成功
2025-04-28 21:47:26,837 - WARNING - 错误码：10165，信息：invalid handle
2025-04-28 21:47:27,339 - INFO - 连接关闭
2025-04-28 21:47:28,355 - INFO - 尝试第1次重连...
2025-04-28 21:47:28,505 - INFO - Websocket connected
2025-04-28 21:47:28,505 - INFO - 连接建立
2025-04-28 21:47:30,367 - INFO - 重连成功
2025-04-28 21:47:30,405 - WARNING - 错误码：10165，信息：invalid handle
2025-04-28 21:47:30,907 - INFO - 连接关闭
2025-04-28 21:47:31,919 - INFO - 尝试第1次重连...
2025-04-28 21:47:32,085 - INFO - Websocket connected
2025-04-28 21:47:32,086 - INFO - 连接建立
2025-04-28 21:47:33,928 - INFO - 重连成功
2025-04-28 21:47:33,965 - WARNING - 错误码：10165，信息：invalid handle
2025-04-28 21:47:34,465 - INFO - 连接关闭
2025-04-28 21:47:35,476 - INFO - 尝试第1次重连...
2025-04-28 21:47:35,616 - INFO - Websocket connected
2025-04-28 21:47:35,617 - INFO - 连接建立
2025-04-28 21:47:37,481 - INFO - 重连成功
2025-04-28 21:47:37,514 - WARNING - 错误码：10165，信息：invalid handle
2025-04-28 21:47:38,015 - INFO - 连接关闭
2025-04-28 21:47:39,032 - INFO - 尝试第1次重连...
2025-04-28 21:47:39,198 - INFO - Websocket connected
2025-04-28 21:47:39,199 - INFO - 连接建立
2025-04-28 21:47:41,038 - INFO - 重连成功
2025-04-28 21:47:41,086 - WARNING - 错误码：10165，信息：invalid handle
2025-04-28 21:47:41,579 - INFO - 连接关闭
2025-04-28 21:47:42,593 - INFO - 尝试第1次重连...
2025-04-28 21:47:42,733 - INFO - Websocket connected
2025-04-28 21:47:42,734 - INFO - 连接建立
2025-04-28 21:47:44,596 - INFO - 重连成功
2025-04-28 21:47:44,639 - WARNING - 错误码：10165，信息：invalid handle
2025-04-28 21:47:45,140 - INFO - 连接关闭
2025-04-28 21:47:46,155 - INFO - 尝试第1次重连...
2025-04-28 21:47:46,318 - INFO - Websocket connected
2025-04-28 21:47:46,318 - INFO - 连接建立
2025-04-28 21:47:48,168 - INFO - 重连成功
2025-04-28 21:47:48,204 - WARNING - 错误码：10165，信息：invalid handle
2025-04-28 21:47:48,705 - INFO - 连接关闭
2025-04-28 21:47:49,708 - INFO - 尝试第1次重连...
2025-04-28 21:47:49,858 - INFO - Websocket connected
2025-04-28 21:47:49,858 - INFO - 连接建立
2025-04-28 21:47:51,714 - INFO - 重连成功
2025-04-28 21:47:51,750 - WARNING - 错误码：10165，信息：invalid handle
2025-04-28 21:47:52,250 - INFO - 连接关闭
2025-04-28 21:47:53,262 - INFO - 尝试第1次重连...
2025-04-28 21:47:53,405 - INFO - Websocket connected
2025-04-28 21:47:53,406 - INFO - 连接建立
2025-04-28 21:47:55,272 - INFO - 重连成功
2025-04-28 21:47:55,305 - WARNING - 错误码：10165，信息：invalid handle
2025-04-28 21:47:55,808 - INFO - 连接关闭
2025-04-28 21:47:56,811 - INFO - 尝试第1次重连...
2025-04-28 21:47:56,951 - INFO - Websocket connected
2025-04-28 21:47:56,951 - INFO - 连接建立
2025-04-28 21:47:58,818 - INFO - 重连成功
2025-04-28 21:47:58,853 - WARNING - 错误码：10165，信息：invalid handle
2025-04-28 21:47:59,357 - INFO - 连接关闭
2025-04-28 21:48:00,365 - INFO - 尝试第1次重连...
2025-04-28 21:48:00,529 - INFO - Websocket connected
2025-04-28 21:48:00,529 - INFO - 连接建立
2025-04-28 21:48:02,378 - INFO - 重连成功
2025-04-28 21:48:02,414 - WARNING - 错误码：10165，信息：invalid handle
2025-04-28 21:48:02,915 - INFO - 连接关闭
2025-04-28 21:48:03,925 - INFO - 尝试第1次重连...
2025-04-28 21:48:04,074 - INFO - Websocket connected
2025-04-28 21:48:04,075 - INFO - 连接建立
2025-04-28 21:48:05,928 - INFO - 重连成功
2025-04-28 21:48:05,975 - WARNING - 错误码：10165，信息：invalid handle
2025-04-28 21:48:06,468 - INFO - 连接关闭
2025-04-28 21:48:07,474 - INFO - 尝试第1次重连...
2025-04-28 21:48:07,617 - INFO - Websocket connected
2025-04-28 21:48:07,617 - INFO - 连接建立
2025-04-28 21:48:09,478 - INFO - 重连成功
2025-04-28 21:48:09,514 - WARNING - 错误码：10165，信息：invalid handle
2025-04-28 21:48:10,014 - INFO - 连接关闭
2025-04-28 21:48:11,018 - INFO - 尝试第1次重连...
2025-04-28 21:48:11,184 - INFO - Websocket connected
2025-04-28 21:48:11,185 - INFO - 连接建立
2025-04-28 21:48:13,022 - INFO - 重连成功
2025-04-28 21:48:13,070 - WARNING - 错误码：10165，信息：invalid handle
2025-04-28 21:48:13,571 - INFO - 连接关闭
2025-04-28 21:48:14,582 - INFO - 尝试第1次重连...
2025-04-28 21:48:14,729 - INFO - Websocket connected
2025-04-28 21:48:14,730 - INFO - 连接建立
2025-04-28 21:48:16,592 - INFO - 重连成功
2025-04-28 21:48:16,630 - WARNING - 错误码：10165，信息：invalid handle
2025-04-28 21:48:17,130 - INFO - 连接关闭
2025-04-28 21:48:18,145 - INFO - 尝试第1次重连...
2025-04-28 21:48:18,312 - INFO - Websocket connected
2025-04-28 21:48:18,313 - INFO - 连接建立
2025-04-28 21:48:20,153 - INFO - 重连成功
2025-04-28 21:48:20,194 - WARNING - 错误码：10165，信息：invalid handle
2025-04-28 21:48:20,694 - INFO - 连接关闭
2025-04-28 21:48:21,696 - INFO - 尝试第1次重连...
2025-04-28 21:48:21,846 - INFO - Websocket connected
2025-04-28 21:48:21,848 - INFO - 连接建立
2025-04-28 21:48:23,709 - INFO - 重连成功
2025-04-28 21:48:23,748 - WARNING - 错误码：10165，信息：invalid handle
2025-04-28 21:48:24,246 - INFO - 连接关闭
2025-04-28 21:48:25,252 - INFO - 尝试第1次重连...
2025-04-28 21:48:25,415 - INFO - Websocket connected
2025-04-28 21:48:25,416 - INFO - 连接建立
2025-04-28 21:48:27,254 - INFO - 重连成功
2025-04-28 21:48:27,291 - WARNING - 错误码：10165，信息：invalid handle
2025-04-28 21:48:27,792 - INFO - 连接关闭
2025-04-28 21:48:28,798 - INFO - 尝试第1次重连...
2025-04-28 21:48:28,960 - INFO - Websocket connected
2025-04-28 21:48:28,961 - INFO - 连接建立
2025-04-28 21:48:30,813 - INFO - 重连成功
2025-04-28 21:48:30,852 - WARNING - 错误码：10165，信息：invalid handle
2025-04-28 21:48:31,352 - INFO - 连接关闭
2025-04-28 21:48:32,361 - INFO - 尝试第1次重连...
2025-04-28 21:48:32,541 - INFO - Websocket connected
2025-04-28 21:48:32,541 - INFO - 连接建立
2025-04-28 21:48:34,375 - INFO - 重连成功
2025-04-28 21:48:34,414 - WARNING - 错误码：10165，信息：invalid handle
2025-04-28 21:48:34,914 - INFO - 连接关闭
2025-04-28 21:48:35,926 - INFO - 尝试第1次重连...
2025-04-28 21:48:36,074 - INFO - Websocket connected
2025-04-28 21:48:36,075 - INFO - 连接建立
2025-04-28 21:48:37,940 - INFO - 重连成功
2025-04-28 21:48:37,975 - WARNING - 错误码：10165，信息：invalid handle
2025-04-28 21:48:38,478 - INFO - 连接关闭
2025-04-28 21:48:39,489 - INFO - 尝试第1次重连...
2025-04-28 21:48:39,664 - INFO - Websocket connected
2025-04-28 21:48:39,665 - INFO - 连接建立
2025-04-28 21:48:41,491 - INFO - 重连成功
2025-04-28 21:48:41,531 - WARNING - 错误码：10165，信息：invalid handle
2025-04-28 21:48:42,030 - INFO - 连接关闭
2025-04-28 21:48:43,042 - INFO - 尝试第1次重连...
2025-04-28 21:48:43,202 - INFO - Websocket connected
2025-04-28 21:48:43,202 - INFO - 连接建立
2025-04-28 21:48:45,044 - INFO - 重连成功
2025-04-28 21:48:45,076 - WARNING - 错误码：10165，信息：invalid handle
2025-04-28 21:48:45,588 - INFO - 连接关闭
2025-04-28 21:48:46,590 - INFO - 尝试第1次重连...
2025-04-28 21:48:46,751 - INFO - Websocket connected
2025-04-28 21:48:46,752 - INFO - 连接建立
2025-04-28 21:48:48,594 - INFO - 重连成功
2025-04-28 21:48:48,634 - WARNING - 错误码：10165，信息：invalid handle
2025-04-28 21:48:49,134 - INFO - 连接关闭
2025-04-28 21:48:50,146 - INFO - 尝试第1次重连...
2025-04-28 21:48:50,318 - INFO - Websocket connected
2025-04-28 21:48:50,319 - INFO - 连接建立
2025-04-28 21:48:52,157 - INFO - 重连成功
2025-04-28 21:48:52,196 - WARNING - 错误码：10165，信息：invalid handle
2025-04-28 21:48:52,697 - INFO - 连接关闭
2025-04-28 21:48:53,710 - INFO - 尝试第1次重连...
2025-04-28 21:48:53,868 - INFO - Websocket connected
2025-04-28 21:48:53,869 - INFO - 连接建立
2025-04-28 21:48:55,712 - INFO - 重连成功
2025-04-28 21:48:55,748 - WARNING - 错误码：10165，信息：invalid handle
2025-04-28 21:48:56,250 - INFO - 连接关闭
2025-04-28 21:48:57,253 - INFO - 尝试第1次重连...
2025-04-28 21:48:57,425 - INFO - Websocket connected
2025-04-28 21:48:57,426 - INFO - 连接建立
2025-04-28 21:48:59,263 - INFO - 重连成功
2025-04-28 21:48:59,300 - WARNING - 错误码：10165，信息：invalid handle
2025-04-28 21:48:59,801 - INFO - 连接关闭
2025-04-28 21:49:00,809 - INFO - 尝试第1次重连...
2025-04-28 21:49:00,975 - INFO - Websocket connected
2025-04-28 21:49:00,976 - INFO - 连接建立
2025-04-28 21:49:02,824 - INFO - 重连成功
2025-04-28 21:49:02,864 - WARNING - 错误码：10165，信息：invalid handle
2025-04-28 21:49:03,363 - INFO - 连接关闭
2025-04-28 21:49:04,370 - INFO - 尝试第1次重连...
2025-04-28 21:49:04,534 - INFO - Websocket connected
2025-04-28 21:49:04,534 - INFO - 连接建立
2025-04-28 21:49:06,381 - INFO - 重连成功
2025-04-28 21:49:06,421 - WARNING - 错误码：10165，信息：invalid handle
2025-04-28 21:49:06,918 - INFO - 连接关闭
2025-04-28 21:49:07,930 - INFO - 尝试第1次重连...
2025-04-28 21:49:08,070 - INFO - Websocket connected
2025-04-28 21:49:08,071 - INFO - 连接建立
2025-04-28 21:49:09,942 - INFO - 重连成功
2025-04-28 21:49:09,974 - WARNING - 错误码：10165，信息：invalid handle
2025-04-28 21:49:10,473 - INFO - 连接关闭
2025-04-28 21:49:11,482 - INFO - 尝试第1次重连...
2025-04-28 21:49:11,641 - INFO - Websocket connected
2025-04-28 21:49:11,642 - INFO - 连接建立
2025-04-28 21:49:13,485 - INFO - 重连成功
2025-04-28 21:49:13,523 - WARNING - 错误码：10165，信息：invalid handle
2025-04-28 21:49:14,025 - INFO - 连接关闭
2025-04-28 21:49:15,038 - INFO - 尝试第1次重连...
2025-04-28 21:49:15,220 - INFO - Websocket connected
2025-04-28 21:49:15,220 - INFO - 连接建立
2025-04-28 21:49:17,040 - INFO - 重连成功
2025-04-28 21:49:17,087 - WARNING - 错误码：10165，信息：invalid handle
2025-04-28 21:49:17,590 - INFO - 连接关闭
2025-04-28 21:49:18,598 - INFO - 尝试第1次重连...
2025-04-28 21:49:18,772 - INFO - Websocket connected
2025-04-28 21:49:18,774 - INFO - 连接建立
2025-04-28 21:49:20,606 - INFO - 重连成功
2025-04-28 21:49:20,652 - WARNING - 错误码：10165，信息：invalid handle
2025-04-28 21:49:21,156 - INFO - 连接关闭
2025-04-28 21:49:22,167 - INFO - 尝试第1次重连...
2025-04-28 21:49:22,338 - INFO - Websocket connected
2025-04-28 21:49:22,338 - INFO - 连接建立
2025-04-28 21:49:24,171 - INFO - 重连成功
2025-04-28 21:49:24,215 - WARNING - 错误码：10165，信息：invalid handle
2025-04-28 21:49:24,715 - INFO - 连接关闭
2025-04-28 21:49:25,725 - INFO - 尝试第1次重连...
2025-04-28 21:49:25,896 - INFO - Websocket connected
2025-04-28 21:49:25,899 - INFO - 连接建立
2025-04-28 21:49:27,734 - INFO - 重连成功
2025-04-28 21:49:27,778 - WARNING - 错误码：10165，信息：invalid handle
2025-04-28 21:49:28,276 - INFO - 连接关闭
2025-04-28 21:49:29,279 - INFO - 尝试第1次重连...
2025-04-28 21:49:29,441 - INFO - Websocket connected
2025-04-28 21:49:29,441 - INFO - 连接建立
2025-04-28 21:49:31,286 - INFO - 重连成功
2025-04-28 21:49:31,325 - WARNING - 错误码：10165，信息：invalid handle
2025-04-28 21:49:31,826 - INFO - 连接关闭
2025-04-28 21:49:32,831 - INFO - 尝试第1次重连...
2025-04-28 21:49:33,003 - INFO - Websocket connected
2025-04-28 21:49:33,004 - INFO - 连接建立
2025-04-28 21:49:34,846 - INFO - 重连成功
2025-04-28 21:49:34,888 - WARNING - 错误码：10165，信息：invalid handle
2025-04-28 21:49:35,388 - INFO - 连接关闭
2025-04-28 21:49:36,394 - INFO - 尝试第1次重连...
2025-04-28 21:49:36,563 - INFO - Websocket connected
2025-04-28 21:49:36,564 - INFO - 连接建立
2025-04-28 21:49:38,404 - INFO - 重连成功
2025-04-28 21:49:38,419 - WARNING - 检测到连接丢失，尝试恢复...
2025-04-28 21:49:38,446 - WARNING - 错误码：10165，信息：invalid handle
2025-04-28 21:49:38,945 - INFO - 连接关闭
2025-04-28 21:49:39,428 - INFO - 尝试第1次重连...
2025-04-28 21:49:39,617 - INFO - Websocket connected
2025-04-28 21:49:39,617 - INFO - 连接建立
2025-04-28 21:49:39,951 - INFO - 尝试第1次重连...
2025-04-28 21:49:41,436 - INFO - 重连成功
2025-04-28 21:49:41,484 - INFO - 连接关闭
2025-04-28 21:49:42,150 - INFO - Websocket connected
2025-04-28 21:49:42,151 - INFO - 连接建立
2025-04-28 21:49:43,991 - INFO - 重连成功
2025-04-28 21:49:44,032 - WARNING - 错误码：10165，信息：invalid handle
2025-04-28 21:49:44,533 - INFO - 连接关闭
2025-04-28 21:49:45,535 - INFO - 尝试第1次重连...
2025-04-28 21:49:45,722 - INFO - Websocket connected
2025-04-28 21:49:45,722 - INFO - 连接建立
2025-04-28 21:49:47,545 - INFO - 重连成功
2025-04-28 21:49:47,589 - WARNING - 错误码：10165，信息：invalid handle
2025-04-28 21:49:48,095 - INFO - 连接关闭
2025-04-28 21:49:49,105 - INFO - 尝试第1次重连...
2025-04-28 21:49:49,283 - INFO - Websocket connected
2025-04-28 21:49:49,284 - INFO - 连接建立
2025-04-28 21:49:51,114 - INFO - 重连成功
2025-04-28 21:49:51,161 - WARNING - 错误码：10165，信息：invalid handle
2025-04-28 21:49:51,659 - INFO - 连接关闭
2025-04-28 21:49:52,661 - INFO - 尝试第1次重连...
2025-04-28 21:49:52,819 - INFO - Websocket connected
2025-04-28 21:49:52,819 - INFO - 连接建立
2025-04-28 21:49:54,670 - INFO - 重连成功
2025-04-28 21:49:54,709 - WARNING - 错误码：10165，信息：invalid handle
2025-04-28 21:49:55,209 - INFO - 连接关闭
2025-04-28 21:49:56,211 - INFO - 尝试第1次重连...
2025-04-28 21:49:56,381 - INFO - Websocket connected
2025-04-28 21:49:56,382 - INFO - 连接建立
2025-04-28 21:49:58,218 - INFO - 重连成功
2025-04-28 21:49:58,259 - WARNING - 错误码：10165，信息：invalid handle
2025-04-28 21:49:58,760 - INFO - 连接关闭
2025-04-28 21:49:59,770 - INFO - 尝试第1次重连...
2025-04-28 21:49:59,965 - INFO - Websocket connected
2025-04-28 21:49:59,965 - INFO - 连接建立
2025-04-28 21:50:01,778 - INFO - 重连成功
2025-04-28 21:50:01,822 - WARNING - 错误码：10165，信息：invalid handle
2025-04-28 21:50:02,324 - INFO - 连接关闭
2025-04-28 21:50:03,326 - INFO - 尝试第1次重连...
2025-04-28 21:50:03,491 - INFO - Websocket connected
2025-04-28 21:50:03,492 - INFO - 连接建立
2025-04-28 21:50:05,332 - INFO - 重连成功
2025-04-28 21:50:05,373 - WARNING - 错误码：10165，信息：invalid handle
2025-04-28 21:50:05,874 - INFO - 连接关闭
2025-04-28 21:50:06,880 - INFO - 尝试第1次重连...
2025-04-28 21:50:07,052 - INFO - Websocket connected
2025-04-28 21:50:07,052 - INFO - 连接建立
2025-04-28 21:50:08,897 - INFO - 重连成功
2025-04-28 21:50:08,940 - WARNING - 错误码：10165，信息：invalid handle
2025-04-28 21:50:09,441 - INFO - 连接关闭
2025-04-28 21:50:10,446 - INFO - 尝试第1次重连...
2025-04-28 21:50:10,634 - INFO - Websocket connected
2025-04-28 21:50:10,635 - INFO - 连接建立
2025-04-28 21:50:12,456 - INFO - 重连成功
2025-04-28 21:50:12,514 - WARNING - 错误码：10165，信息：invalid handle
2025-04-28 21:50:13,014 - INFO - 连接关闭
2025-04-28 21:50:14,030 - INFO - 尝试第1次重连...
2025-04-28 21:50:14,218 - INFO - Websocket connected
2025-04-28 21:50:14,219 - INFO - 连接建立
2025-04-28 21:50:16,043 - INFO - 重连成功
2025-04-28 21:50:16,088 - WARNING - 错误码：10165，信息：invalid handle
2025-04-28 21:50:16,586 - INFO - 连接关闭
2025-04-28 21:50:17,591 - INFO - 尝试第1次重连...
2025-04-28 21:50:17,768 - INFO - Websocket connected
2025-04-28 21:50:17,769 - INFO - 连接建立
2025-04-28 21:50:19,602 - INFO - 重连成功
2025-04-28 21:50:19,645 - WARNING - 错误码：10165，信息：invalid handle
2025-04-28 21:50:20,146 - INFO - 连接关闭
2025-04-28 21:50:21,156 - INFO - 尝试第1次重连...
2025-04-28 21:50:21,316 - INFO - Websocket connected
2025-04-28 21:50:21,316 - INFO - 连接建立
2025-04-28 21:50:23,160 - INFO - 重连成功
2025-04-28 21:50:23,200 - WARNING - 错误码：10165，信息：invalid handle
2025-04-28 21:50:23,700 - INFO - 连接关闭
2025-04-28 21:50:24,704 - INFO - 尝试第1次重连...
2025-04-28 21:50:24,886 - INFO - Websocket connected
2025-04-28 21:50:24,886 - INFO - 连接建立
2025-04-28 21:50:26,716 - INFO - 重连成功
2025-04-28 21:50:26,760 - WARNING - 错误码：10165，信息：invalid handle
2025-04-28 21:50:27,260 - INFO - 连接关闭
2025-04-28 21:50:28,263 - INFO - 尝试第1次重连...
2025-04-28 21:50:28,448 - INFO - Websocket connected
2025-04-28 21:50:28,449 - INFO - 连接建立
2025-04-28 21:50:30,280 - INFO - 重连成功
2025-04-28 21:50:30,328 - WARNING - 错误码：10165，信息：invalid handle
2025-04-28 21:50:30,826 - INFO - 连接关闭
2025-04-28 21:50:31,834 - INFO - 尝试第1次重连...
2025-04-28 21:50:32,028 - INFO - Websocket connected
2025-04-28 21:50:32,028 - INFO - 连接建立
2025-04-28 21:50:33,849 - INFO - 重连成功
2025-04-28 21:50:33,895 - WARNING - 错误码：10165，信息：invalid handle
2025-04-28 21:50:34,396 - INFO - 连接关闭
2025-04-28 21:50:35,399 - INFO - 尝试第1次重连...
2025-04-28 21:50:35,599 - INFO - Websocket connected
2025-04-28 21:50:35,599 - INFO - 连接建立
2025-04-28 21:50:37,407 - INFO - 重连成功
2025-04-28 21:50:37,455 - WARNING - 错误码：10165，信息：invalid handle
2025-04-28 21:50:37,954 - INFO - 连接关闭
2025-04-28 21:50:38,959 - INFO - 尝试第1次重连...
2025-04-28 21:50:39,149 - INFO - Websocket connected
2025-04-28 21:50:39,149 - INFO - 连接建立
2025-04-28 21:50:40,963 - INFO - 重连成功
2025-04-28 21:50:41,011 - WARNING - 错误码：10165，信息：invalid handle
2025-04-28 21:50:41,507 - INFO - 连接关闭
2025-04-28 21:50:42,510 - INFO - 尝试第1次重连...
2025-04-28 21:50:42,663 - INFO - Websocket connected
2025-04-28 21:50:42,664 - INFO - 连接建立
2025-04-28 21:50:44,526 - INFO - 重连成功
2025-04-28 21:50:44,564 - WARNING - 错误码：10165，信息：invalid handle
2025-04-28 21:50:45,065 - INFO - 连接关闭
2025-04-28 21:50:46,078 - INFO - 尝试第1次重连...
2025-04-28 21:50:46,258 - INFO - Websocket connected
2025-04-28 21:50:46,258 - INFO - 连接建立
2025-04-28 21:50:48,087 - INFO - 重连成功
2025-04-28 21:50:48,131 - WARNING - 错误码：10165，信息：invalid handle
2025-04-28 21:50:48,631 - INFO - 连接关闭
2025-04-28 21:50:49,633 - INFO - 尝试第1次重连...
2025-04-28 21:50:49,786 - INFO - Websocket connected
2025-04-28 21:50:49,788 - INFO - 连接建立
2025-04-28 21:50:51,635 - INFO - 重连成功
2025-04-28 21:50:51,673 - WARNING - 错误码：10165，信息：invalid handle
2025-04-28 21:50:52,173 - INFO - 连接关闭
2025-04-28 21:50:53,175 - INFO - 尝试第1次重连...
2025-04-28 21:50:53,358 - INFO - Websocket connected
2025-04-28 21:50:53,359 - INFO - 连接建立
2025-04-28 21:50:55,188 - INFO - 重连成功
2025-04-28 21:50:55,235 - WARNING - 错误码：10165，信息：invalid handle
2025-04-28 21:50:55,734 - INFO - 连接关闭
2025-04-28 21:50:56,740 - INFO - 尝试第1次重连...
2025-04-28 21:50:56,894 - INFO - Websocket connected
2025-04-28 21:50:56,895 - INFO - 连接建立
2025-04-28 21:50:58,746 - INFO - 重连成功
2025-04-28 21:50:58,783 - WARNING - 错误码：10165，信息：invalid handle
2025-04-28 21:50:59,284 - INFO - 连接关闭
2025-04-28 21:51:00,290 - INFO - 尝试第1次重连...
2025-04-28 21:51:00,485 - INFO - Websocket connected
2025-04-28 21:51:00,485 - INFO - 连接建立
2025-04-28 21:51:02,295 - INFO - 重连成功
2025-04-28 21:51:02,340 - WARNING - 错误码：10165，信息：invalid handle
2025-04-28 21:51:02,839 - INFO - 连接关闭
2025-04-28 21:51:03,842 - INFO - 尝试第1次重连...
2025-04-28 21:51:04,015 - INFO - Websocket connected
2025-04-28 21:51:04,016 - INFO - 连接建立
2025-04-28 21:51:05,851 - INFO - 重连成功
2025-04-28 21:51:05,893 - WARNING - 错误码：10165，信息：invalid handle
2025-04-28 21:51:06,398 - INFO - 连接关闭
2025-04-28 21:51:07,401 - INFO - 尝试第1次重连...
2025-04-28 21:51:07,601 - INFO - Websocket connected
2025-04-28 21:51:07,602 - INFO - 连接建立
2025-04-28 21:51:09,411 - INFO - 重连成功
2025-04-28 21:51:09,458 - WARNING - 错误码：10165，信息：invalid handle
2025-04-28 21:51:09,958 - INFO - 连接关闭
2025-04-28 21:51:10,972 - INFO - 尝试第1次重连...
2025-04-28 21:51:11,175 - INFO - Websocket connected
2025-04-28 21:51:11,175 - INFO - 连接建立
2025-04-28 21:51:12,983 - INFO - 重连成功
2025-04-28 21:51:13,029 - WARNING - 错误码：10165，信息：invalid handle
2025-04-28 21:51:13,529 - INFO - 连接关闭
2025-04-28 21:51:14,537 - INFO - 尝试第1次重连...
2025-04-28 21:51:14,691 - INFO - Websocket connected
2025-04-28 21:51:14,691 - INFO - 连接建立
2025-04-28 21:51:16,547 - INFO - 重连成功
2025-04-28 21:51:16,583 - WARNING - 错误码：10165，信息：invalid handle
2025-04-28 21:51:17,087 - INFO - 连接关闭
2025-04-28 21:51:18,096 - INFO - 尝试第1次重连...
2025-04-28 21:51:18,259 - INFO - Websocket connected
2025-04-28 21:51:18,260 - INFO - 连接建立
2025-04-28 21:51:20,104 - INFO - 重连成功
2025-04-28 21:51:20,143 - WARNING - 错误码：10165，信息：invalid handle
2025-04-28 21:51:20,643 - INFO - 连接关闭
2025-04-28 21:51:21,656 - INFO - 尝试第1次重连...
2025-04-28 21:51:21,803 - INFO - Websocket connected
2025-04-28 21:51:21,803 - INFO - 连接建立
2025-04-28 21:51:23,665 - INFO - 重连成功
2025-04-28 21:51:23,701 - WARNING - 错误码：10165，信息：invalid handle
2025-04-28 21:51:24,202 - INFO - 连接关闭
2025-04-28 21:51:25,216 - INFO - 尝试第1次重连...
2025-04-28 21:51:25,377 - INFO - Websocket connected
2025-04-28 21:51:25,378 - INFO - 连接建立
2025-04-28 21:51:27,219 - INFO - 重连成功
2025-04-28 21:51:27,265 - WARNING - 错误码：10165，信息：invalid handle
2025-04-28 21:51:27,766 - INFO - 连接关闭
2025-04-28 21:51:28,772 - INFO - 尝试第1次重连...
2025-04-28 21:51:28,915 - INFO - Websocket connected
2025-04-28 21:51:28,915 - INFO - 连接建立
2025-04-28 21:51:30,785 - INFO - 重连成功
2025-04-28 21:51:30,831 - WARNING - 错误码：10165，信息：invalid handle
2025-04-28 21:51:31,329 - INFO - 连接关闭
2025-04-28 21:51:32,335 - INFO - 尝试第1次重连...
2025-04-28 21:51:32,492 - INFO - Websocket connected
2025-04-28 21:51:32,493 - INFO - 连接建立
2025-04-28 21:51:34,350 - INFO - 重连成功
2025-04-28 21:51:34,387 - WARNING - 错误码：10165，信息：invalid handle
2025-04-28 21:51:34,886 - INFO - 连接关闭
2025-04-28 21:51:35,901 - INFO - 尝试第1次重连...
2025-04-28 21:51:36,061 - INFO - Websocket connected
2025-04-28 21:51:36,062 - INFO - 连接建立
2025-04-28 21:51:37,906 - INFO - 重连成功
2025-04-28 21:51:37,944 - WARNING - 错误码：10165，信息：invalid handle
2025-04-28 21:51:38,444 - INFO - 连接关闭
2025-04-28 21:51:39,445 - INFO - 尝试第1次重连...
2025-04-28 21:51:39,596 - INFO - Websocket connected
2025-04-28 21:51:39,598 - INFO - 连接建立
2025-04-28 21:51:41,448 - INFO - 重连成功
2025-04-28 21:51:41,485 - WARNING - 错误码：10165，信息：invalid handle
2025-04-28 21:51:41,984 - INFO - 连接关闭
2025-04-28 21:51:42,992 - INFO - 尝试第1次重连...
2025-04-28 21:51:43,151 - INFO - Websocket connected
2025-04-28 21:51:43,151 - INFO - 连接建立
2025-04-28 21:51:45,005 - INFO - 重连成功
2025-04-28 21:51:45,040 - WARNING - 错误码：10165，信息：invalid handle
2025-04-28 21:51:45,540 - INFO - 连接关闭
2025-04-28 21:51:46,556 - INFO - 尝试第1次重连...
2025-04-28 21:51:46,721 - INFO - Websocket connected
2025-04-28 21:51:46,722 - INFO - 连接建立
2025-04-28 21:51:48,569 - INFO - 重连成功
2025-04-28 21:51:48,607 - WARNING - 错误码：10165，信息：invalid handle
2025-04-28 21:51:49,108 - INFO - 连接关闭
2025-04-28 21:51:50,115 - INFO - 尝试第1次重连...
2025-04-28 21:51:50,258 - INFO - Websocket connected
2025-04-28 21:51:50,259 - INFO - 连接建立
2025-04-28 21:51:52,124 - INFO - 重连成功
2025-04-28 21:51:52,159 - WARNING - 错误码：10165，信息：invalid handle
2025-04-28 21:51:52,659 - INFO - 连接关闭
2025-04-28 21:51:53,671 - INFO - 尝试第1次重连...
2025-04-28 21:51:53,835 - INFO - Websocket connected
2025-04-28 21:51:53,835 - INFO - 连接建立
2025-04-28 21:51:55,679 - INFO - 重连成功
2025-04-28 21:51:55,718 - WARNING - 错误码：10165，信息：invalid handle
2025-04-28 21:51:56,220 - INFO - 连接关闭
2025-04-28 21:51:57,225 - INFO - 尝试第1次重连...
2025-04-28 21:51:57,426 - INFO - Websocket connected
2025-04-28 21:51:57,426 - INFO - 连接建立
2025-04-28 21:51:59,240 - INFO - 重连成功
2025-04-28 21:51:59,274 - WARNING - 错误码：10165，信息：invalid handle
2025-04-28 21:51:59,776 - INFO - 连接关闭
2025-04-28 21:52:00,778 - INFO - 尝试第1次重连...
2025-04-28 21:52:00,932 - INFO - Websocket connected
2025-04-28 21:52:00,933 - INFO - 连接建立
2025-04-28 21:52:02,785 - INFO - 重连成功
2025-04-28 21:52:02,822 - WARNING - 错误码：10165，信息：invalid handle
2025-04-28 21:52:03,324 - INFO - 连接关闭
2025-04-28 21:52:04,336 - INFO - 尝试第1次重连...
2025-04-28 21:52:04,486 - INFO - Websocket connected
2025-04-28 21:52:04,487 - INFO - 连接建立
2025-04-28 21:52:06,340 - INFO - 重连成功
2025-04-28 21:52:06,376 - WARNING - 错误码：10165，信息：invalid handle
2025-04-28 21:52:06,878 - INFO - 连接关闭
2025-04-28 21:52:07,886 - INFO - 尝试第1次重连...
2025-04-28 21:52:08,056 - INFO - Websocket connected
2025-04-28 21:52:08,057 - INFO - 连接建立
2025-04-28 21:52:09,898 - INFO - 重连成功
2025-04-28 21:52:09,940 - WARNING - 错误码：10165，信息：invalid handle
2025-04-28 21:52:10,438 - INFO - 连接关闭
2025-04-28 21:52:11,440 - INFO - 尝试第1次重连...
2025-04-28 21:52:11,583 - INFO - Websocket connected
2025-04-28 21:52:11,583 - INFO - 连接建立
2025-04-28 21:52:13,456 - INFO - 重连成功
2025-04-28 21:52:13,501 - WARNING - 错误码：10165，信息：invalid handle
2025-04-28 21:52:13,996 - INFO - 连接关闭
2025-04-28 21:52:15,011 - INFO - 尝试第1次重连...
2025-04-28 21:52:15,148 - INFO - Websocket connected
2025-04-28 21:52:15,148 - INFO - 连接建立
2025-04-28 21:52:17,019 - INFO - 重连成功
2025-04-28 21:52:17,054 - WARNING - 错误码：10165，信息：invalid handle
2025-04-28 21:52:17,556 - INFO - 连接关闭
2025-04-28 21:52:18,568 - INFO - 尝试第1次重连...
2025-04-28 21:52:18,715 - INFO - Websocket connected
2025-04-28 21:52:18,716 - INFO - 连接建立
2025-04-28 21:52:20,578 - INFO - 重连成功
2025-04-28 21:52:20,614 - WARNING - 错误码：10165，信息：invalid handle
2025-04-28 21:52:21,113 - INFO - 连接关闭
2025-04-28 21:52:22,128 - INFO - 尝试第1次重连...
2025-04-28 21:52:22,277 - INFO - Websocket connected
2025-04-28 21:52:22,279 - INFO - 连接建立
2025-04-28 21:52:24,140 - INFO - 重连成功
2025-04-28 21:52:24,174 - WARNING - 错误码：10165，信息：invalid handle
2025-04-28 21:52:24,673 - INFO - 连接关闭
2025-04-28 21:52:25,679 - INFO - 尝试第1次重连...
2025-04-28 21:52:25,812 - INFO - Websocket connected
2025-04-28 21:52:25,813 - INFO - 连接建立
2025-04-28 21:52:27,681 - INFO - 重连成功
2025-04-28 21:52:27,713 - WARNING - 错误码：10165，信息：invalid handle
2025-04-28 21:52:28,214 - INFO - 连接关闭
2025-04-28 21:52:29,215 - INFO - 尝试第1次重连...
2025-04-28 21:52:29,393 - INFO - Websocket connected
2025-04-28 21:52:29,394 - INFO - 连接建立
2025-04-28 21:52:31,230 - INFO - 重连成功
2025-04-28 21:52:31,271 - WARNING - 错误码：10165，信息：invalid handle
2025-04-28 21:52:31,770 - INFO - 连接关闭
2025-04-28 21:52:32,786 - INFO - 尝试第1次重连...
2025-04-28 21:52:32,933 - INFO - Websocket connected
2025-04-28 21:52:32,933 - INFO - 连接建立
2025-04-28 21:52:34,799 - INFO - 重连成功
2025-04-28 21:52:34,837 - WARNING - 错误码：10165，信息：invalid handle
2025-04-28 21:52:35,342 - INFO - 连接关闭
2025-04-28 21:52:36,345 - INFO - 尝试第1次重连...
2025-04-28 21:52:36,477 - INFO - Websocket connected
2025-04-28 21:52:36,478 - INFO - 连接建立
2025-04-28 21:52:38,355 - INFO - 重连成功
2025-04-28 21:52:38,385 - WARNING - 错误码：10165，信息：invalid handle
2025-04-28 21:52:38,885 - INFO - 连接关闭
2025-04-28 21:52:39,894 - INFO - 尝试第1次重连...
2025-04-28 21:52:40,035 - INFO - Websocket connected
2025-04-28 21:52:40,036 - INFO - 连接建立
2025-04-28 21:52:41,904 - INFO - 重连成功
2025-04-28 21:52:41,943 - WARNING - 错误码：10165，信息：invalid handle
2025-04-28 21:52:42,438 - INFO - 连接关闭
2025-04-28 21:52:43,445 - INFO - 尝试第1次重连...
2025-04-28 21:52:43,613 - INFO - Websocket connected
2025-04-28 21:52:43,614 - INFO - 连接建立
2025-04-28 21:52:45,449 - INFO - 重连成功
2025-04-28 21:52:45,492 - WARNING - 错误码：10165，信息：invalid handle
2025-04-28 21:52:45,994 - INFO - 连接关闭
2025-04-28 21:52:46,994 - INFO - 尝试第1次重连...
2025-04-28 21:52:47,142 - INFO - Websocket connected
2025-04-28 21:52:47,143 - INFO - 连接建立
2025-04-28 21:52:49,000 - INFO - 重连成功
2025-04-28 21:52:49,039 - WARNING - 错误码：10165，信息：invalid handle
2025-04-28 21:52:49,536 - INFO - 连接关闭
2025-04-28 21:52:50,546 - INFO - 尝试第1次重连...
2025-04-28 21:52:50,695 - INFO - Websocket connected
2025-04-28 21:52:50,696 - INFO - 连接建立
2025-04-28 21:52:52,561 - INFO - 重连成功
2025-04-28 21:52:52,608 - WARNING - 错误码：10165，信息：invalid handle
2025-04-28 21:52:53,102 - INFO - 连接关闭
2025-04-28 21:52:54,108 - INFO - 尝试第1次重连...
2025-04-28 21:52:54,270 - INFO - Websocket connected
2025-04-28 21:52:54,270 - INFO - 连接建立
2025-04-28 21:52:56,112 - INFO - 重连成功
2025-04-28 21:52:56,150 - WARNING - 错误码：10165，信息：invalid handle
2025-04-28 21:52:56,650 - INFO - 连接关闭
2025-04-28 21:52:57,658 - INFO - 尝试第1次重连...
2025-04-28 21:52:57,794 - INFO - Websocket connected
2025-04-28 21:52:57,794 - INFO - 连接建立
2025-04-28 21:52:59,674 - INFO - 重连成功
2025-04-28 21:52:59,705 - WARNING - 错误码：10165，信息：invalid handle
2025-04-28 21:53:00,205 - INFO - 连接关闭
2025-04-28 21:53:01,215 - INFO - 尝试第1次重连...
2025-04-28 21:53:01,362 - INFO - Websocket connected
2025-04-28 21:53:01,363 - INFO - 连接建立
2025-04-28 21:53:03,230 - INFO - 重连成功
2025-04-28 21:53:03,266 - WARNING - 错误码：10165，信息：invalid handle
2025-04-28 21:53:03,770 - INFO - 连接关闭
2025-04-28 21:53:04,773 - INFO - 尝试第1次重连...
2025-04-28 21:53:04,947 - INFO - Websocket connected
2025-04-28 21:53:04,947 - INFO - 连接建立
2025-04-28 21:53:06,776 - INFO - 重连成功
2025-04-28 21:53:06,817 - WARNING - 错误码：10165，信息：invalid handle
2025-04-28 21:53:07,317 - INFO - 连接关闭
2025-04-28 21:53:08,318 - INFO - 尝试第1次重连...
2025-04-28 21:53:08,491 - INFO - Websocket connected
2025-04-28 21:53:08,491 - INFO - 连接建立
2025-04-28 21:53:10,325 - INFO - 重连成功
2025-04-28 21:53:10,363 - WARNING - 错误码：10165，信息：invalid handle
2025-04-28 21:53:10,864 - INFO - 连接关闭
2025-04-28 21:53:11,872 - INFO - 尝试第1次重连...
2025-04-28 21:53:12,023 - INFO - Websocket connected
2025-04-28 21:53:12,024 - INFO - 连接建立
2025-04-28 21:53:13,876 - INFO - 重连成功
2025-04-28 21:53:13,912 - WARNING - 错误码：10165，信息：invalid handle
2025-04-28 21:53:14,412 - INFO - 连接关闭
2025-04-28 21:53:15,418 - INFO - 尝试第1次重连...
2025-04-28 21:53:15,632 - INFO - Websocket connected
2025-04-28 21:53:15,633 - INFO - 连接建立
2025-04-28 21:53:17,420 - INFO - 重连成功
2025-04-28 21:53:17,478 - WARNING - 错误码：10165，信息：invalid handle
2025-04-28 21:53:18,080 - INFO - 连接关闭
2025-04-28 21:53:19,091 - INFO - 尝试第1次重连...
2025-04-28 21:53:19,271 - INFO - Websocket connected
2025-04-28 21:53:19,272 - INFO - 连接建立
2025-04-28 21:53:21,095 - INFO - 重连成功
2025-04-28 21:53:21,137 - WARNING - 错误码：10165，信息：invalid handle
2025-04-28 21:53:21,636 - INFO - 连接关闭
2025-04-28 21:53:22,644 - INFO - 尝试第1次重连...
2025-04-28 21:53:22,821 - INFO - Websocket connected
2025-04-28 21:53:22,821 - INFO - 连接建立
2025-04-28 21:53:24,660 - INFO - 重连成功
2025-04-28 21:53:24,703 - WARNING - 错误码：10165，信息：invalid handle
2025-04-28 21:53:25,203 - INFO - 连接关闭
2025-04-28 21:53:26,210 - INFO - 尝试第1次重连...
2025-04-28 21:53:26,360 - INFO - Websocket connected
2025-04-28 21:53:26,360 - INFO - 连接建立
2025-04-28 21:53:28,221 - INFO - 重连成功
2025-04-28 21:53:28,455 - WARNING - 错误码：10165，信息：invalid handle
2025-04-28 21:53:28,874 - INFO - 连接关闭
2025-04-28 21:53:29,881 - INFO - 尝试第1次重连...
2025-04-28 21:53:30,035 - INFO - Websocket connected
2025-04-28 21:53:30,036 - INFO - 连接建立
2025-04-28 21:53:31,885 - INFO - 重连成功
2025-04-28 21:53:31,924 - WARNING - 错误码：10165，信息：invalid handle
2025-04-28 21:53:32,421 - INFO - 连接关闭
2025-04-28 21:53:33,424 - INFO - 尝试第1次重连...
2025-04-28 21:53:33,606 - INFO - Websocket connected
2025-04-28 21:53:33,607 - INFO - 连接建立
2025-04-28 21:53:35,433 - INFO - 重连成功
2025-04-28 21:53:35,484 - WARNING - 错误码：10165，信息：invalid handle
2025-04-28 21:53:35,978 - INFO - 连接关闭
2025-04-28 21:53:36,985 - INFO - 尝试第1次重连...
2025-04-28 21:53:37,152 - INFO - Websocket connected
2025-04-28 21:53:37,152 - INFO - 连接建立
2025-04-28 21:53:38,992 - INFO - 重连成功
2025-04-28 21:53:39,032 - WARNING - 错误码：10165，信息：invalid handle
2025-04-28 21:53:39,537 - INFO - 连接关闭
2025-04-28 21:53:40,546 - INFO - 尝试第1次重连...
2025-04-28 21:53:40,706 - INFO - Websocket connected
2025-04-28 21:53:40,707 - INFO - 连接建立
2025-04-28 21:53:42,556 - INFO - 重连成功
2025-04-28 21:53:42,607 - WARNING - 错误码：10165，信息：invalid handle
2025-04-28 21:53:43,091 - INFO - 连接关闭
2025-04-28 21:53:44,106 - INFO - 尝试第1次重连...
2025-04-28 21:53:44,243 - INFO - Websocket connected
2025-04-28 21:53:44,244 - INFO - 连接建立
2025-04-28 21:53:46,119 - INFO - 重连成功
2025-04-28 21:53:46,154 - WARNING - 错误码：10165，信息：invalid handle
2025-04-28 21:53:46,654 - INFO - 连接关闭
2025-04-28 21:53:47,663 - INFO - 尝试第1次重连...
2025-04-28 21:53:47,826 - INFO - Websocket connected
2025-04-28 21:53:47,828 - INFO - 连接建立
2025-04-28 21:53:49,671 - INFO - 重连成功
2025-04-28 21:53:49,714 - WARNING - 错误码：10165，信息：invalid handle
2025-04-28 21:53:50,215 - INFO - 连接关闭
2025-04-28 21:53:51,217 - INFO - 尝试第1次重连...
2025-04-28 21:53:51,399 - INFO - Websocket connected
2025-04-28 21:53:51,400 - INFO - 连接建立
2025-04-28 21:53:53,219 - INFO - 重连成功
2025-04-28 21:53:53,265 - WARNING - 错误码：10165，信息：invalid handle
2025-04-28 21:53:53,763 - INFO - 连接关闭
2025-04-28 21:53:54,778 - INFO - 尝试第1次重连...
2025-04-28 21:53:54,959 - INFO - Websocket connected
2025-04-28 21:53:54,960 - INFO - 连接建立
2025-04-28 21:53:56,788 - INFO - 重连成功
2025-04-28 21:53:56,831 - WARNING - 错误码：10165，信息：invalid handle
2025-04-28 21:53:57,334 - INFO - 连接关闭
2025-04-28 21:53:58,346 - INFO - 尝试第1次重连...
2025-04-28 21:53:58,502 - INFO - Websocket connected
2025-04-28 21:53:58,503 - INFO - 连接建立
2025-04-28 21:54:00,354 - INFO - 重连成功
2025-04-28 21:54:00,396 - WARNING - 错误码：10165，信息：invalid handle
2025-04-28 21:54:00,895 - INFO - 连接关闭
2025-04-28 21:54:01,906 - INFO - 尝试第1次重连...
2025-04-28 21:54:02,053 - INFO - Websocket connected
2025-04-28 21:54:02,054 - INFO - 连接建立
2025-04-28 21:54:03,916 - INFO - 重连成功
2025-04-28 21:54:03,954 - WARNING - 错误码：10165，信息：invalid handle
2025-04-28 21:54:04,454 - INFO - 连接关闭
2025-04-28 21:54:05,456 - INFO - 尝试第1次重连...
2025-04-28 21:54:05,592 - INFO - Websocket connected
2025-04-28 21:54:05,593 - INFO - 连接建立
2025-04-28 21:54:07,458 - INFO - 重连成功
2025-04-28 21:54:07,491 - WARNING - 错误码：10165，信息：invalid handle
2025-04-28 21:54:07,995 - INFO - 连接关闭
2025-04-28 21:54:09,002 - INFO - 尝试第1次重连...
2025-04-28 21:54:09,200 - INFO - Websocket connected
2025-04-28 21:54:09,200 - INFO - 连接建立
2025-04-28 21:54:11,010 - INFO - 重连成功
2025-04-28 21:54:11,052 - WARNING - 错误码：10165，信息：invalid handle
2025-04-28 21:54:11,559 - INFO - 连接关闭
2025-04-28 21:54:12,565 - INFO - 尝试第1次重连...
2025-04-28 21:54:12,751 - INFO - Websocket connected
2025-04-28 21:54:12,751 - INFO - 连接建立
2025-04-28 21:54:14,570 - INFO - 重连成功
2025-04-28 21:54:14,611 - WARNING - 错误码：10165，信息：invalid handle
2025-04-28 21:54:15,120 - INFO - 连接关闭
2025-04-28 21:54:16,135 - INFO - 尝试第1次重连...
2025-04-28 21:54:16,281 - INFO - Websocket connected
2025-04-28 21:54:16,281 - INFO - 连接建立
2025-04-28 21:54:18,144 - INFO - 重连成功
2025-04-28 21:54:18,176 - WARNING - 错误码：10165，信息：invalid handle
2025-04-28 21:54:18,676 - INFO - 连接关闭
2025-04-28 21:54:19,682 - INFO - 尝试第1次重连...
2025-04-28 21:54:19,872 - INFO - Websocket connected
2025-04-28 21:54:19,872 - INFO - 连接建立
2025-04-28 21:54:21,698 - INFO - 重连成功
2025-04-28 21:54:21,738 - WARNING - 错误码：10165，信息：invalid handle
2025-04-28 21:54:22,239 - INFO - 连接关闭
2025-04-28 21:54:23,252 - INFO - 尝试第1次重连...
2025-04-28 21:54:23,391 - INFO - Websocket connected
2025-04-28 21:54:23,392 - INFO - 连接建立
2025-04-28 21:54:25,258 - INFO - 重连成功
2025-04-28 21:54:25,291 - WARNING - 错误码：10165，信息：invalid handle
2025-04-28 21:54:25,793 - INFO - 连接关闭
2025-04-28 21:54:26,801 - INFO - 尝试第1次重连...
2025-04-28 21:54:26,985 - INFO - Websocket connected
2025-04-28 21:54:26,986 - INFO - 连接建立
2025-04-28 21:54:28,806 - INFO - 重连成功
2025-04-28 21:54:28,873 - WARNING - 错误码：10165，信息：invalid handle
2025-04-28 21:54:29,348 - INFO - 连接关闭
2025-04-28 21:54:30,362 - INFO - 尝试第1次重连...
2025-04-28 21:54:30,528 - INFO - Websocket connected
2025-04-28 21:54:30,529 - INFO - 连接建立
2025-04-28 21:54:32,366 - INFO - 重连成功
2025-04-28 21:54:32,404 - WARNING - 错误码：10165，信息：invalid handle
2025-04-28 21:54:32,906 - INFO - 连接关闭
2025-04-28 21:54:33,906 - INFO - 尝试第1次重连...
2025-04-28 21:54:34,067 - INFO - Websocket connected
2025-04-28 21:54:34,068 - INFO - 连接建立
2025-04-28 21:54:35,918 - INFO - 重连成功
2025-04-28 21:54:35,955 - WARNING - 错误码：10165，信息：invalid handle
2025-04-28 21:54:36,458 - INFO - 连接关闭
2025-04-28 21:54:37,474 - INFO - 尝试第1次重连...
2025-04-28 21:54:37,632 - INFO - Websocket connected
2025-04-28 21:54:37,632 - INFO - 连接建立
2025-04-28 21:54:39,487 - INFO - 重连成功
2025-04-28 21:54:39,520 - WARNING - 错误码：10165，信息：invalid handle
2025-04-28 21:54:40,020 - INFO - 连接关闭
2025-04-28 21:54:41,025 - INFO - 尝试第1次重连...
2025-04-28 21:54:41,174 - INFO - Websocket connected
2025-04-28 21:54:41,175 - INFO - 连接建立
2025-04-28 21:54:43,040 - INFO - 重连成功
2025-04-28 21:54:43,074 - WARNING - 错误码：10165，信息：invalid handle
2025-04-28 21:54:43,597 - INFO - 连接关闭
2025-04-28 21:54:44,603 - INFO - 尝试第1次重连...
2025-04-28 21:54:44,766 - INFO - Websocket connected
2025-04-28 21:54:44,768 - INFO - 连接建立
2025-04-28 21:54:46,613 - INFO - 重连成功
2025-04-28 21:54:46,656 - WARNING - 错误码：10165，信息：invalid handle
2025-04-28 21:54:47,153 - INFO - 连接关闭
2025-04-28 21:54:48,162 - INFO - 尝试第1次重连...
2025-04-28 21:54:48,321 - INFO - Websocket connected
2025-04-28 21:54:48,322 - INFO - 连接建立
2025-04-28 21:54:50,177 - INFO - 重连成功
2025-04-28 21:54:50,214 - WARNING - 错误码：10165，信息：invalid handle
2025-04-28 21:54:50,716 - INFO - 连接关闭
2025-04-28 21:54:51,730 - INFO - 尝试第1次重连...
2025-04-28 21:54:51,877 - INFO - Websocket connected
2025-04-28 21:54:51,878 - INFO - 连接建立
2025-04-28 21:54:53,743 - INFO - 重连成功
2025-04-28 21:54:53,778 - WARNING - 错误码：10165，信息：invalid handle
2025-04-28 21:54:54,278 - INFO - 连接关闭
2025-04-28 21:54:55,291 - INFO - 尝试第1次重连...
2025-04-28 21:54:55,444 - INFO - Websocket connected
2025-04-28 21:54:55,444 - INFO - 连接建立
2025-04-28 21:54:57,295 - INFO - 重连成功
2025-04-28 21:54:57,336 - WARNING - 错误码：10165，信息：invalid handle
2025-04-28 21:54:57,846 - INFO - 连接关闭
2025-04-28 21:54:58,858 - INFO - 尝试第1次重连...
2025-04-28 21:54:59,020 - INFO - Websocket connected
2025-04-28 21:54:59,020 - INFO - 连接建立
2025-04-28 21:55:00,869 - INFO - 重连成功
2025-04-28 21:55:00,904 - WARNING - 错误码：10165，信息：invalid handle
2025-04-28 21:55:01,464 - INFO - 连接关闭
2025-04-28 21:55:02,480 - INFO - 尝试第1次重连...
2025-04-28 21:55:02,643 - INFO - Websocket connected
2025-04-28 21:55:02,645 - INFO - 连接建立
2025-04-28 21:55:04,485 - INFO - 重连成功
2025-04-28 21:55:04,527 - WARNING - 错误码：10165，信息：invalid handle
2025-04-28 21:55:05,025 - INFO - 连接关闭
2025-04-28 21:55:06,038 - INFO - 尝试第1次重连...
2025-04-28 21:55:06,191 - INFO - Websocket connected
2025-04-28 21:55:06,194 - INFO - 连接建立
2025-04-28 21:55:08,048 - INFO - 重连成功
2025-04-28 21:55:08,085 - WARNING - 错误码：10165，信息：invalid handle
2025-04-28 21:55:08,586 - INFO - 连接关闭
2025-04-28 21:55:09,599 - INFO - 尝试第1次重连...
2025-04-28 21:55:09,802 - INFO - Websocket connected
2025-04-28 21:55:09,802 - INFO - 连接建立
2025-04-28 21:55:11,612 - INFO - 重连成功
2025-04-28 21:55:11,654 - WARNING - 错误码：10165，信息：invalid handle
2025-04-28 21:55:12,153 - INFO - 连接关闭
2025-04-28 21:55:13,159 - INFO - 尝试第1次重连...
2025-04-28 21:55:13,347 - INFO - Websocket connected
2025-04-28 21:55:13,348 - INFO - 连接建立
2025-04-28 21:55:15,169 - INFO - 重连成功
2025-04-28 21:55:15,213 - WARNING - 错误码：10165，信息：invalid handle
2025-04-28 21:55:15,713 - INFO - 连接关闭
2025-04-28 21:55:16,716 - INFO - 尝试第1次重连...
2025-04-28 21:55:16,906 - INFO - Websocket connected
2025-04-28 21:55:16,908 - INFO - 连接建立
2025-04-28 21:55:18,718 - INFO - 重连成功
2025-04-28 21:55:18,763 - WARNING - 错误码：10165，信息：invalid handle
2025-04-28 21:55:19,265 - INFO - 连接关闭
2025-04-28 21:55:20,271 - INFO - 尝试第1次重连...
2025-04-28 21:55:20,456 - INFO - Websocket connected
2025-04-28 21:55:20,457 - INFO - 连接建立
2025-04-28 21:55:22,273 - INFO - 重连成功
2025-04-28 21:55:22,319 - WARNING - 错误码：10165，信息：invalid handle
2025-04-28 21:55:22,821 - INFO - 连接关闭
2025-04-28 21:55:23,823 - INFO - 尝试第1次重连...
2025-04-28 21:55:23,995 - INFO - Websocket connected
2025-04-28 21:55:23,995 - INFO - 连接建立
2025-04-28 21:55:25,839 - INFO - 重连成功
2025-04-28 21:55:25,881 - WARNING - 错误码：10165，信息：invalid handle
2025-04-28 21:55:26,379 - INFO - 连接关闭
2025-04-28 21:55:27,392 - INFO - 尝试第1次重连...
2025-04-28 21:55:27,573 - INFO - Websocket connected
2025-04-28 21:55:27,574 - INFO - 连接建立
2025-04-28 21:55:29,407 - INFO - 重连成功
2025-04-28 21:55:29,454 - WARNING - 错误码：10165，信息：invalid handle
2025-04-28 21:55:29,953 - INFO - 连接关闭
2025-04-28 21:55:30,956 - INFO - 尝试第1次重连...
2025-04-28 21:55:31,131 - INFO - Websocket connected
2025-04-28 21:55:31,131 - INFO - 连接建立
2025-04-28 21:55:32,962 - INFO - 重连成功
2025-04-28 21:55:33,006 - WARNING - 错误码：10165，信息：invalid handle
2025-04-28 21:55:33,508 - INFO - 连接关闭
2025-04-28 21:55:34,515 - INFO - 尝试第1次重连...
2025-04-28 21:55:34,722 - INFO - Websocket connected
2025-04-28 21:55:34,723 - INFO - 连接建立
2025-04-28 21:55:36,518 - INFO - 重连成功
2025-04-28 21:55:36,632 - WARNING - 错误码：10165，信息：invalid handle
2025-04-28 21:55:37,106 - INFO - 连接关闭
2025-04-28 21:55:38,120 - INFO - 尝试第1次重连...
2025-04-28 21:55:38,323 - INFO - Websocket connected
2025-04-28 21:55:38,324 - INFO - 连接建立
2025-04-28 21:55:40,126 - INFO - 重连成功
2025-04-28 21:55:40,170 - WARNING - 错误码：10165，信息：invalid handle
2025-04-28 21:55:40,671 - INFO - 连接关闭
2025-04-28 21:55:41,683 - INFO - 尝试第1次重连...
2025-04-28 21:55:41,858 - INFO - Websocket connected
2025-04-28 21:55:41,859 - INFO - 连接建立
2025-04-28 21:55:43,698 - INFO - 重连成功
2025-04-28 21:55:43,738 - WARNING - 错误码：10165，信息：invalid handle
2025-04-28 21:55:44,240 - INFO - 连接关闭
2025-04-28 21:55:45,242 - INFO - 尝试第1次重连...
2025-04-28 21:55:45,425 - INFO - Websocket connected
2025-04-28 21:55:45,426 - INFO - 连接建立
2025-04-28 21:55:47,258 - INFO - 重连成功
2025-04-28 21:55:47,301 - WARNING - 错误码：10165，信息：invalid handle
2025-04-28 21:55:47,805 - INFO - 连接关闭
2025-04-28 21:55:48,820 - INFO - 尝试第1次重连...
2025-04-28 21:55:49,002 - INFO - Websocket connected
2025-04-28 21:55:49,003 - INFO - 连接建立
2025-04-28 21:55:50,828 - INFO - 重连成功
2025-04-28 21:55:50,872 - WARNING - 错误码：10165，信息：invalid handle
2025-04-28 21:55:51,376 - INFO - 连接关闭
2025-04-28 21:55:52,384 - INFO - 尝试第1次重连...
2025-04-28 21:55:52,551 - INFO - Websocket connected
2025-04-28 21:55:52,552 - INFO - 连接建立
2025-04-28 21:55:54,399 - INFO - 重连成功
2025-04-28 21:55:54,442 - WARNING - 错误码：10165，信息：invalid handle
2025-04-28 21:55:54,942 - INFO - 连接关闭
2025-04-28 21:55:55,946 - INFO - 尝试第1次重连...
2025-04-28 21:55:56,107 - INFO - Websocket connected
2025-04-28 21:55:56,108 - INFO - 连接建立
2025-04-28 21:55:57,954 - INFO - 重连成功
2025-04-28 21:55:57,993 - WARNING - 错误码：10165，信息：invalid handle
2025-04-28 21:55:58,493 - INFO - 连接关闭
2025-04-28 21:55:59,509 - INFO - 尝试第1次重连...
2025-04-28 21:55:59,668 - INFO - Websocket connected
2025-04-28 21:55:59,668 - INFO - 连接建立
2025-04-28 21:56:01,514 - INFO - 重连成功
2025-04-28 21:56:01,556 - WARNING - 错误码：10165，信息：invalid handle
2025-04-28 21:56:02,056 - INFO - 连接关闭
2025-04-28 21:56:03,068 - INFO - 尝试第1次重连...
2025-04-28 21:56:03,255 - INFO - Websocket connected
2025-04-28 21:56:03,256 - INFO - 连接建立
2025-04-28 21:56:05,073 - INFO - 重连成功
2025-04-28 21:56:05,118 - WARNING - 错误码：10165，信息：invalid handle
2025-04-28 21:56:05,618 - INFO - 连接关闭
2025-04-28 21:56:06,628 - INFO - 尝试第1次重连...
2025-04-28 21:56:06,808 - INFO - Websocket connected
2025-04-28 21:56:06,809 - INFO - 连接建立
2025-04-28 21:56:08,640 - INFO - 重连成功
2025-04-28 21:56:08,683 - WARNING - 错误码：10165，信息：invalid handle
2025-04-28 21:56:09,183 - INFO - 连接关闭
2025-04-28 21:56:10,186 - INFO - 尝试第1次重连...
2025-04-28 21:56:10,367 - INFO - Websocket connected
2025-04-28 21:56:10,368 - INFO - 连接建立
2025-04-28 21:56:12,196 - INFO - 重连成功
2025-04-28 21:56:12,241 - WARNING - 错误码：10165，信息：invalid handle
2025-04-28 21:56:12,738 - INFO - 连接关闭
2025-04-28 21:56:13,740 - INFO - 尝试第1次重连...
2025-04-28 21:56:13,880 - INFO - Websocket connected
2025-04-28 21:56:13,882 - INFO - 连接建立
2025-04-28 21:56:15,745 - INFO - 重连成功
2025-04-28 21:56:15,778 - WARNING - 错误码：10165，信息：invalid handle
2025-04-28 21:56:16,279 - INFO - 连接关闭
2025-04-28 21:56:17,285 - INFO - 尝试第1次重连...
2025-04-28 21:56:17,429 - INFO - Websocket connected
2025-04-28 21:56:17,429 - INFO - 连接建立
2025-04-28 21:56:19,290 - INFO - 重连成功
2025-04-28 21:56:19,326 - WARNING - 错误码：10165，信息：invalid handle
2025-04-28 21:56:19,825 - INFO - 连接关闭
2025-04-28 21:56:20,828 - INFO - 尝试第1次重连...
2025-04-28 21:56:20,983 - INFO - Websocket connected
2025-04-28 21:56:20,984 - INFO - 连接建立
2025-04-28 21:56:22,841 - INFO - 重连成功
2025-04-28 21:56:22,877 - WARNING - 错误码：10165，信息：invalid handle
2025-04-28 21:56:23,378 - INFO - 连接关闭
2025-04-28 21:56:24,384 - INFO - 尝试第1次重连...
2025-04-28 21:56:24,556 - INFO - Websocket connected
2025-04-28 21:56:24,556 - INFO - 连接建立
2025-04-28 21:56:26,388 - INFO - 重连成功
2025-04-28 21:56:26,426 - WARNING - 错误码：10165，信息：invalid handle
2025-04-28 21:56:26,927 - INFO - 连接关闭
2025-04-28 21:56:27,935 - INFO - 尝试第1次重连...
2025-04-28 21:56:28,079 - INFO - Websocket connected
2025-04-28 21:56:28,079 - INFO - 连接建立
2025-04-28 21:56:29,942 - INFO - 重连成功
2025-04-28 21:56:29,979 - WARNING - 错误码：10165，信息：invalid handle
2025-04-28 21:56:30,476 - INFO - 连接关闭
2025-04-28 21:56:31,479 - INFO - 尝试第1次重连...
2025-04-28 21:56:31,641 - INFO - Websocket connected
2025-04-28 21:56:31,642 - INFO - 连接建立
2025-04-28 21:56:33,495 - INFO - 重连成功
2025-04-28 21:56:33,535 - WARNING - 错误码：10165，信息：invalid handle
2025-04-28 21:56:34,036 - INFO - 连接关闭
2025-04-28 21:56:35,050 - INFO - 尝试第1次重连...
2025-04-28 21:56:35,196 - INFO - Websocket connected
2025-04-28 21:56:35,197 - INFO - 连接建立
2025-04-28 21:56:37,057 - INFO - 重连成功
2025-04-28 21:56:37,088 - WARNING - 检测到连接丢失，尝试恢复...
2025-04-28 21:56:37,093 - WARNING - 错误码：10165，信息：invalid handle
2025-04-28 21:56:37,593 - INFO - 连接关闭
2025-04-28 21:56:38,095 - INFO - 尝试第1次重连...
2025-04-28 21:56:38,265 - INFO - Websocket connected
2025-04-28 21:56:38,265 - INFO - 连接建立
2025-04-28 21:56:38,595 - INFO - 尝试第1次重连...
2025-04-28 21:56:40,112 - INFO - 重连成功
2025-04-28 21:56:40,150 - INFO - 连接关闭
2025-04-28 21:56:40,793 - INFO - Websocket connected
2025-04-28 21:56:40,794 - INFO - 连接建立
2025-04-28 21:56:42,653 - INFO - 重连成功
2025-04-28 21:56:42,689 - WARNING - 错误码：10165，信息：invalid handle
2025-04-28 21:56:43,186 - INFO - 连接关闭
2025-04-28 21:56:44,195 - INFO - 尝试第1次重连...
2025-04-28 21:56:44,368 - INFO - Websocket connected
2025-04-28 21:56:44,369 - INFO - 连接建立
2025-04-28 21:56:46,207 - INFO - 重连成功
2025-04-28 21:56:46,245 - WARNING - 错误码：10165，信息：invalid handle
2025-04-28 21:56:46,746 - INFO - 连接关闭
2025-04-28 21:56:47,749 - INFO - 尝试第1次重连...
2025-04-28 21:56:47,922 - INFO - Websocket connected
2025-04-28 21:56:47,923 - INFO - 连接建立
2025-04-28 21:56:49,763 - INFO - 重连成功
2025-04-28 21:56:49,801 - WARNING - 错误码：10165，信息：invalid handle
2025-04-28 21:56:50,303 - INFO - 连接关闭
2025-04-28 21:56:51,305 - INFO - 尝试第1次重连...
2025-04-28 21:56:51,465 - INFO - Websocket connected
2025-04-28 21:56:51,465 - INFO - 连接建立
2025-04-28 21:56:53,320 - INFO - 重连成功
2025-04-28 21:56:53,358 - WARNING - 错误码：10165，信息：invalid handle
2025-04-28 21:56:53,855 - INFO - 连接关闭
2025-04-28 21:56:54,869 - INFO - 尝试第1次重连...
2025-04-28 21:56:55,031 - INFO - Websocket connected
2025-04-28 21:56:55,031 - INFO - 连接建立
2025-04-28 21:56:56,882 - INFO - 重连成功
2025-04-28 21:56:56,920 - WARNING - 错误码：10165，信息：invalid handle
2025-04-28 21:56:57,418 - INFO - 连接关闭
2025-04-28 21:56:58,427 - INFO - 尝试第1次重连...
2025-04-28 21:56:58,574 - INFO - Websocket connected
2025-04-28 21:56:58,574 - INFO - 连接建立
2025-04-28 21:57:00,434 - INFO - 重连成功
2025-04-28 21:57:00,468 - WARNING - 错误码：10165，信息：invalid handle
2025-04-28 21:57:00,970 - INFO - 连接关闭
2025-04-28 21:57:01,978 - INFO - 尝试第1次重连...
2025-04-28 21:57:02,128 - INFO - Websocket connected
2025-04-28 21:57:02,129 - INFO - 连接建立
2025-04-28 21:57:03,992 - INFO - 重连成功
2025-04-28 21:57:04,028 - WARNING - 错误码：10165，信息：invalid handle
2025-04-28 21:57:04,532 - INFO - 连接关闭
2025-04-28 21:57:05,543 - INFO - 尝试第1次重连...
2025-04-28 21:57:05,710 - INFO - Websocket connected
2025-04-28 21:57:05,711 - INFO - 连接建立
2025-04-28 21:57:07,547 - INFO - 重连成功
2025-04-28 21:57:07,591 - WARNING - 错误码：10165，信息：invalid handle
2025-04-28 21:57:08,086 - INFO - 连接关闭
2025-04-28 21:57:09,092 - INFO - 尝试第1次重连...
2025-04-28 21:57:09,249 - INFO - Websocket connected
2025-04-28 21:57:09,250 - INFO - 连接建立
2025-04-28 21:57:11,098 - INFO - 重连成功
2025-04-28 21:57:11,146 - WARNING - 错误码：10165，信息：invalid handle
2025-04-28 21:57:11,644 - INFO - 连接关闭
2025-04-28 21:57:12,660 - INFO - 尝试第1次重连...
2025-04-28 21:57:12,835 - INFO - Websocket connected
2025-04-28 21:57:12,836 - INFO - 连接建立
2025-04-28 21:57:14,675 - INFO - 重连成功
2025-04-28 21:57:14,716 - WARNING - 错误码：10165，信息：invalid handle
2025-04-28 21:57:15,215 - INFO - 连接关闭
2025-04-28 21:57:16,218 - INFO - 尝试第1次重连...
2025-04-28 21:57:16,375 - INFO - Websocket connected
2025-04-28 21:57:16,376 - INFO - 连接建立
2025-04-28 21:57:18,233 - INFO - 重连成功
2025-04-28 21:57:18,275 - WARNING - 错误码：10165，信息：invalid handle
2025-04-28 21:57:18,773 - INFO - 连接关闭
2025-04-28 21:57:19,781 - INFO - 尝试第1次重连...
2025-04-28 21:57:19,932 - INFO - Websocket connected
2025-04-28 21:57:19,932 - INFO - 连接建立
2025-04-28 21:57:21,795 - INFO - 重连成功
2025-04-28 21:57:21,831 - WARNING - 错误码：10165，信息：invalid handle
2025-04-28 21:57:22,334 - INFO - 连接关闭
2025-04-28 21:57:23,345 - INFO - 尝试第1次重连...
2025-04-28 21:57:23,512 - INFO - Websocket connected
2025-04-28 21:57:23,513 - INFO - 连接建立
2025-04-28 21:57:25,354 - INFO - 重连成功
2025-04-28 21:57:25,396 - WARNING - 错误码：10165，信息：invalid handle
2025-04-28 21:57:25,896 - INFO - 连接关闭
2025-04-28 21:57:26,909 - INFO - 尝试第1次重连...
2025-04-28 21:57:27,054 - INFO - Websocket connected
2025-04-28 21:57:27,054 - INFO - 连接建立
2025-04-28 21:57:28,915 - INFO - 重连成功
2025-04-28 21:57:28,951 - WARNING - 错误码：10165，信息：invalid handle
2025-04-28 21:57:29,450 - INFO - 连接关闭
2025-04-28 21:57:30,458 - INFO - 尝试第1次重连...
2025-04-28 21:57:30,614 - INFO - Websocket connected
2025-04-28 21:57:30,615 - INFO - 连接建立
2025-04-28 21:57:32,464 - INFO - 重连成功
2025-04-28 21:57:32,500 - WARNING - 错误码：10165，信息：invalid handle
2025-04-28 21:57:33,002 - INFO - 连接关闭
2025-04-28 21:57:34,015 - INFO - 尝试第1次重连...
2025-04-28 21:57:34,184 - INFO - Websocket connected
2025-04-28 21:57:34,185 - INFO - 连接建立
2025-04-28 21:57:36,028 - INFO - 重连成功
2025-04-28 21:57:36,069 - WARNING - 错误码：10165，信息：invalid handle
2025-04-28 21:57:36,568 - INFO - 连接关闭
2025-04-28 21:57:37,580 - INFO - 尝试第1次重连...
2025-04-28 21:57:37,761 - INFO - Websocket connected
2025-04-28 21:57:37,762 - INFO - 连接建立
2025-04-28 21:57:39,593 - INFO - 重连成功
2025-04-28 21:57:39,633 - WARNING - 错误码：10165，信息：invalid handle
2025-04-28 21:57:40,138 - INFO - 连接关闭
2025-04-28 21:57:41,139 - INFO - 尝试第1次重连...
2025-04-28 21:57:41,323 - INFO - Websocket connected
2025-04-28 21:57:41,323 - INFO - 连接建立
2025-04-28 21:57:43,143 - INFO - 重连成功
2025-04-28 21:57:43,184 - WARNING - 错误码：10165，信息：invalid handle
2025-04-28 21:57:43,684 - INFO - 连接关闭
2025-04-28 21:57:44,700 - INFO - 尝试第1次重连...
2025-04-28 21:57:44,854 - INFO - Websocket connected
2025-04-28 21:57:44,855 - INFO - 连接建立
2025-04-28 21:57:46,710 - INFO - 重连成功
2025-04-28 21:57:46,745 - WARNING - 错误码：10165，信息：invalid handle
2025-04-28 21:57:47,246 - INFO - 连接关闭
2025-04-28 21:57:48,253 - INFO - 尝试第1次重连...
2025-04-28 21:57:48,418 - INFO - Websocket connected
2025-04-28 21:57:48,419 - INFO - 连接建立
2025-04-28 21:57:50,264 - INFO - 重连成功
2025-04-28 21:57:50,302 - WARNING - 错误码：10165，信息：invalid handle
2025-04-28 21:57:50,805 - INFO - 连接关闭
2025-04-28 21:57:51,819 - INFO - 尝试第1次重连...
2025-04-28 21:57:51,973 - INFO - Websocket connected
2025-04-28 21:57:51,973 - INFO - 连接建立
2025-04-28 21:57:53,828 - INFO - 重连成功
2025-04-28 21:57:53,863 - WARNING - 错误码：10165，信息：invalid handle
2025-04-28 21:57:54,365 - INFO - 连接关闭
2025-04-28 21:57:55,372 - INFO - 尝试第1次重连...
2025-04-28 21:57:55,531 - INFO - Websocket connected
2025-04-28 21:57:55,532 - INFO - 连接建立
2025-04-28 21:57:57,388 - INFO - 重连成功
2025-04-28 21:57:57,426 - WARNING - 错误码：10165，信息：invalid handle
2025-04-28 21:57:57,929 - INFO - 连接关闭
2025-04-28 21:57:58,933 - INFO - 尝试第1次重连...
2025-04-28 21:57:59,079 - INFO - Websocket connected
2025-04-28 21:57:59,080 - INFO - 连接建立
2025-04-28 21:58:00,943 - INFO - 重连成功
2025-04-28 21:58:00,983 - WARNING - 错误码：10165，信息：invalid handle
2025-04-28 21:58:01,484 - INFO - 连接关闭
2025-04-28 21:58:02,491 - INFO - 尝试第1次重连...
2025-04-28 21:58:02,653 - INFO - Websocket connected
2025-04-28 21:58:02,654 - INFO - 连接建立
2025-04-28 21:58:04,504 - INFO - 重连成功
2025-04-28 21:58:04,545 - WARNING - 错误码：10165，信息：invalid handle
2025-04-28 21:58:05,045 - INFO - 连接关闭
2025-04-28 21:58:06,049 - INFO - 尝试第1次重连...
2025-04-28 21:58:06,190 - INFO - Websocket connected
2025-04-28 21:58:06,191 - INFO - 连接建立
2025-04-28 21:58:08,054 - INFO - 重连成功
2025-04-28 21:58:08,092 - WARNING - 错误码：10165，信息：invalid handle
2025-04-28 21:58:08,592 - INFO - 连接关闭
2025-04-28 21:58:09,595 - INFO - 尝试第1次重连...
2025-04-28 21:58:09,763 - INFO - Websocket connected
2025-04-28 21:58:09,764 - INFO - 连接建立
2025-04-28 21:58:11,599 - INFO - 重连成功
2025-04-28 21:58:11,639 - WARNING - 错误码：10165，信息：invalid handle
2025-04-28 21:58:12,144 - INFO - 连接关闭
2025-04-28 21:58:13,148 - INFO - 尝试第1次重连...
2025-04-28 21:58:13,301 - INFO - Websocket connected
2025-04-28 21:58:13,301 - INFO - 连接建立
2025-04-28 21:58:15,160 - INFO - 重连成功
2025-04-28 21:58:15,195 - WARNING - 错误码：10165，信息：invalid handle
2025-04-28 21:58:15,702 - INFO - 连接关闭
2025-04-28 21:58:16,708 - INFO - 尝试第1次重连...
2025-04-28 21:58:16,872 - INFO - Websocket connected
2025-04-28 21:58:16,873 - INFO - 连接建立
2025-04-28 21:58:18,710 - INFO - 重连成功
2025-04-28 21:58:18,763 - WARNING - 错误码：10165，信息：invalid handle
2025-04-28 21:58:19,258 - INFO - 连接关闭
2025-04-28 21:58:20,268 - INFO - 尝试第1次重连...
2025-04-28 21:58:20,444 - INFO - Websocket connected
2025-04-28 21:58:20,445 - INFO - 连接建立
2025-04-28 21:58:22,276 - INFO - 重连成功
2025-04-28 21:58:22,319 - WARNING - 错误码：10165，信息：invalid handle
2025-04-28 21:58:22,820 - INFO - 连接关闭
2025-04-28 21:58:23,828 - INFO - 尝试第1次重连...
2025-04-28 21:58:23,989 - INFO - Websocket connected
2025-04-28 21:58:23,990 - INFO - 连接建立
2025-04-28 21:58:25,845 - INFO - 重连成功
2025-04-28 21:58:25,888 - WARNING - 错误码：10165，信息：invalid handle
2025-04-28 21:58:26,386 - INFO - 连接关闭
2025-04-28 21:58:27,393 - INFO - 尝试第1次重连...
2025-04-28 21:58:27,582 - INFO - Websocket connected
2025-04-28 21:58:27,582 - INFO - 连接建立
2025-04-28 21:58:29,404 - INFO - 重连成功
2025-04-28 21:58:29,445 - WARNING - 错误码：10165，信息：invalid handle
2025-04-28 21:58:29,944 - INFO - 连接关闭
2025-04-28 21:58:30,952 - INFO - 尝试第1次重连...
2025-04-28 21:58:31,091 - INFO - Websocket connected
2025-04-28 21:58:31,092 - INFO - 连接建立
2025-04-28 21:58:32,966 - INFO - 重连成功
2025-04-28 21:58:33,002 - WARNING - 错误码：10165，信息：invalid handle
2025-04-28 21:58:33,502 - INFO - 连接关闭
2025-04-28 21:58:34,509 - INFO - 尝试第1次重连...
2025-04-28 21:58:34,671 - INFO - Websocket connected
2025-04-28 21:58:34,672 - INFO - 连接建立
2025-04-28 21:58:36,519 - INFO - 重连成功
2025-04-28 21:58:36,564 - WARNING - 错误码：10165，信息：invalid handle
2025-04-28 21:58:37,056 - INFO - 连接关闭
2025-04-28 21:58:38,059 - INFO - 尝试第1次重连...
2025-04-28 21:58:38,235 - INFO - Websocket connected
2025-04-28 21:58:38,235 - INFO - 连接建立
2025-04-28 21:58:40,075 - INFO - 重连成功
2025-04-28 21:58:40,121 - WARNING - 错误码：10165，信息：invalid handle
2025-04-28 21:58:40,632 - INFO - 连接关闭
2025-04-28 21:58:41,647 - INFO - 尝试第1次重连...
2025-04-28 21:58:41,828 - INFO - Websocket connected
2025-04-28 21:58:41,829 - INFO - 连接建立
2025-04-28 21:58:43,660 - INFO - 重连成功
2025-04-28 21:58:43,700 - WARNING - 错误码：10165，信息：invalid handle
2025-04-28 21:58:44,201 - INFO - 连接关闭
2025-04-28 21:58:45,209 - INFO - 尝试第1次重连...
2025-04-28 21:58:45,380 - INFO - Websocket connected
2025-04-28 21:58:45,381 - INFO - 连接建立
2025-04-28 21:58:47,216 - INFO - 重连成功
2025-04-28 21:58:47,256 - WARNING - 错误码：10165，信息：invalid handle
2025-04-28 21:58:47,756 - INFO - 连接关闭
2025-04-28 21:58:48,771 - INFO - 尝试第1次重连...
2025-04-28 21:58:48,937 - INFO - Websocket connected
2025-04-28 21:58:48,938 - INFO - 连接建立
2025-04-28 21:58:50,779 - INFO - 重连成功
2025-04-28 21:58:50,821 - WARNING - 错误码：10165，信息：invalid handle
2025-04-28 21:58:51,345 - INFO - 连接关闭
2025-04-28 21:58:52,361 - INFO - 尝试第1次重连...
2025-04-28 21:58:52,530 - INFO - Websocket connected
2025-04-28 21:58:52,532 - INFO - 连接建立
2025-04-28 21:58:54,364 - INFO - 重连成功
2025-04-28 21:58:54,401 - WARNING - 错误码：10165，信息：invalid handle
2025-04-28 21:58:54,900 - INFO - 连接关闭
2025-04-28 21:58:55,904 - INFO - 尝试第1次重连...
2025-04-28 21:58:56,080 - INFO - Websocket connected
2025-04-28 21:58:56,080 - INFO - 连接建立
2025-04-28 21:58:57,920 - INFO - 重连成功
2025-04-28 21:58:57,972 - WARNING - 错误码：10165，信息：invalid handle
2025-04-28 21:58:58,477 - INFO - 连接关闭
2025-04-28 21:58:59,486 - INFO - 尝试第1次重连...
2025-04-28 21:58:59,626 - INFO - Websocket connected
2025-04-28 21:58:59,627 - INFO - 连接建立
2025-04-28 21:59:01,494 - INFO - 重连成功
2025-04-28 21:59:01,566 - WARNING - 错误码：10165，信息：invalid handle
2025-04-28 21:59:02,050 - INFO - 连接关闭
2025-04-28 21:59:03,052 - INFO - 尝试第1次重连...
2025-04-28 21:59:03,206 - INFO - Websocket connected
2025-04-28 21:59:03,207 - INFO - 连接建立
2025-04-28 21:59:05,056 - INFO - 重连成功
2025-04-28 21:59:05,095 - WARNING - 错误码：10165，信息：invalid handle
2025-04-28 21:59:05,593 - INFO - 连接关闭
2025-04-28 21:59:06,599 - INFO - 尝试第1次重连...
2025-04-28 21:59:06,772 - INFO - Websocket connected
2025-04-28 21:59:06,772 - INFO - 连接建立
2025-04-28 21:59:08,601 - INFO - 重连成功
2025-04-28 21:59:08,642 - WARNING - 错误码：10165，信息：invalid handle
2025-04-28 21:59:09,143 - INFO - 连接关闭
2025-04-28 21:59:10,151 - INFO - 尝试第1次重连...
2025-04-28 21:59:10,298 - INFO - Websocket connected
2025-04-28 21:59:10,298 - INFO - 连接建立
2025-04-28 21:59:12,164 - INFO - 重连成功
2025-04-28 21:59:12,198 - WARNING - 错误码：10165，信息：invalid handle
2025-04-28 21:59:12,699 - INFO - 连接关闭
2025-04-28 21:59:13,702 - INFO - 尝试第1次重连...
2025-04-28 21:59:13,862 - INFO - Websocket connected
2025-04-28 21:59:13,863 - INFO - 连接建立
2025-04-28 21:59:15,711 - INFO - 重连成功
2025-04-28 21:59:15,750 - WARNING - 错误码：10165，信息：invalid handle
2025-04-28 21:59:16,250 - INFO - 连接关闭
2025-04-28 21:59:17,255 - INFO - 尝试第1次重连...
2025-04-28 21:59:17,400 - INFO - Websocket connected
2025-04-28 21:59:17,401 - INFO - 连接建立
2025-04-28 21:59:19,268 - INFO - 重连成功
2025-04-28 21:59:19,303 - WARNING - 错误码：10165，信息：invalid handle
2025-04-28 21:59:19,802 - INFO - 连接关闭
2025-04-28 21:59:20,806 - INFO - 尝试第1次重连...
2025-04-28 21:59:20,972 - INFO - Websocket connected
2025-04-28 21:59:20,972 - INFO - 连接建立
2025-04-28 21:59:22,817 - INFO - 重连成功
2025-04-28 21:59:22,857 - WARNING - 错误码：10165，信息：invalid handle
2025-04-28 21:59:23,361 - INFO - 连接关闭
2025-04-28 21:59:24,370 - INFO - 尝试第1次重连...
2025-04-28 21:59:24,510 - INFO - Websocket connected
2025-04-28 21:59:24,510 - INFO - 连接建立
2025-04-28 21:59:26,381 - INFO - 重连成功
2025-04-28 21:59:26,417 - WARNING - 错误码：10165，信息：invalid handle
2025-04-28 21:59:26,916 - INFO - 连接关闭
2025-04-28 21:59:27,925 - INFO - 尝试第1次重连...
2025-04-28 21:59:28,091 - INFO - Websocket connected
2025-04-28 21:59:28,092 - INFO - 连接建立
2025-04-28 21:59:29,934 - INFO - 重连成功
2025-04-28 21:59:29,972 - WARNING - 错误码：10165，信息：invalid handle
2025-04-28 21:59:30,480 - INFO - 连接关闭
2025-04-28 21:59:31,486 - INFO - 尝试第1次重连...
2025-04-28 21:59:31,906 - INFO - Websocket connected
2025-04-28 21:59:31,907 - INFO - 连接建立
2025-04-28 21:59:33,488 - INFO - 重连成功
2025-04-28 21:59:33,530 - WARNING - 错误码：10165，信息：invalid handle
2025-04-28 21:59:34,030 - INFO - 连接关闭
2025-04-28 21:59:35,030 - INFO - 尝试第1次重连...
2025-04-28 21:59:35,205 - INFO - Websocket connected
2025-04-28 21:59:35,206 - INFO - 连接建立
2025-04-28 21:59:37,046 - INFO - 重连成功
2025-04-28 21:59:37,091 - WARNING - 错误码：10165，信息：invalid handle
2025-04-28 21:59:37,593 - INFO - 连接关闭
2025-04-28 21:59:38,595 - INFO - 尝试第1次重连...
2025-04-28 21:59:38,751 - INFO - Websocket connected
2025-04-28 21:59:38,751 - INFO - 连接建立
2025-04-28 21:59:40,602 - INFO - 重连成功
2025-04-28 21:59:40,639 - WARNING - 错误码：10165，信息：invalid handle
2025-04-28 21:59:41,139 - INFO - 连接关闭
2025-04-28 21:59:42,155 - INFO - 尝试第1次重连...
2025-04-28 21:59:42,326 - INFO - Websocket connected
2025-04-28 21:59:42,326 - INFO - 连接建立
2025-04-28 21:59:44,165 - INFO - 重连成功
2025-04-28 21:59:44,208 - WARNING - 错误码：10165，信息：invalid handle
2025-04-28 21:59:44,708 - INFO - 连接关闭
2025-04-28 21:59:45,715 - INFO - 尝试第1次重连...
2025-04-28 21:59:45,902 - INFO - Websocket connected
2025-04-28 21:59:45,902 - INFO - 连接建立
2025-04-28 21:59:47,720 - INFO - 重连成功
2025-04-28 21:59:47,766 - WARNING - 错误码：10165，信息：invalid handle
2025-04-28 21:59:48,267 - INFO - 连接关闭
2025-04-28 21:59:49,272 - INFO - 尝试第1次重连...
2025-04-28 21:59:49,450 - INFO - Websocket connected
2025-04-28 21:59:49,450 - INFO - 连接建立
2025-04-28 21:59:51,276 - INFO - 重连成功
2025-04-28 21:59:51,320 - WARNING - 错误码：10165，信息：invalid handle
2025-04-28 21:59:51,820 - INFO - 连接关闭
2025-04-28 21:59:52,834 - INFO - 尝试第1次重连...
2025-04-28 21:59:53,027 - INFO - Websocket connected
2025-04-28 21:59:53,029 - INFO - 连接建立
2025-04-28 21:59:54,841 - INFO - 重连成功
2025-04-28 21:59:54,891 - WARNING - 错误码：10165，信息：invalid handle
2025-04-28 21:59:55,386 - INFO - 连接关闭
2025-04-28 21:59:56,396 - INFO - 尝试第1次重连...
2025-04-28 21:59:56,568 - INFO - Websocket connected
2025-04-28 21:59:56,568 - INFO - 连接建立
2025-04-28 21:59:58,397 - INFO - 重连成功
2025-04-28 21:59:58,442 - WARNING - 错误码：10165，信息：invalid handle
2025-04-28 21:59:58,943 - INFO - 连接关闭
2025-04-28 21:59:59,955 - INFO - 尝试第1次重连...
2025-04-28 22:00:00,145 - INFO - Websocket connected
2025-04-28 22:00:00,146 - INFO - 连接建立
2025-04-28 22:00:01,957 - INFO - 重连成功
2025-04-28 22:00:02,012 - WARNING - 错误码：10165，信息：invalid handle
2025-04-28 22:00:02,508 - INFO - 连接关闭
2025-04-28 22:00:03,512 - INFO - 尝试第1次重连...
2025-04-28 22:00:03,707 - INFO - Websocket connected
2025-04-28 22:00:03,707 - INFO - 连接建立
2025-04-28 22:00:05,523 - INFO - 重连成功
2025-04-28 22:00:05,571 - WARNING - 错误码：10165，信息：invalid handle
2025-04-28 22:00:06,070 - INFO - 连接关闭
2025-04-28 22:00:07,075 - INFO - 尝试第1次重连...
2025-04-28 22:00:07,257 - INFO - Websocket connected
2025-04-28 22:00:07,258 - INFO - 连接建立
2025-04-28 22:00:09,083 - INFO - 重连成功
2025-04-28 22:00:09,129 - WARNING - 错误码：10165，信息：invalid handle
2025-04-28 22:00:09,630 - INFO - 连接关闭
2025-04-28 22:00:10,640 - INFO - 尝试第1次重连...
2025-04-28 22:00:10,811 - INFO - Websocket connected
2025-04-28 22:00:10,811 - INFO - 连接建立
2025-04-28 22:00:12,647 - INFO - 重连成功
2025-04-28 22:00:12,688 - WARNING - 错误码：10165，信息：invalid handle
2025-04-28 22:00:13,188 - INFO - 连接关闭
2025-04-28 22:00:14,199 - INFO - 尝试第1次重连...
2025-04-28 22:00:14,392 - INFO - Websocket connected
2025-04-28 22:00:14,394 - INFO - 连接建立
2025-04-28 22:00:16,201 - INFO - 重连成功
2025-04-28 22:00:16,246 - WARNING - 错误码：10165，信息：invalid handle
2025-04-28 22:00:16,746 - INFO - 连接关闭
2025-04-28 22:00:17,748 - INFO - 尝试第1次重连...
2025-04-28 22:00:17,930 - INFO - Websocket connected
2025-04-28 22:00:17,931 - INFO - 连接建立
2025-04-28 22:00:19,754 - INFO - 重连成功
2025-04-28 22:00:19,798 - WARNING - 错误码：10165，信息：invalid handle
2025-04-28 22:00:20,300 - INFO - 连接关闭
2025-04-28 22:00:21,303 - INFO - 尝试第1次重连...
2025-04-28 22:00:21,530 - INFO - Websocket connected
2025-04-28 22:00:21,530 - INFO - 连接建立
2025-04-28 22:00:23,317 - INFO - 重连成功
2025-04-28 22:00:23,363 - WARNING - 错误码：10165，信息：invalid handle
2025-04-28 22:00:23,863 - INFO - 连接关闭
2025-04-28 22:00:24,864 - INFO - 尝试第1次重连...
2025-04-28 22:00:25,053 - INFO - Websocket connected
2025-04-28 22:00:25,053 - INFO - 连接建立
2025-04-28 22:00:26,866 - INFO - 重连成功
2025-04-28 22:00:26,911 - WARNING - 错误码：10165，信息：invalid handle
2025-04-28 22:00:27,413 - INFO - 连接关闭
2025-04-28 22:00:28,424 - INFO - 尝试第1次重连...
2025-04-28 22:00:28,589 - INFO - Websocket connected
2025-04-28 22:00:28,589 - INFO - 连接建立
2025-04-28 22:00:30,435 - INFO - 重连成功
2025-04-28 22:00:30,477 - WARNING - 错误码：10165，信息：invalid handle
2025-04-28 22:00:30,978 - INFO - 连接关闭
2025-04-28 22:00:31,993 - INFO - 尝试第1次重连...
2025-04-28 22:00:32,168 - INFO - Websocket connected
2025-04-28 22:00:32,168 - INFO - 连接建立
2025-04-28 22:00:34,007 - INFO - 重连成功
2025-04-28 22:00:34,047 - WARNING - 错误码：10165，信息：invalid handle
2025-04-28 22:00:34,546 - INFO - 连接关闭
2025-04-28 22:00:35,560 - INFO - 尝试第1次重连...
2025-04-28 22:00:35,720 - INFO - Websocket connected
2025-04-28 22:00:35,721 - INFO - 连接建立
2025-04-28 22:00:37,570 - INFO - 重连成功
2025-04-28 22:00:37,616 - WARNING - 错误码：10165，信息：invalid handle
2025-04-28 22:00:38,115 - INFO - 连接关闭
2025-04-28 22:00:39,129 - INFO - 尝试第1次重连...
2025-04-28 22:00:39,269 - INFO - Websocket connected
2025-04-28 22:00:39,270 - INFO - 连接建立
2025-04-28 22:00:41,140 - INFO - 重连成功
2025-04-28 22:00:41,174 - WARNING - 错误码：10165，信息：invalid handle
2025-04-28 22:00:41,673 - INFO - 连接关闭
2025-04-28 22:00:42,681 - INFO - 尝试第1次重连...
2025-04-28 22:00:42,841 - INFO - Websocket connected
2025-04-28 22:00:42,841 - INFO - 连接建立
2025-04-28 22:00:44,685 - INFO - 重连成功
2025-04-28 22:00:44,736 - WARNING - 错误码：10165，信息：invalid handle
2025-04-28 22:00:45,223 - INFO - 连接关闭
2025-04-28 22:00:46,226 - INFO - 尝试第1次重连...
2025-04-28 22:00:46,391 - INFO - Websocket connected
2025-04-28 22:00:46,392 - INFO - 连接建立
2025-04-28 22:00:48,236 - INFO - 重连成功
2025-04-28 22:00:48,289 - WARNING - 错误码：10165，信息：invalid handle
2025-04-28 22:00:48,775 - INFO - 连接关闭
2025-04-28 22:00:49,790 - INFO - 尝试第1次重连...
2025-04-28 22:00:49,959 - INFO - Websocket connected
2025-04-28 22:00:49,959 - INFO - 连接建立
2025-04-28 22:00:51,804 - INFO - 重连成功
2025-04-28 22:00:51,851 - WARNING - 错误码：10165，信息：invalid handle
2025-04-28 22:00:52,346 - INFO - 连接关闭
2025-04-28 22:00:53,362 - INFO - 尝试第1次重连...
2025-04-28 22:00:53,536 - INFO - Websocket connected
2025-04-28 22:00:53,537 - INFO - 连接建立
2025-04-28 22:00:55,372 - INFO - 重连成功
2025-04-28 22:00:55,419 - WARNING - 检测到连接丢失，尝试恢复...
2025-04-28 22:00:55,421 - WARNING - 错误码：10165，信息：invalid handle
2025-04-28 22:00:55,916 - INFO - 连接关闭
2025-04-28 22:00:56,426 - INFO - 尝试第1次重连...
2025-04-28 22:00:56,616 - INFO - Websocket connected
2025-04-28 22:00:56,617 - INFO - 连接建立
2025-04-28 22:00:56,923 - INFO - 尝试第1次重连...
2025-04-28 22:00:58,439 - INFO - 重连成功
2025-04-28 22:00:58,478 - INFO - 连接关闭
2025-04-28 22:00:59,166 - INFO - Websocket connected
2025-04-28 22:00:59,168 - INFO - 连接建立
2025-04-28 22:01:00,983 - INFO - 重连成功
2025-04-28 22:01:01,028 - WARNING - 错误码：10165，信息：invalid handle
2025-04-28 22:01:01,527 - INFO - 连接关闭
2025-04-28 22:01:02,543 - INFO - 尝试第1次重连...
2025-04-28 22:01:02,705 - INFO - Websocket connected
2025-04-28 22:01:02,706 - INFO - 连接建立
2025-04-28 22:01:04,555 - INFO - 重连成功
2025-04-28 22:01:04,610 - WARNING - 错误码：10165，信息：invalid handle
2025-04-28 22:01:05,096 - INFO - 连接关闭
2025-04-28 22:01:06,100 - INFO - 尝试第1次重连...
2025-04-28 22:01:06,254 - INFO - Websocket connected
2025-04-28 22:01:06,254 - INFO - 连接建立
2025-04-28 22:01:08,114 - INFO - 重连成功
2025-04-28 22:01:08,155 - WARNING - 错误码：10165，信息：invalid handle
2025-04-28 22:01:08,655 - INFO - 连接关闭
2025-04-28 22:01:09,660 - INFO - 尝试第1次重连...
2025-04-28 22:01:09,811 - INFO - Websocket connected
2025-04-28 22:01:09,811 - INFO - 连接建立
2025-04-28 22:01:11,669 - INFO - 重连成功
2025-04-28 22:01:11,706 - WARNING - 错误码：10165，信息：invalid handle
2025-04-28 22:01:12,207 - INFO - 连接关闭
2025-04-28 22:01:13,213 - INFO - 尝试第1次重连...
2025-04-28 22:01:13,398 - INFO - Websocket connected
2025-04-28 22:01:13,398 - INFO - 连接建立
2025-04-28 22:01:15,220 - INFO - 重连成功
2025-04-28 22:01:15,261 - WARNING - 错误码：10165，信息：invalid handle
2025-04-28 22:01:15,761 - INFO - 连接关闭
2025-04-28 22:01:16,768 - INFO - 尝试第1次重连...
2025-04-28 22:01:16,905 - INFO - Websocket connected
2025-04-28 22:01:16,905 - INFO - 连接建立
2025-04-28 22:01:18,784 - INFO - 重连成功
2025-04-28 22:01:18,818 - WARNING - 错误码：10165，信息：invalid handle
2025-04-28 22:01:19,318 - INFO - 连接关闭
2025-04-28 22:01:20,330 - INFO - 尝试第1次重连...
2025-04-28 22:01:20,487 - INFO - Websocket connected
2025-04-28 22:01:20,488 - INFO - 连接建立
2025-04-28 22:01:22,342 - INFO - 重连成功
2025-04-28 22:01:22,385 - WARNING - 错误码：10165，信息：invalid handle
2025-04-28 22:01:22,883 - INFO - 连接关闭
2025-04-28 22:01:23,890 - INFO - 尝试第1次重连...
2025-04-28 22:01:24,038 - INFO - Websocket connected
2025-04-28 22:01:24,038 - INFO - 连接建立
2025-04-28 22:01:25,905 - INFO - 重连成功
2025-04-28 22:01:25,942 - WARNING - 错误码：10165，信息：invalid handle
2025-04-28 22:01:26,442 - INFO - 连接关闭
2025-04-28 22:01:27,454 - INFO - 尝试第1次重连...
2025-04-28 22:01:27,608 - INFO - Websocket connected
2025-04-28 22:01:27,609 - INFO - 连接建立
2025-04-28 22:01:29,459 - INFO - 重连成功
2025-04-28 22:01:29,494 - WARNING - 错误码：10165，信息：invalid handle
2025-04-28 22:01:29,993 - INFO - 连接关闭
2025-04-28 22:01:30,995 - INFO - 尝试第1次重连...
2025-04-28 22:01:31,154 - INFO - Websocket connected
2025-04-28 22:01:31,154 - INFO - 连接建立
2025-04-28 22:01:33,009 - INFO - 重连成功
2025-04-28 22:01:33,051 - WARNING - 错误码：10165，信息：invalid handle
2025-04-28 22:01:33,543 - INFO - 连接关闭
2025-04-28 22:01:34,550 - INFO - 尝试第1次重连...
2025-04-28 22:01:34,688 - INFO - Websocket connected
2025-04-28 22:01:34,688 - INFO - 连接建立
2025-04-28 22:01:36,560 - INFO - 重连成功
2025-04-28 22:01:36,596 - WARNING - 错误码：10165，信息：invalid handle
2025-04-28 22:01:37,094 - INFO - 连接关闭
2025-04-28 22:01:38,108 - INFO - 尝试第1次重连...
2025-04-28 22:01:38,273 - INFO - Websocket connected
2025-04-28 22:01:38,274 - INFO - 连接建立
2025-04-28 22:01:40,121 - INFO - 重连成功
2025-04-28 22:01:40,159 - WARNING - 错误码：10165，信息：invalid handle
2025-04-28 22:01:40,658 - INFO - 连接关闭
2025-04-28 22:01:41,664 - INFO - 尝试第1次重连...
2025-04-28 22:01:41,832 - INFO - Websocket connected
2025-04-28 22:01:41,832 - INFO - 连接建立
2025-04-28 22:01:43,668 - INFO - 重连成功
2025-04-28 22:01:43,709 - WARNING - 错误码：10165，信息：invalid handle
2025-04-28 22:01:44,208 - INFO - 连接关闭
2025-04-28 22:01:45,209 - INFO - 尝试第1次重连...
2025-04-28 22:01:45,379 - INFO - Websocket connected
2025-04-28 22:01:45,380 - INFO - 连接建立
2025-04-28 22:01:47,212 - INFO - 重连成功
2025-04-28 22:01:47,248 - WARNING - 错误码：10165，信息：invalid handle
2025-04-28 22:01:47,753 - INFO - 连接关闭
2025-04-28 22:01:48,766 - INFO - 尝试第1次重连...
2025-04-28 22:01:48,929 - INFO - Websocket connected
2025-04-28 22:01:48,930 - INFO - 连接建立
2025-04-28 22:01:50,773 - INFO - 重连成功
2025-04-28 22:01:50,820 - WARNING - 错误码：10165，信息：invalid handle
2025-04-28 22:01:51,320 - INFO - 连接关闭
2025-04-28 22:01:52,335 - INFO - 尝试第1次重连...
2025-04-28 22:01:52,467 - INFO - Websocket connected
2025-04-28 22:01:52,468 - INFO - 连接建立
2025-04-28 22:01:54,346 - INFO - 重连成功
2025-04-28 22:01:54,379 - WARNING - 错误码：10165，信息：invalid handle
2025-04-28 22:01:54,879 - INFO - 连接关闭
2025-04-28 22:01:55,885 - INFO - 尝试第1次重连...
2025-04-28 22:01:56,051 - INFO - Websocket connected
2025-04-28 22:01:56,051 - INFO - 连接建立
2025-04-28 22:01:57,890 - INFO - 重连成功
2025-04-28 22:01:57,928 - WARNING - 错误码：10165，信息：invalid handle
2025-04-28 22:01:58,429 - INFO - 连接关闭
2025-04-28 22:01:59,435 - INFO - 尝试第1次重连...
2025-04-28 22:01:59,594 - INFO - Websocket connected
2025-04-28 22:01:59,595 - INFO - 连接建立
2025-04-28 22:02:01,445 - INFO - 重连成功
2025-04-28 22:02:01,480 - WARNING - 错误码：10165，信息：invalid handle
2025-04-28 22:02:01,981 - INFO - 连接关闭
2025-04-28 22:02:02,984 - INFO - 尝试第1次重连...
2025-04-28 22:02:03,181 - INFO - Websocket connected
2025-04-28 22:02:03,182 - INFO - 连接建立
2025-04-28 22:02:04,988 - INFO - 重连成功
2025-04-28 22:02:05,027 - WARNING - 错误码：10165，信息：invalid handle
2025-04-28 22:02:05,526 - INFO - 连接关闭
2025-04-28 22:02:06,535 - INFO - 尝试第1次重连...
2025-04-28 22:02:06,704 - INFO - Websocket connected
2025-04-28 22:02:06,704 - INFO - 连接建立
2025-04-28 22:02:08,549 - INFO - 重连成功
2025-04-28 22:02:08,590 - WARNING - 错误码：10165，信息：invalid handle
2025-04-28 22:02:09,090 - INFO - 连接关闭
2025-04-28 22:02:10,093 - INFO - 尝试第1次重连...
2025-04-28 22:02:10,235 - INFO - Websocket connected
2025-04-28 22:02:10,235 - INFO - 连接建立
2025-04-28 22:02:12,101 - INFO - 重连成功
2025-04-28 22:02:12,138 - WARNING - 错误码：10165，信息：invalid handle
2025-04-28 22:02:12,638 - INFO - 连接关闭
2025-04-28 22:02:13,653 - INFO - 尝试第1次重连...
2025-04-28 22:02:13,820 - INFO - Websocket connected
2025-04-28 22:02:13,822 - INFO - 连接建立
2025-04-28 22:02:15,664 - INFO - 重连成功
2025-04-28 22:02:15,708 - WARNING - 错误码：10165，信息：invalid handle
2025-04-28 22:02:16,205 - INFO - 连接关闭
2025-04-28 22:02:17,219 - INFO - 尝试第1次重连...
2025-04-28 22:02:17,387 - INFO - Websocket connected
2025-04-28 22:02:17,387 - INFO - 连接建立
2025-04-28 22:02:19,225 - INFO - 重连成功
2025-04-28 22:02:19,266 - WARNING - 错误码：10165，信息：invalid handle
2025-04-28 22:02:19,769 - INFO - 连接关闭
2025-04-28 22:02:20,770 - INFO - 尝试第1次重连...
2025-04-28 22:02:20,931 - INFO - Websocket connected
2025-04-28 22:02:20,931 - INFO - 连接建立
2025-04-28 22:02:22,778 - INFO - 重连成功
2025-04-28 22:02:22,823 - WARNING - 错误码：10165，信息：invalid handle
2025-04-28 22:02:23,319 - INFO - 连接关闭
2025-04-28 22:02:24,321 - INFO - 尝试第1次重连...
2025-04-28 22:02:24,492 - INFO - Websocket connected
2025-04-28 22:02:24,493 - INFO - 连接建立
2025-04-28 22:02:26,328 - INFO - 重连成功
2025-04-28 22:02:26,369 - WARNING - 错误码：10165，信息：invalid handle
2025-04-28 22:02:26,868 - INFO - 连接关闭
2025-04-28 22:02:27,881 - INFO - 尝试第1次重连...
2025-04-28 22:02:28,044 - INFO - Websocket connected
2025-04-28 22:02:28,044 - INFO - 连接建立
2025-04-28 22:02:29,885 - INFO - 重连成功
2025-04-28 22:02:29,922 - WARNING - 错误码：10165，信息：invalid handle
2025-04-28 22:02:30,422 - INFO - 连接关闭
2025-04-28 22:02:31,434 - INFO - 尝试第1次重连...
2025-04-28 22:02:31,593 - INFO - Websocket connected
2025-04-28 22:02:31,595 - INFO - 连接建立
2025-04-28 22:02:33,450 - INFO - 重连成功
2025-04-28 22:02:33,486 - WARNING - 错误码：10165，信息：invalid handle
2025-04-28 22:02:33,989 - INFO - 连接关闭
2025-04-28 22:02:34,992 - INFO - 尝试第1次重连...
2025-04-28 22:02:35,155 - INFO - Websocket connected
2025-04-28 22:02:35,155 - INFO - 连接建立
2025-04-28 22:02:36,996 - INFO - 重连成功
2025-04-28 22:02:37,035 - WARNING - 错误码：10165，信息：invalid handle
2025-04-28 22:02:37,536 - INFO - 连接关闭
2025-04-28 22:02:38,537 - INFO - 尝试第1次重连...
2025-04-28 22:02:38,691 - INFO - Websocket connected
2025-04-28 22:02:38,691 - INFO - 连接建立
2025-04-28 22:02:40,541 - INFO - 重连成功
2025-04-28 22:02:40,581 - WARNING - 错误码：10165，信息：invalid handle
2025-04-28 22:02:41,080 - INFO - 连接关闭
2025-04-28 22:02:42,092 - INFO - 尝试第1次重连...
2025-04-28 22:02:42,260 - INFO - Websocket connected
2025-04-28 22:02:42,260 - INFO - 连接建立
2025-04-28 22:02:44,094 - INFO - 重连成功
2025-04-28 22:02:44,137 - WARNING - 错误码：10165，信息：invalid handle
2025-04-28 22:02:44,639 - INFO - 连接关闭
2025-04-28 22:02:45,645 - INFO - 尝试第1次重连...
2025-04-28 22:02:45,817 - INFO - Websocket connected
2025-04-28 22:02:45,817 - INFO - 连接建立
2025-04-28 22:02:47,654 - INFO - 重连成功
2025-04-28 22:02:47,696 - WARNING - 错误码：10165，信息：invalid handle
2025-04-28 22:02:48,196 - INFO - 连接关闭
2025-04-28 22:02:49,204 - INFO - 尝试第1次重连...
2025-04-28 22:02:49,363 - INFO - Websocket connected
2025-04-28 22:02:49,363 - INFO - 连接建立
2025-04-28 22:02:51,211 - INFO - 重连成功
2025-04-28 22:02:51,251 - WARNING - 错误码：10165，信息：invalid handle
2025-04-28 22:02:51,751 - INFO - 连接关闭
2025-04-28 22:02:52,760 - INFO - 尝试第1次重连...
2025-04-28 22:02:52,938 - INFO - Websocket connected
2025-04-28 22:02:52,939 - INFO - 连接建立
2025-04-28 22:02:54,764 - INFO - 重连成功
2025-04-28 22:02:54,806 - WARNING - 错误码：10165，信息：invalid handle
2025-04-28 22:02:55,311 - INFO - 连接关闭
2025-04-28 22:02:56,323 - INFO - 尝试第1次重连...
2025-04-28 22:02:56,502 - INFO - Websocket connected
2025-04-28 22:02:56,502 - INFO - 连接建立
2025-04-28 22:02:58,332 - INFO - 重连成功
2025-04-28 22:02:58,377 - WARNING - 错误码：10165，信息：invalid handle
2025-04-28 22:02:58,875 - INFO - 连接关闭
2025-04-28 22:02:59,881 - INFO - 尝试第1次重连...
2025-04-28 22:03:00,056 - INFO - Websocket connected
2025-04-28 22:03:00,056 - INFO - 连接建立
2025-04-28 22:03:01,895 - INFO - 重连成功
2025-04-28 22:03:01,938 - WARNING - 错误码：10165，信息：invalid handle
2025-04-28 22:03:02,438 - INFO - 连接关闭
2025-04-28 22:03:03,451 - INFO - 尝试第1次重连...
2025-04-28 22:03:03,610 - INFO - Websocket connected
2025-04-28 22:03:03,610 - INFO - 连接建立
2025-04-28 22:03:05,453 - INFO - 重连成功
2025-04-28 22:03:05,489 - WARNING - 错误码：10165，信息：invalid handle
2025-04-28 22:03:05,991 - INFO - 连接关闭
2025-04-28 22:03:06,997 - INFO - 尝试第1次重连...
2025-04-28 22:03:07,176 - INFO - Websocket connected
2025-04-28 22:03:07,177 - INFO - 连接建立
2025-04-28 22:03:09,010 - INFO - 重连成功
2025-04-28 22:03:09,055 - WARNING - 错误码：10165，信息：invalid handle
2025-04-28 22:03:09,556 - INFO - 连接关闭
2025-04-28 22:03:10,561 - INFO - 尝试第1次重连...
2025-04-28 22:03:10,712 - INFO - Websocket connected
2025-04-28 22:03:10,712 - INFO - 连接建立
2025-04-28 22:03:12,566 - INFO - 重连成功
2025-04-28 22:03:12,604 - WARNING - 错误码：10165，信息：invalid handle
2025-04-28 22:03:13,106 - INFO - 连接关闭
2025-04-28 22:03:14,117 - INFO - 尝试第1次重连...
2025-04-28 22:03:14,292 - INFO - Websocket connected
2025-04-28 22:03:14,293 - INFO - 连接建立
2025-04-28 22:03:16,129 - INFO - 重连成功
2025-04-28 22:03:16,173 - WARNING - 错误码：10165，信息：invalid handle
2025-04-28 22:03:16,673 - INFO - 连接关闭
2025-04-28 22:03:17,679 - INFO - 尝试第1次重连...
2025-04-28 22:03:17,852 - INFO - Websocket connected
2025-04-28 22:03:17,852 - INFO - 连接建立
2025-04-28 22:03:19,691 - INFO - 重连成功
2025-04-28 22:03:19,737 - WARNING - 错误码：10165，信息：invalid handle
2025-04-28 22:03:20,233 - INFO - 连接关闭
2025-04-28 22:03:21,244 - INFO - 尝试第1次重连...
2025-04-28 22:03:21,427 - INFO - Websocket connected
2025-04-28 22:03:21,428 - INFO - 连接建立
2025-04-28 22:03:23,258 - INFO - 重连成功
2025-04-28 22:03:23,303 - WARNING - 错误码：10165，信息：invalid handle
2025-04-28 22:03:23,803 - INFO - 连接关闭
2025-04-28 22:03:24,807 - INFO - 尝试第1次重连...
2025-04-28 22:03:24,962 - INFO - Websocket connected
2025-04-28 22:03:24,963 - INFO - 连接建立
2025-04-28 22:03:26,819 - INFO - 重连成功
2025-04-28 22:03:26,859 - WARNING - 错误码：10165，信息：invalid handle
2025-04-28 22:03:27,357 - INFO - 连接关闭
2025-04-28 22:03:28,360 - INFO - 尝试第1次重连...
2025-04-28 22:03:28,542 - INFO - Websocket connected
2025-04-28 22:03:28,542 - INFO - 连接建立
2025-04-28 22:03:30,370 - INFO - 重连成功
2025-04-28 22:03:30,412 - WARNING - 错误码：10165，信息：invalid handle
2025-04-28 22:03:30,913 - INFO - 连接关闭
2025-04-28 22:03:31,927 - INFO - 尝试第1次重连...
2025-04-28 22:03:32,158 - INFO - Websocket connected
2025-04-28 22:03:32,158 - INFO - 连接建立
2025-04-28 22:03:33,934 - INFO - 重连成功
2025-04-28 22:03:33,979 - WARNING - 错误码：10165，信息：invalid handle
2025-04-28 22:03:34,480 - INFO - 连接关闭
2025-04-28 22:03:35,488 - INFO - 尝试第1次重连...
2025-04-28 22:03:35,659 - INFO - Websocket connected
2025-04-28 22:03:35,659 - INFO - 连接建立
2025-04-28 22:03:37,489 - INFO - 重连成功
2025-04-28 22:03:37,531 - WARNING - 错误码：10165，信息：invalid handle
2025-04-28 22:03:38,031 - INFO - 连接关闭
2025-04-28 22:03:39,034 - INFO - 尝试第1次重连...
2025-04-28 22:03:39,181 - INFO - Websocket connected
2025-04-28 22:03:39,182 - INFO - 连接建立
2025-04-28 22:03:41,050 - INFO - 重连成功
2025-04-28 22:03:41,086 - WARNING - 错误码：10165，信息：invalid handle
2025-04-28 22:03:41,584 - INFO - 连接关闭
2025-04-28 22:03:42,587 - INFO - 尝试第1次重连...
2025-04-28 22:03:42,753 - INFO - Websocket connected
2025-04-28 22:03:42,753 - INFO - 连接建立
2025-04-28 22:03:44,602 - INFO - 重连成功
2025-04-28 22:03:44,643 - WARNING - 错误码：10165，信息：invalid handle
2025-04-28 22:03:45,142 - INFO - 连接关闭
2025-04-28 22:03:46,149 - INFO - 尝试第1次重连...
2025-04-28 22:03:46,310 - INFO - Websocket connected
2025-04-28 22:03:46,312 - INFO - 连接建立
2025-04-28 22:03:48,162 - INFO - 重连成功
2025-04-28 22:03:48,219 - WARNING - 错误码：10165，信息：invalid handle
2025-04-28 22:03:48,715 - INFO - 连接关闭
2025-04-28 22:03:49,717 - INFO - 尝试第1次重连...
2025-04-28 22:03:49,875 - INFO - Websocket connected
2025-04-28 22:03:49,876 - INFO - 连接建立
2025-04-28 22:03:51,734 - INFO - 重连成功
2025-04-28 22:03:51,775 - WARNING - 错误码：10165，信息：invalid handle
2025-04-28 22:03:52,274 - INFO - 连接关闭
2025-04-28 22:03:53,287 - INFO - 尝试第1次重连...
2025-04-28 22:03:53,436 - INFO - Websocket connected
2025-04-28 22:03:53,437 - INFO - 连接建立
2025-04-28 22:03:55,304 - INFO - 重连成功
2025-04-28 22:03:55,341 - WARNING - 错误码：10165，信息：invalid handle
2025-04-28 22:03:55,839 - INFO - 连接关闭
2025-04-28 22:03:56,843 - INFO - 尝试第1次重连...
2025-04-28 22:03:57,031 - INFO - Websocket connected
2025-04-28 22:03:57,032 - INFO - 连接建立
2025-04-28 22:03:58,845 - INFO - 重连成功
2025-04-28 22:03:58,883 - WARNING - 错误码：10165，信息：invalid handle
2025-04-28 22:03:59,382 - INFO - 连接关闭
2025-04-28 22:04:00,392 - INFO - 尝试第1次重连...
2025-04-28 22:04:00,549 - INFO - Websocket connected
2025-04-28 22:04:00,550 - INFO - 连接建立
2025-04-28 22:04:02,395 - INFO - 重连成功
2025-04-28 22:04:02,437 - WARNING - 错误码：10165，信息：invalid handle
2025-04-28 22:04:02,939 - INFO - 连接关闭
2025-04-28 22:04:03,946 - INFO - 尝试第1次重连...
2025-04-28 22:04:04,116 - INFO - Websocket connected
2025-04-28 22:04:04,117 - INFO - 连接建立
2025-04-28 22:04:05,960 - INFO - 重连成功
2025-04-28 22:04:06,000 - WARNING - 错误码：10165，信息：invalid handle
2025-04-28 22:04:06,500 - INFO - 连接关闭
2025-04-28 22:04:07,507 - INFO - 尝试第1次重连...
2025-04-28 22:04:07,678 - INFO - Websocket connected
2025-04-28 22:04:07,678 - INFO - 连接建立
2025-04-28 22:04:09,524 - INFO - 重连成功
2025-04-28 22:04:09,570 - WARNING - 错误码：10165，信息：invalid handle
2025-04-28 22:04:10,066 - INFO - 连接关闭
2025-04-28 22:04:11,080 - INFO - 尝试第1次重连...
2025-04-28 22:04:11,247 - INFO - Websocket connected
2025-04-28 22:04:11,248 - INFO - 连接建立
2025-04-28 22:04:13,093 - INFO - 重连成功
2025-04-28 22:04:13,136 - WARNING - 错误码：10165，信息：invalid handle
2025-04-28 22:04:13,636 - INFO - 连接关闭
2025-04-28 22:04:14,644 - INFO - 尝试第1次重连...
2025-04-28 22:04:14,801 - INFO - Websocket connected
2025-04-28 22:04:14,801 - INFO - 连接建立
2025-04-28 22:04:16,646 - INFO - 重连成功
2025-04-28 22:04:16,686 - WARNING - 错误码：10165，信息：invalid handle
2025-04-28 22:04:17,186 - INFO - 连接关闭
2025-04-28 22:04:18,188 - INFO - 尝试第1次重连...
2025-04-28 22:04:18,392 - INFO - Websocket connected
2025-04-28 22:04:18,393 - INFO - 连接建立
2025-04-28 22:04:20,203 - INFO - 重连成功
2025-04-28 22:04:20,248 - WARNING - 错误码：10165，信息：invalid handle
2025-04-28 22:04:20,750 - INFO - 连接关闭
2025-04-28 22:04:21,762 - INFO - 尝试第1次重连...
2025-04-28 22:04:21,925 - INFO - Websocket connected
2025-04-28 22:04:21,925 - INFO - 连接建立
2025-04-28 22:04:23,768 - INFO - 重连成功
2025-04-28 22:04:23,783 - WARNING - 检测到连接丢失，尝试恢复...
2025-04-28 22:04:23,807 - WARNING - 错误码：10165，信息：invalid handle
2025-04-28 22:04:24,306 - INFO - 连接关闭
2025-04-28 22:04:24,799 - INFO - 尝试第1次重连...
2025-04-28 22:04:24,983 - INFO - Websocket connected
2025-04-28 22:04:24,984 - INFO - 连接建立
2025-04-28 22:04:25,321 - INFO - 尝试第1次重连...
2025-04-28 22:04:26,805 - INFO - 重连成功
2025-04-28 22:04:26,852 - INFO - 连接关闭
2025-04-28 22:04:27,512 - INFO - Websocket connected
2025-04-28 22:04:27,512 - INFO - 连接建立
2025-04-28 22:04:29,366 - INFO - 重连成功
2025-04-28 22:04:29,406 - WARNING - 错误码：10165，信息：invalid handle
2025-04-28 22:04:29,908 - INFO - 连接关闭
2025-04-28 22:04:30,914 - INFO - 尝试第1次重连...
2025-04-28 22:04:31,095 - INFO - Websocket connected
2025-04-28 22:04:31,096 - INFO - 连接建立
2025-04-28 22:04:32,921 - INFO - 重连成功
2025-04-28 22:04:32,966 - WARNING - 错误码：10165，信息：invalid handle
2025-04-28 22:04:33,466 - INFO - 连接关闭
2025-04-28 22:04:34,471 - INFO - 尝试第1次重连...
2025-04-28 22:04:34,765 - INFO - Websocket connected
2025-04-28 22:04:34,766 - INFO - 连接建立
2025-04-28 22:04:36,475 - INFO - 重连成功
2025-04-28 22:04:36,514 - WARNING - 错误码：10165，信息：invalid handle
2025-04-28 22:04:37,016 - INFO - 连接关闭
2025-04-28 22:04:38,025 - INFO - 尝试第1次重连...
2025-04-28 22:04:38,237 - INFO - Websocket connected
2025-04-28 22:04:38,237 - INFO - 连接建立
2025-04-28 22:04:40,034 - INFO - 重连成功
2025-04-28 22:04:40,091 - WARNING - 错误码：10165，信息：invalid handle
2025-04-28 22:04:40,593 - INFO - 连接关闭
2025-04-28 22:04:41,606 - INFO - 尝试第1次重连...
2025-04-28 22:04:41,761 - INFO - Websocket connected
2025-04-28 22:04:41,762 - INFO - 连接建立
2025-04-28 22:04:43,617 - INFO - 重连成功
2025-04-28 22:04:43,655 - WARNING - 错误码：10165，信息：invalid handle
2025-04-28 22:04:44,156 - INFO - 连接关闭
2025-04-28 22:04:45,161 - INFO - 尝试第1次重连...
2025-04-28 22:04:45,322 - INFO - Websocket connected
2025-04-28 22:04:45,323 - INFO - 连接建立
2025-04-28 22:04:47,169 - INFO - 重连成功
2025-04-28 22:04:47,204 - WARNING - 错误码：10165，信息：invalid handle
2025-04-28 22:04:47,703 - INFO - 连接关闭
2025-04-28 22:04:48,704 - INFO - 尝试第1次重连...
2025-04-28 22:04:48,865 - INFO - Websocket connected
2025-04-28 22:04:48,866 - INFO - 连接建立
2025-04-28 22:04:50,721 - INFO - 重连成功
2025-04-28 22:04:50,766 - WARNING - 错误码：10165，信息：invalid handle
2025-04-28 22:04:51,264 - INFO - 连接关闭
2025-04-28 22:04:52,269 - INFO - 尝试第1次重连...
2025-04-28 22:04:52,426 - INFO - Websocket connected
2025-04-28 22:04:52,427 - INFO - 连接建立
2025-04-28 22:04:54,276 - INFO - 重连成功
2025-04-28 22:04:54,313 - WARNING - 错误码：10165，信息：invalid handle
2025-04-28 22:04:54,814 - INFO - 连接关闭
2025-04-28 22:04:55,821 - INFO - 尝试第1次重连...
2025-04-28 22:04:55,958 - INFO - Websocket connected
2025-04-28 22:04:55,959 - INFO - 连接建立
2025-04-28 22:04:57,828 - INFO - 重连成功
2025-04-28 22:04:57,862 - WARNING - 错误码：10165，信息：invalid handle
2025-04-28 22:04:58,363 - INFO - 连接关闭
2025-04-28 22:04:59,373 - INFO - 尝试第1次重连...
2025-04-28 22:04:59,539 - INFO - Websocket connected
2025-04-28 22:04:59,540 - INFO - 连接建立
2025-04-28 22:05:01,387 - INFO - 重连成功
2025-04-28 22:05:01,426 - WARNING - 错误码：10165，信息：invalid handle
2025-04-28 22:05:01,926 - INFO - 连接关闭
2025-04-28 22:05:02,932 - INFO - 尝试第1次重连...
2025-04-28 22:05:03,091 - INFO - Websocket connected
2025-04-28 22:05:03,091 - INFO - 连接建立
2025-04-28 22:05:04,938 - INFO - 重连成功
2025-04-28 22:05:04,978 - WARNING - 错误码：10165，信息：invalid handle
2025-04-28 22:05:05,475 - INFO - 连接关闭
2025-04-28 22:05:06,485 - INFO - 尝试第1次重连...
2025-04-28 22:05:06,672 - INFO - Websocket connected
2025-04-28 22:05:06,673 - INFO - 连接建立
2025-04-28 22:05:08,499 - INFO - 重连成功
2025-04-28 22:05:08,542 - WARNING - 错误码：10165，信息：invalid handle
2025-04-28 22:05:09,044 - INFO - 连接关闭
2025-04-28 22:05:10,049 - INFO - 尝试第1次重连...
2025-04-28 22:05:10,225 - INFO - Websocket connected
2025-04-28 22:05:10,225 - INFO - 连接建立
2025-04-28 22:05:12,060 - INFO - 重连成功
2025-04-28 22:05:12,117 - WARNING - 错误码：10165，信息：invalid handle
2025-04-28 22:05:12,609 - INFO - 连接关闭
2025-04-28 22:05:13,613 - INFO - 尝试第1次重连...
2025-04-28 22:05:13,765 - INFO - Websocket connected
2025-04-28 22:05:13,766 - INFO - 连接建立
2025-04-28 22:05:15,625 - INFO - 重连成功
2025-04-28 22:05:15,669 - WARNING - 错误码：10165，信息：invalid handle
2025-04-28 22:05:16,166 - INFO - 连接关闭
2025-04-28 22:05:17,169 - INFO - 尝试第1次重连...
2025-04-28 22:05:17,348 - INFO - Websocket connected
2025-04-28 22:05:17,349 - INFO - 连接建立
2025-04-28 22:05:19,181 - INFO - 重连成功
2025-04-28 22:05:19,221 - WARNING - 错误码：10165，信息：invalid handle
2025-04-28 22:05:19,725 - INFO - 连接关闭
2025-04-28 22:05:20,726 - INFO - 尝试第1次重连...
2025-04-28 22:05:20,893 - INFO - Websocket connected
2025-04-28 22:05:20,894 - INFO - 连接建立
2025-04-28 22:05:22,736 - INFO - 重连成功
2025-04-28 22:05:22,775 - WARNING - 错误码：10165，信息：invalid handle
2025-04-28 22:05:23,282 - INFO - 连接关闭
2025-04-28 22:05:24,292 - INFO - 尝试第1次重连...
2025-04-28 22:05:24,435 - INFO - Websocket connected
2025-04-28 22:05:24,435 - INFO - 连接建立
2025-04-28 22:05:26,304 - INFO - 重连成功
2025-04-28 22:05:26,345 - WARNING - 错误码：10165，信息：invalid handle
2025-04-28 22:05:26,846 - INFO - 连接关闭
2025-04-28 22:05:27,859 - INFO - 尝试第1次重连...
2025-04-28 22:05:28,024 - INFO - Websocket connected
2025-04-28 22:05:28,025 - INFO - 连接建立
2025-04-28 22:05:29,868 - INFO - 重连成功
2025-04-28 22:05:29,910 - WARNING - 错误码：10165，信息：invalid handle
2025-04-28 22:05:30,417 - INFO - 连接关闭
2025-04-28 22:05:31,418 - INFO - 尝试第1次重连...
2025-04-28 22:05:31,586 - INFO - Websocket connected
2025-04-28 22:05:31,586 - INFO - 连接建立
2025-04-28 22:05:33,429 - INFO - 重连成功
2025-04-28 22:05:33,466 - WARNING - 错误码：10165，信息：invalid handle
2025-04-28 22:05:33,968 - INFO - 连接关闭
2025-04-28 22:05:34,976 - INFO - 尝试第1次重连...
2025-04-28 22:05:35,122 - INFO - Websocket connected
2025-04-28 22:05:35,123 - INFO - 连接建立
2025-04-28 22:05:36,983 - INFO - 重连成功
2025-04-28 22:05:37,019 - WARNING - 错误码：10165，信息：invalid handle
2025-04-28 22:05:37,520 - INFO - 连接关闭
2025-04-28 22:05:38,530 - INFO - 尝试第1次重连...
2025-04-28 22:05:38,677 - INFO - Websocket connected
2025-04-28 22:05:38,677 - INFO - 连接建立
2025-04-28 22:05:40,540 - INFO - 重连成功
2025-04-28 22:05:40,574 - WARNING - 错误码：10165，信息：invalid handle
2025-04-28 22:05:41,080 - INFO - 连接关闭
2025-04-28 22:05:42,094 - INFO - 尝试第1次重连...
2025-04-28 22:05:42,231 - INFO - Websocket connected
2025-04-28 22:05:42,232 - INFO - 连接建立
2025-04-28 22:05:44,104 - INFO - 重连成功
2025-04-28 22:05:44,145 - WARNING - 错误码：10165，信息：invalid handle
2025-04-28 22:05:44,641 - INFO - 连接关闭
2025-04-28 22:05:45,653 - INFO - 尝试第1次重连...
2025-04-28 22:05:45,814 - INFO - Websocket connected
2025-04-28 22:05:45,814 - INFO - 连接建立
2025-04-28 22:05:47,659 - INFO - 重连成功
2025-04-28 22:05:47,696 - WARNING - 错误码：10165，信息：invalid handle
2025-04-28 22:05:48,196 - INFO - 连接关闭
2025-04-28 22:05:49,204 - INFO - 尝试第1次重连...
2025-04-28 22:05:49,361 - INFO - Websocket connected
2025-04-28 22:05:49,361 - INFO - 连接建立
2025-04-28 22:05:51,212 - INFO - 重连成功
2025-04-28 22:05:51,258 - WARNING - 错误码：10165，信息：invalid handle
2025-04-28 22:05:51,756 - INFO - 连接关闭
2025-04-28 22:05:52,763 - INFO - 尝试第1次重连...
2025-04-28 22:05:52,934 - INFO - Websocket connected
2025-04-28 22:05:52,935 - INFO - 连接建立
2025-04-28 22:05:54,766 - INFO - 重连成功
2025-04-28 22:05:54,804 - WARNING - 错误码：10165，信息：invalid handle
2025-04-28 22:05:55,306 - INFO - 连接关闭
2025-04-28 22:05:56,318 - INFO - 尝试第1次重连...
2025-04-28 22:05:56,499 - INFO - Websocket connected
2025-04-28 22:05:56,500 - INFO - 连接建立
2025-04-28 22:05:58,331 - INFO - 重连成功
2025-04-28 22:05:58,387 - WARNING - 错误码：10165，信息：invalid handle
2025-04-28 22:05:58,897 - INFO - 连接关闭
2025-04-28 22:05:59,910 - INFO - 尝试第1次重连...
2025-04-28 22:06:00,096 - INFO - Websocket connected
2025-04-28 22:06:00,096 - INFO - 连接建立
2025-04-28 22:06:01,923 - INFO - 重连成功
2025-04-28 22:06:01,939 - WARNING - 检测到连接丢失，尝试恢复...
2025-04-28 22:06:01,963 - WARNING - 错误码：10165，信息：invalid handle
2025-04-28 22:06:02,545 - INFO - 连接关闭
2025-04-28 22:06:02,947 - INFO - 尝试第1次重连...
2025-04-28 22:06:03,150 - INFO - Websocket connected
2025-04-28 22:06:03,151 - INFO - 连接建立
2025-04-28 22:06:03,555 - INFO - 尝试第1次重连...
2025-04-28 22:06:04,961 - INFO - 重连成功
2025-04-28 22:06:04,999 - INFO - 连接关闭
2025-04-28 22:06:05,688 - INFO - Websocket connected
2025-04-28 22:06:05,690 - INFO - 连接建立
2025-04-28 22:06:07,514 - INFO - 重连成功
2025-04-28 22:06:07,556 - WARNING - 错误码：10165，信息：invalid handle
2025-04-28 22:06:08,086 - INFO - 连接关闭
2025-04-28 22:06:09,098 - INFO - 尝试第1次重连...
2025-04-28 22:06:09,246 - INFO - Websocket connected
2025-04-28 22:06:09,247 - INFO - 连接建立
2025-04-28 22:06:11,113 - INFO - 重连成功
2025-04-28 22:06:11,150 - WARNING - 错误码：10165，信息：invalid handle
2025-04-28 22:06:11,648 - INFO - 连接关闭
2025-04-28 22:06:12,663 - INFO - 尝试第1次重连...
2025-04-28 22:06:12,801 - INFO - Websocket connected
2025-04-28 22:06:12,801 - INFO - 连接建立
2025-04-28 22:06:14,665 - INFO - 重连成功
2025-04-28 22:06:14,702 - WARNING - 错误码：10165，信息：invalid handle
2025-04-28 22:06:15,201 - INFO - 连接关闭
2025-04-28 22:06:16,212 - INFO - 尝试第1次重连...
2025-04-28 22:06:16,382 - INFO - Websocket connected
2025-04-28 22:06:16,383 - INFO - 连接建立
2025-04-28 22:06:18,216 - INFO - 重连成功
2025-04-28 22:06:18,259 - WARNING - 错误码：10165，信息：invalid handle
2025-04-28 22:06:18,759 - INFO - 连接关闭
2025-04-28 22:06:19,769 - INFO - 尝试第1次重连...
2025-04-28 22:06:19,933 - INFO - Websocket connected
2025-04-28 22:06:19,934 - INFO - 连接建立
2025-04-28 22:06:21,785 - INFO - 重连成功
2025-04-28 22:06:21,823 - WARNING - 错误码：10165，信息：invalid handle
2025-04-28 22:06:22,324 - INFO - 连接关闭
2025-04-28 22:06:23,339 - INFO - 尝试第1次重连...
2025-04-28 22:06:23,509 - INFO - Websocket connected
2025-04-28 22:06:23,509 - INFO - 连接建立
2025-04-28 22:06:25,348 - INFO - 重连成功
2025-04-28 22:06:25,386 - WARNING - 错误码：10165，信息：invalid handle
2025-04-28 22:06:25,886 - INFO - 连接关闭
2025-04-28 22:06:26,895 - INFO - 尝试第1次重连...
2025-04-28 22:06:27,048 - INFO - Websocket connected
2025-04-28 22:06:27,049 - INFO - 连接建立
2025-04-28 22:06:28,900 - INFO - 重连成功
2025-04-28 22:06:28,943 - WARNING - 错误码：10165，信息：invalid handle
2025-04-28 22:06:29,440 - INFO - 连接关闭
2025-04-28 22:06:30,447 - INFO - 尝试第1次重连...
2025-04-28 22:06:30,602 - INFO - Websocket connected
2025-04-28 22:06:30,603 - INFO - 连接建立
2025-04-28 22:06:32,456 - INFO - 重连成功
2025-04-28 22:06:32,499 - WARNING - 错误码：10165，信息：invalid handle
2025-04-28 22:06:32,999 - INFO - 连接关闭
2025-04-28 22:06:34,001 - INFO - 尝试第1次重连...
2025-04-28 22:06:34,163 - INFO - Websocket connected
2025-04-28 22:06:34,164 - INFO - 连接建立
2025-04-28 22:06:36,017 - INFO - 重连成功
2025-04-28 22:06:36,074 - WARNING - 错误码：10165，信息：invalid handle
2025-04-28 22:06:36,556 - INFO - 连接关闭
2025-04-28 22:06:37,571 - INFO - 尝试第1次重连...
2025-04-28 22:06:37,805 - INFO - Websocket connected
2025-04-28 22:06:37,805 - INFO - 连接建立
2025-04-28 22:06:39,581 - INFO - 重连成功
2025-04-28 22:06:39,623 - WARNING - 错误码：10165，信息：invalid handle
2025-04-28 22:06:40,123 - INFO - 连接关闭
2025-04-28 22:06:41,125 - INFO - 尝试第1次重连...
2025-04-28 22:06:41,297 - INFO - Websocket connected
2025-04-28 22:06:41,298 - INFO - 连接建立
2025-04-28 22:06:43,136 - INFO - 重连成功
2025-04-28 22:06:43,176 - WARNING - 错误码：10165，信息：invalid handle
2025-04-28 22:06:43,676 - INFO - 连接关闭
2025-04-28 22:06:44,691 - INFO - 尝试第1次重连...
2025-04-28 22:06:44,833 - INFO - Websocket connected
2025-04-28 22:06:44,834 - INFO - 连接建立
2025-04-28 22:06:46,697 - INFO - 重连成功
2025-04-28 22:06:46,731 - WARNING - 错误码：10165，信息：invalid handle
2025-04-28 22:06:47,234 - INFO - 连接关闭
2025-04-28 22:06:48,245 - INFO - 尝试第1次重连...
2025-04-28 22:06:48,424 - INFO - Websocket connected
2025-04-28 22:06:48,425 - INFO - 连接建立
2025-04-28 22:06:50,259 - INFO - 重连成功
2025-04-28 22:06:50,295 - WARNING - 错误码：10165，信息：invalid handle
2025-04-28 22:06:50,795 - INFO - 连接关闭
2025-04-28 22:06:51,809 - INFO - 尝试第1次重连...
2025-04-28 22:06:51,960 - INFO - Websocket connected
2025-04-28 22:06:51,962 - INFO - 连接建立
2025-04-28 22:06:53,813 - INFO - 重连成功
2025-04-28 22:06:53,850 - WARNING - 错误码：10165，信息：invalid handle
2025-04-28 22:06:54,349 - INFO - 连接关闭
2025-04-28 22:06:55,352 - INFO - 尝试第1次重连...
2025-04-28 22:06:55,516 - INFO - Websocket connected
2025-04-28 22:06:55,518 - INFO - 连接建立
2025-04-28 22:06:57,355 - INFO - 重连成功
2025-04-28 22:06:57,402 - WARNING - 错误码：10165，信息：invalid handle
2025-04-28 22:06:57,913 - INFO - 连接关闭
2025-04-28 22:06:58,922 - INFO - 尝试第1次重连...
2025-04-28 22:06:59,089 - INFO - Websocket connected
2025-04-28 22:06:59,090 - INFO - 连接建立
2025-04-28 22:07:00,931 - INFO - 重连成功
2025-04-28 22:07:00,967 - WARNING - 错误码：10165，信息：invalid handle
2025-04-28 22:07:01,467 - INFO - 连接关闭
2025-04-28 22:07:02,475 - INFO - 尝试第1次重连...
2025-04-28 22:07:02,619 - INFO - Websocket connected
2025-04-28 22:07:02,619 - INFO - 连接建立
2025-04-28 22:07:04,478 - INFO - 重连成功
2025-04-28 22:07:04,514 - WARNING - 错误码：10165，信息：invalid handle
2025-04-28 22:07:05,012 - INFO - 连接关闭
2025-04-28 22:07:06,026 - INFO - 尝试第1次重连...
2025-04-28 22:07:06,189 - INFO - Websocket connected
2025-04-28 22:07:06,191 - INFO - 连接建立
2025-04-28 22:07:08,032 - INFO - 重连成功
2025-04-28 22:07:08,070 - WARNING - 错误码：10165，信息：invalid handle
2025-04-28 22:07:08,571 - INFO - 连接关闭
2025-04-28 22:07:09,582 - INFO - 尝试第1次重连...
2025-04-28 22:07:09,734 - INFO - Websocket connected
2025-04-28 22:07:09,734 - INFO - 连接建立
2025-04-28 22:07:11,588 - INFO - 重连成功
2025-04-28 22:07:11,624 - WARNING - 错误码：10165，信息：invalid handle
2025-04-28 22:07:12,124 - INFO - 连接关闭
2025-04-28 22:07:13,135 - INFO - 尝试第1次重连...
2025-04-28 22:07:13,287 - INFO - Websocket connected
2025-04-28 22:07:13,287 - INFO - 连接建立
2025-04-28 22:07:15,152 - INFO - 重连成功
2025-04-28 22:07:15,193 - WARNING - 错误码：10165，信息：invalid handle
2025-04-28 22:07:15,690 - INFO - 连接关闭
2025-04-28 22:07:16,699 - INFO - 尝试第1次重连...
2025-04-28 22:07:16,883 - INFO - Websocket connected
2025-04-28 22:07:16,884 - INFO - 连接建立
2025-04-28 22:07:18,709 - INFO - 重连成功
2025-04-28 22:07:18,756 - WARNING - 错误码：10165，信息：invalid handle
2025-04-28 22:07:19,251 - INFO - 连接关闭
2025-04-28 22:07:20,266 - INFO - 尝试第1次重连...
2025-04-28 22:07:20,418 - INFO - Websocket connected
2025-04-28 22:07:20,419 - INFO - 连接建立
2025-04-28 22:07:22,269 - INFO - 重连成功
2025-04-28 22:07:22,306 - WARNING - 错误码：10165，信息：invalid handle
2025-04-28 22:07:22,810 - INFO - 连接关闭
2025-04-28 22:07:23,815 - INFO - 尝试第1次重连...
2025-04-28 22:07:23,955 - INFO - Websocket connected
2025-04-28 22:07:23,956 - INFO - 连接建立
2025-04-28 22:07:25,826 - INFO - 重连成功
2025-04-28 22:07:25,860 - WARNING - 错误码：10165，信息：invalid handle
2025-04-28 22:07:26,360 - INFO - 连接关闭
2025-04-28 22:07:27,365 - INFO - 尝试第1次重连...
2025-04-28 22:07:27,513 - INFO - Websocket connected
2025-04-28 22:07:27,513 - INFO - 连接建立
2025-04-28 22:07:29,378 - INFO - 重连成功
2025-04-28 22:07:29,414 - WARNING - 错误码：10165，信息：invalid handle
2025-04-28 22:07:29,914 - INFO - 连接关闭
2025-04-28 22:07:30,918 - INFO - 尝试第1次重连...
2025-04-28 22:07:31,094 - INFO - Websocket connected
2025-04-28 22:07:31,094 - INFO - 连接建立
2025-04-28 22:07:32,924 - INFO - 重连成功
2025-04-28 22:07:32,965 - WARNING - 错误码：10165，信息：invalid handle
2025-04-28 22:07:33,464 - INFO - 连接关闭
2025-04-28 22:07:34,466 - INFO - 尝试第1次重连...
2025-04-28 22:07:34,613 - INFO - Websocket connected
2025-04-28 22:07:34,614 - INFO - 连接建立
2025-04-28 22:07:36,473 - INFO - 重连成功
2025-04-28 22:07:36,512 - WARNING - 错误码：10165，信息：invalid handle
2025-04-28 22:07:37,010 - INFO - 连接关闭
2025-04-28 22:07:38,022 - INFO - 尝试第1次重连...
2025-04-28 22:07:38,170 - INFO - Websocket connected
2025-04-28 22:07:38,171 - INFO - 连接建立
2025-04-28 22:07:40,024 - INFO - 重连成功
2025-04-28 22:07:40,058 - WARNING - 错误码：10165，信息：invalid handle
2025-04-28 22:07:40,559 - INFO - 连接关闭
2025-04-28 22:07:41,560 - INFO - 尝试第1次重连...
2025-04-28 22:07:41,733 - INFO - Websocket connected
2025-04-28 22:07:41,734 - INFO - 连接建立
2025-04-28 22:07:43,568 - INFO - 重连成功
2025-04-28 22:07:43,611 - WARNING - 错误码：10165，信息：invalid handle
2025-04-28 22:07:44,110 - INFO - 连接关闭
2025-04-28 22:07:45,111 - INFO - 尝试第1次重连...
2025-04-28 22:07:45,282 - INFO - Websocket connected
2025-04-28 22:07:45,283 - INFO - 连接建立
2025-04-28 22:07:47,123 - INFO - 重连成功
2025-04-28 22:07:47,176 - WARNING - 错误码：10165，信息：invalid handle
2025-04-28 22:07:47,660 - INFO - 连接关闭
2025-04-28 22:07:48,675 - INFO - 尝试第1次重连...
2025-04-28 22:07:48,838 - INFO - Websocket connected
2025-04-28 22:07:48,838 - INFO - 连接建立
2025-04-28 22:07:50,688 - INFO - 重连成功
2025-04-28 22:07:50,722 - WARNING - 错误码：10165，信息：invalid handle
2025-04-28 22:07:51,224 - INFO - 连接关闭
2025-04-28 22:07:52,238 - INFO - 尝试第1次重连...
2025-04-28 22:07:52,396 - INFO - Websocket connected
2025-04-28 22:07:52,396 - INFO - 连接建立
2025-04-28 22:07:54,253 - INFO - 重连成功
2025-04-28 22:07:54,298 - WARNING - 错误码：10165，信息：invalid handle
2025-04-28 22:07:54,790 - INFO - 连接关闭
2025-04-28 22:07:55,796 - INFO - 尝试第1次重连...
2025-04-28 22:07:55,944 - INFO - Websocket connected
2025-04-28 22:07:55,944 - INFO - 连接建立
2025-04-28 22:07:57,799 - INFO - 重连成功
2025-04-28 22:07:57,838 - WARNING - 错误码：10165，信息：invalid handle
2025-04-28 22:07:58,333 - INFO - 连接关闭
2025-04-28 22:07:59,335 - INFO - 尝试第1次重连...
2025-04-28 22:07:59,498 - INFO - Websocket connected
2025-04-28 22:07:59,498 - INFO - 连接建立
2025-04-28 22:08:01,339 - INFO - 重连成功
2025-04-28 22:08:01,378 - WARNING - 错误码：10165，信息：invalid handle
2025-04-28 22:08:01,879 - INFO - 连接关闭
2025-04-28 22:08:02,888 - INFO - 尝试第1次重连...
2025-04-28 22:08:03,034 - INFO - Websocket connected
2025-04-28 22:08:03,035 - INFO - 连接建立
2025-04-28 22:08:04,904 - INFO - 重连成功
2025-04-28 22:08:04,947 - WARNING - 错误码：10165，信息：invalid handle
2025-04-28 22:08:05,446 - INFO - 连接关闭
2025-04-28 22:08:06,448 - INFO - 尝试第1次重连...
2025-04-28 22:08:06,639 - INFO - Websocket connected
2025-04-28 22:08:06,640 - INFO - 连接建立
2025-04-28 22:08:08,456 - INFO - 重连成功
2025-04-28 22:08:08,497 - WARNING - 错误码：10165，信息：invalid handle
2025-04-28 22:08:09,000 - INFO - 连接关闭
2025-04-28 22:08:10,015 - INFO - 尝试第1次重连...
2025-04-28 22:08:10,171 - INFO - Websocket connected
2025-04-28 22:08:10,173 - INFO - 连接建立
2025-04-28 22:08:12,024 - INFO - 重连成功
2025-04-28 22:08:12,064 - WARNING - 错误码：10165，信息：invalid handle
2025-04-28 22:08:12,565 - INFO - 连接关闭
2025-04-28 22:08:13,575 - INFO - 尝试第1次重连...
2025-04-28 22:08:13,735 - INFO - Websocket connected
2025-04-28 22:08:13,736 - INFO - 连接建立
2025-04-28 22:08:15,578 - INFO - 重连成功
2025-04-28 22:08:15,616 - WARNING - 错误码：10165，信息：invalid handle
2025-04-28 22:08:16,119 - INFO - 连接关闭
2025-04-28 22:08:17,120 - INFO - 尝试第1次重连...
2025-04-28 22:08:17,281 - INFO - Websocket connected
2025-04-28 22:08:17,281 - INFO - 连接建立
2025-04-28 22:08:19,124 - INFO - 重连成功
2025-04-28 22:08:19,162 - WARNING - 错误码：10165，信息：invalid handle
2025-04-28 22:08:19,664 - INFO - 连接关闭
2025-04-28 22:08:20,680 - INFO - 尝试第1次重连...
2025-04-28 22:08:20,847 - INFO - Websocket connected
2025-04-28 22:08:20,847 - INFO - 连接建立
2025-04-28 22:08:22,695 - INFO - 重连成功
2025-04-28 22:08:22,733 - WARNING - 错误码：10165，信息：invalid handle
2025-04-28 22:08:23,233 - INFO - 连接关闭
2025-04-28 22:08:24,236 - INFO - 尝试第1次重连...
2025-04-28 22:08:24,392 - INFO - Websocket connected
2025-04-28 22:08:24,393 - INFO - 连接建立
2025-04-28 22:08:26,248 - INFO - 重连成功
2025-04-28 22:08:26,286 - WARNING - 错误码：10165，信息：invalid handle
2025-04-28 22:08:26,785 - INFO - 连接关闭
2025-04-28 22:08:27,793 - INFO - 尝试第1次重连...
2025-04-28 22:08:27,934 - INFO - Websocket connected
2025-04-28 22:08:27,935 - INFO - 连接建立
2025-04-28 22:08:29,806 - INFO - 重连成功
2025-04-28 22:08:29,840 - WARNING - 错误码：10165，信息：invalid handle
2025-04-28 22:08:30,341 - INFO - 连接关闭
2025-04-28 22:08:31,345 - INFO - 尝试第1次重连...
2025-04-28 22:08:31,500 - INFO - Websocket connected
2025-04-28 22:08:31,501 - INFO - 连接建立
2025-04-28 22:08:33,350 - INFO - 重连成功
2025-04-28 22:08:33,387 - WARNING - 错误码：10165，信息：invalid handle
2025-04-28 22:08:33,890 - INFO - 连接关闭
2025-04-28 22:08:34,892 - INFO - 尝试第1次重连...
2025-04-28 22:08:35,061 - INFO - Websocket connected
2025-04-28 22:08:35,062 - INFO - 连接建立
2025-04-28 22:08:36,906 - INFO - 重连成功
2025-04-28 22:08:36,943 - WARNING - 错误码：10165，信息：invalid handle
2025-04-28 22:08:37,443 - INFO - 连接关闭
2025-04-28 22:08:38,457 - INFO - 尝试第1次重连...
2025-04-28 22:08:38,641 - INFO - Websocket connected
2025-04-28 22:08:38,641 - INFO - 连接建立
2025-04-28 22:08:40,470 - INFO - 重连成功
2025-04-28 22:08:40,514 - WARNING - 错误码：10165，信息：invalid handle
2025-04-28 22:08:41,036 - INFO - 连接关闭
2025-04-28 22:08:42,051 - INFO - 尝试第1次重连...
2025-04-28 22:08:42,218 - INFO - Websocket connected
2025-04-28 22:08:42,219 - INFO - 连接建立
2025-04-28 22:08:44,052 - INFO - 重连成功
2025-04-28 22:08:44,088 - WARNING - 错误码：10165，信息：invalid handle
2025-04-28 22:08:44,589 - INFO - 连接关闭
2025-04-28 22:08:45,597 - INFO - 尝试第1次重连...
2025-04-28 22:08:45,801 - INFO - Websocket connected
2025-04-28 22:08:45,801 - INFO - 连接建立
2025-04-28 22:08:47,605 - INFO - 重连成功
2025-04-28 22:08:47,650 - WARNING - 错误码：10165，信息：invalid handle
2025-04-28 22:08:48,151 - INFO - 连接关闭
2025-04-28 22:08:49,164 - INFO - 尝试第1次重连...
2025-04-28 22:08:49,327 - INFO - Websocket connected
2025-04-28 22:08:49,328 - INFO - 连接建立
2025-04-28 22:08:51,174 - INFO - 重连成功
2025-04-28 22:08:51,213 - WARNING - 错误码：10165，信息：invalid handle
2025-04-28 22:08:51,711 - INFO - 连接关闭
2025-04-28 22:08:52,727 - INFO - 尝试第1次重连...
2025-04-28 22:08:52,896 - INFO - Websocket connected
2025-04-28 22:08:52,896 - INFO - 连接建立
2025-04-28 22:08:54,740 - INFO - 重连成功
2025-04-28 22:08:54,781 - WARNING - 错误码：10165，信息：invalid handle
2025-04-28 22:08:55,281 - INFO - 连接关闭
2025-04-28 22:08:56,296 - INFO - 尝试第1次重连...
2025-04-28 22:08:56,471 - INFO - Websocket connected
2025-04-28 22:08:56,472 - INFO - 连接建立
2025-04-28 22:08:58,298 - INFO - 重连成功
2025-04-28 22:08:58,343 - WARNING - 错误码：10165，信息：invalid handle
2025-04-28 22:08:58,843 - INFO - 连接关闭
2025-04-28 22:08:59,855 - INFO - 尝试第1次重连...
2025-04-28 22:09:00,032 - INFO - Websocket connected
2025-04-28 22:09:00,033 - INFO - 连接建立
2025-04-28 22:09:01,858 - INFO - 重连成功
2025-04-28 22:09:01,906 - WARNING - 错误码：10165，信息：invalid handle
2025-04-28 22:09:02,403 - INFO - 连接关闭
2025-04-28 22:09:03,420 - INFO - 尝试第1次重连...
2025-04-28 22:09:03,597 - INFO - Websocket connected
2025-04-28 22:09:03,597 - INFO - 连接建立
2025-04-28 22:09:05,426 - INFO - 重连成功
2025-04-28 22:09:05,468 - WARNING - 错误码：10165，信息：invalid handle
2025-04-28 22:09:05,967 - INFO - 连接关闭
2025-04-28 22:09:06,968 - INFO - 尝试第1次重连...
2025-04-28 22:09:07,140 - INFO - Websocket connected
2025-04-28 22:09:07,141 - INFO - 连接建立
2025-04-28 22:09:08,984 - INFO - 重连成功
2025-04-28 22:09:09,024 - WARNING - 错误码：10165，信息：invalid handle
2025-04-28 22:09:09,525 - INFO - 连接关闭
2025-04-28 22:09:10,533 - INFO - 尝试第1次重连...
2025-04-28 22:09:10,705 - INFO - Websocket connected
2025-04-28 22:09:10,705 - INFO - 连接建立
2025-04-28 22:09:12,542 - INFO - 重连成功
2025-04-28 22:09:12,586 - WARNING - 错误码：10165，信息：invalid handle
2025-04-28 22:09:13,088 - INFO - 连接关闭
2025-04-28 22:09:14,089 - INFO - 尝试第1次重连...
2025-04-28 22:09:14,266 - INFO - Websocket connected
2025-04-28 22:09:14,266 - INFO - 连接建立
2025-04-28 22:09:16,093 - INFO - 重连成功
2025-04-28 22:09:16,134 - WARNING - 错误码：10165，信息：invalid handle
2025-04-28 22:09:16,635 - INFO - 连接关闭
2025-04-28 22:09:17,643 - INFO - 尝试第1次重连...
2025-04-28 22:09:17,820 - INFO - Websocket connected
2025-04-28 22:09:17,820 - INFO - 连接建立
2025-04-28 22:09:19,650 - INFO - 重连成功
2025-04-28 22:09:19,696 - WARNING - 错误码：10165，信息：invalid handle
2025-04-28 22:09:20,195 - INFO - 连接关闭
2025-04-28 22:09:21,211 - INFO - 尝试第1次重连...
2025-04-28 22:09:21,382 - INFO - Websocket connected
2025-04-28 22:09:21,382 - INFO - 连接建立
2025-04-28 22:09:23,219 - INFO - 重连成功
2025-04-28 22:09:23,262 - WARNING - 错误码：10165，信息：invalid handle
2025-04-28 22:09:23,765 - INFO - 连接关闭
2025-04-28 22:09:24,768 - INFO - 尝试第1次重连...
2025-04-28 22:09:24,942 - INFO - Websocket connected
2025-04-28 22:09:24,943 - INFO - 连接建立
2025-04-28 22:09:26,775 - INFO - 重连成功
2025-04-28 22:09:26,816 - WARNING - 错误码：10165，信息：invalid handle
2025-04-28 22:09:27,317 - INFO - 连接关闭
2025-04-28 22:09:28,323 - INFO - 尝试第1次重连...
2025-04-28 22:09:28,488 - INFO - Websocket connected
2025-04-28 22:09:28,489 - INFO - 连接建立
2025-04-28 22:09:30,335 - INFO - 重连成功
2025-04-28 22:09:30,374 - WARNING - 错误码：10165，信息：invalid handle
2025-04-28 22:09:30,874 - INFO - 连接关闭
2025-04-28 22:09:31,886 - INFO - 尝试第1次重连...
2025-04-28 22:09:32,044 - INFO - Websocket connected
2025-04-28 22:09:32,045 - INFO - 连接建立
2025-04-28 22:09:33,900 - INFO - 重连成功
2025-04-28 22:09:33,944 - WARNING - 错误码：10165，信息：invalid handle
2025-04-28 22:09:34,442 - INFO - 连接关闭
2025-04-28 22:09:35,444 - INFO - 尝试第1次重连...
2025-04-28 22:09:35,633 - INFO - Websocket connected
2025-04-28 22:09:35,633 - INFO - 连接建立
2025-04-28 22:09:37,446 - INFO - 重连成功
2025-04-28 22:09:37,495 - WARNING - 错误码：10165，信息：invalid handle
2025-04-28 22:09:37,996 - INFO - 连接关闭
2025-04-28 22:09:38,999 - INFO - 尝试第1次重连...
2025-04-28 22:09:39,166 - INFO - Websocket connected
2025-04-28 22:09:39,167 - INFO - 连接建立
2025-04-28 22:09:41,013 - INFO - 重连成功
2025-04-28 22:09:41,056 - WARNING - 错误码：10165，信息：invalid handle
2025-04-28 22:09:41,555 - INFO - 连接关闭
2025-04-28 22:09:42,567 - INFO - 尝试第1次重连...
2025-04-28 22:09:42,751 - INFO - Websocket connected
2025-04-28 22:09:42,751 - INFO - 连接建立
2025-04-28 22:09:44,577 - INFO - 重连成功
2025-04-28 22:09:44,628 - WARNING - 错误码：10165，信息：invalid handle
2025-04-28 22:09:45,129 - INFO - 连接关闭
2025-04-28 22:09:46,134 - INFO - 尝试第1次重连...
2025-04-28 22:09:46,266 - INFO - Websocket connected
2025-04-28 22:09:46,267 - INFO - 连接建立
2025-04-28 22:09:48,143 - INFO - 重连成功
2025-04-28 22:09:48,174 - WARNING - 错误码：10165，信息：invalid handle
2025-04-28 22:09:48,675 - INFO - 连接关闭
2025-04-28 22:09:49,688 - INFO - 尝试第1次重连...
2025-04-28 22:09:49,843 - INFO - Websocket connected
2025-04-28 22:09:49,843 - INFO - 连接建立
2025-04-28 22:09:51,704 - INFO - 重连成功
2025-04-28 22:09:51,742 - WARNING - 错误码：10165，信息：invalid handle
2025-04-28 22:09:52,244 - INFO - 连接关闭
2025-04-28 22:09:53,257 - INFO - 尝试第1次重连...
2025-04-28 22:09:53,434 - INFO - Websocket connected
2025-04-28 22:09:53,434 - INFO - 连接建立
2025-04-28 22:09:55,264 - INFO - 重连成功
2025-04-28 22:09:55,295 - WARNING - 检测到连接丢失，尝试恢复...
2025-04-28 22:09:55,309 - WARNING - 错误码：10165，信息：invalid handle
2025-04-28 22:09:55,809 - INFO - 连接关闭
2025-04-28 22:09:56,311 - INFO - 尝试第1次重连...
2025-04-28 22:09:56,467 - INFO - Websocket connected
2025-04-28 22:09:56,469 - INFO - 连接建立
2025-04-28 22:09:56,813 - INFO - 尝试第1次重连...
2025-04-28 22:09:58,327 - INFO - 重连成功
2025-04-28 22:09:58,365 - INFO - 连接关闭
2025-04-28 22:09:59,034 - INFO - Websocket connected
2025-04-28 22:09:59,035 - INFO - 连接建立
2025-04-28 22:10:00,866 - INFO - 重连成功
2025-04-28 22:10:00,933 - WARNING - 错误码：10165，信息：invalid handle
2025-04-28 22:10:01,433 - INFO - 连接关闭
2025-04-28 22:10:02,442 - INFO - 尝试第1次重连...
2025-04-28 22:10:02,583 - INFO - Websocket connected
2025-04-28 22:10:02,584 - INFO - 连接建立
2025-04-28 22:10:04,455 - INFO - 重连成功
2025-04-28 22:10:04,488 - WARNING - 错误码：10165，信息：invalid handle
2025-04-28 22:10:04,989 - INFO - 连接关闭
2025-04-28 22:10:06,000 - INFO - 尝试第1次重连...
2025-04-28 22:10:06,204 - INFO - Websocket connected
2025-04-28 22:10:06,204 - INFO - 连接建立
2025-04-28 22:10:08,007 - INFO - 重连成功
2025-04-28 22:10:08,045 - WARNING - 错误码：10165，信息：invalid handle
2025-04-28 22:10:08,548 - INFO - 连接关闭
2025-04-28 22:10:09,555 - INFO - 尝试第1次重连...
2025-04-28 22:10:09,713 - INFO - Websocket connected
2025-04-28 22:10:09,714 - INFO - 连接建立
2025-04-28 22:10:11,568 - INFO - 重连成功
2025-04-28 22:10:11,613 - WARNING - 错误码：10165，信息：invalid handle
2025-04-28 22:10:12,116 - INFO - 连接关闭
2025-04-28 22:10:13,118 - INFO - 尝试第1次重连...
2025-04-28 22:10:13,319 - INFO - Websocket connected
2025-04-28 22:10:13,319 - INFO - 连接建立
2025-04-28 22:10:15,131 - INFO - 重连成功
2025-04-28 22:10:15,176 - WARNING - 错误码：10165，信息：invalid handle
2025-04-28 22:10:15,676 - INFO - 连接关闭
2025-04-28 22:10:16,690 - INFO - 尝试第1次重连...
2025-04-28 22:10:16,848 - INFO - Websocket connected
2025-04-28 22:10:16,849 - INFO - 连接建立
2025-04-28 22:10:18,704 - INFO - 重连成功
2025-04-28 22:10:18,745 - WARNING - 错误码：10165，信息：invalid handle
2025-04-28 22:10:19,242 - INFO - 连接关闭
2025-04-28 22:10:20,254 - INFO - 尝试第1次重连...
2025-04-28 22:10:20,425 - INFO - Websocket connected
2025-04-28 22:10:20,426 - INFO - 连接建立
2025-04-28 22:10:22,262 - INFO - 重连成功
2025-04-28 22:10:22,304 - WARNING - 错误码：10165，信息：invalid handle
2025-04-28 22:10:22,802 - INFO - 连接关闭
2025-04-28 22:10:23,812 - INFO - 尝试第1次重连...
2025-04-28 22:10:23,950 - INFO - Websocket connected
2025-04-28 22:10:23,951 - INFO - 连接建立
2025-04-28 22:10:25,826 - INFO - 重连成功
2025-04-28 22:10:25,867 - WARNING - 错误码：10165，信息：invalid handle
2025-04-28 22:10:26,359 - INFO - 连接关闭
2025-04-28 22:10:27,366 - INFO - 尝试第1次重连...
2025-04-28 22:10:27,534 - INFO - Websocket connected
2025-04-28 22:10:27,534 - INFO - 连接建立
2025-04-28 22:10:29,369 - INFO - 重连成功
2025-04-28 22:10:29,410 - WARNING - 错误码：10165，信息：invalid handle
2025-04-28 22:10:29,910 - INFO - 连接关闭
2025-04-28 22:10:30,923 - INFO - 尝试第1次重连...
2025-04-28 22:10:31,076 - INFO - Websocket connected
2025-04-28 22:10:31,076 - INFO - 连接建立
2025-04-28 22:10:32,934 - INFO - 重连成功
2025-04-28 22:10:32,969 - WARNING - 错误码：10165，信息：invalid handle
2025-04-28 22:10:33,469 - INFO - 连接关闭
2025-04-28 22:10:34,479 - INFO - 尝试第1次重连...
2025-04-28 22:10:34,640 - INFO - Websocket connected
2025-04-28 22:10:34,641 - INFO - 连接建立
2025-04-28 22:10:36,496 - INFO - 重连成功
2025-04-28 22:10:36,550 - WARNING - 错误码：10165，信息：invalid handle
2025-04-28 22:10:37,040 - INFO - 连接关闭
2025-04-28 22:10:38,048 - INFO - 尝试第1次重连...
2025-04-28 22:10:38,199 - INFO - Websocket connected
2025-04-28 22:10:38,199 - INFO - 连接建立
2025-04-28 22:10:40,062 - INFO - 重连成功
2025-04-28 22:10:40,101 - WARNING - 错误码：10165，信息：invalid handle
2025-04-28 22:10:40,600 - INFO - 连接关闭
2025-04-28 22:10:41,615 - INFO - 尝试第1次重连...
2025-04-28 22:10:41,771 - INFO - Websocket connected
2025-04-28 22:10:41,772 - INFO - 连接建立
2025-04-28 22:10:43,622 - INFO - 重连成功
2025-04-28 22:10:43,659 - WARNING - 错误码：10165，信息：invalid handle
2025-04-28 22:10:44,161 - INFO - 连接关闭
2025-04-28 22:10:45,169 - INFO - 尝试第1次重连...
2025-04-28 22:10:45,356 - INFO - Websocket connected
2025-04-28 22:10:45,356 - INFO - 连接建立
2025-04-28 22:10:47,185 - INFO - 重连成功
2025-04-28 22:10:47,221 - WARNING - 错误码：10165，信息：invalid handle
2025-04-28 22:10:47,720 - INFO - 连接关闭
2025-04-28 22:10:48,723 - INFO - 尝试第1次重连...
2025-04-28 22:10:48,872 - INFO - Websocket connected
2025-04-28 22:10:48,872 - INFO - 连接建立
2025-04-28 22:10:50,738 - INFO - 重连成功
2025-04-28 22:10:50,776 - WARNING - 错误码：10165，信息：invalid handle
2025-04-28 22:10:51,275 - INFO - 连接关闭
2025-04-28 22:10:52,290 - INFO - 尝试第1次重连...
2025-04-28 22:10:52,449 - INFO - Websocket connected
2025-04-28 22:10:52,450 - INFO - 连接建立
2025-04-28 22:10:54,304 - INFO - 重连成功
2025-04-28 22:10:54,345 - WARNING - 错误码：10165，信息：invalid handle
2025-04-28 22:10:54,845 - INFO - 连接关闭
2025-04-28 22:10:55,846 - INFO - 尝试第1次重连...
2025-04-28 22:10:56,008 - INFO - Websocket connected
2025-04-28 22:10:56,008 - INFO - 连接建立
2025-04-28 22:10:57,858 - INFO - 重连成功
2025-04-28 22:10:57,896 - WARNING - 错误码：10165，信息：invalid handle
2025-04-28 22:10:58,398 - INFO - 连接关闭
2025-04-28 22:10:59,407 - INFO - 尝试第1次重连...
2025-04-28 22:10:59,565 - INFO - Websocket connected
2025-04-28 22:10:59,565 - INFO - 连接建立
2025-04-28 22:11:01,411 - INFO - 重连成功
2025-04-28 22:11:01,444 - WARNING - 错误码：10165，信息：invalid handle
2025-04-28 22:11:01,947 - INFO - 连接关闭
2025-04-28 22:11:02,953 - INFO - 尝试第1次重连...
2025-04-28 22:11:03,104 - INFO - Websocket connected
2025-04-28 22:11:03,105 - INFO - 连接建立
2025-04-28 22:11:04,959 - INFO - 重连成功
2025-04-28 22:11:04,995 - WARNING - 错误码：10165，信息：invalid handle
2025-04-28 22:11:05,495 - INFO - 连接关闭
2025-04-28 22:11:06,508 - INFO - 尝试第1次重连...
2025-04-28 22:11:06,656 - INFO - Websocket connected
2025-04-28 22:11:06,656 - INFO - 连接建立
2025-04-28 22:11:08,524 - INFO - 重连成功
2025-04-28 22:11:08,616 - WARNING - 错误码：10165，信息：invalid handle
2025-04-28 22:11:09,060 - INFO - 连接关闭
2025-04-28 22:11:10,064 - INFO - 尝试第1次重连...
2025-04-28 22:11:10,225 - INFO - Websocket connected
2025-04-28 22:11:10,226 - INFO - 连接建立
2025-04-28 22:11:12,072 - INFO - 重连成功
2025-04-28 22:11:12,110 - WARNING - 错误码：10165，信息：invalid handle
2025-04-28 22:11:12,611 - INFO - 连接关闭
2025-04-28 22:11:13,620 - INFO - 尝试第1次重连...
2025-04-28 22:11:13,804 - INFO - Websocket connected
2025-04-28 22:11:13,805 - INFO - 连接建立
2025-04-28 22:11:15,636 - INFO - 重连成功
2025-04-28 22:11:15,682 - WARNING - 错误码：10165，信息：invalid handle
2025-04-28 22:11:16,196 - INFO - 连接关闭
2025-04-28 22:11:17,210 - INFO - 尝试第1次重连...
2025-04-28 22:11:17,352 - INFO - Websocket connected
2025-04-28 22:11:17,353 - INFO - 连接建立
2025-04-28 22:11:19,214 - INFO - 重连成功
2025-04-28 22:11:19,258 - WARNING - 错误码：10165，信息：invalid handle
2025-04-28 22:11:19,749 - INFO - 连接关闭
2025-04-28 22:11:20,751 - INFO - 尝试第1次重连...
2025-04-28 22:11:20,906 - INFO - Websocket connected
2025-04-28 22:11:20,906 - INFO - 连接建立
2025-04-28 22:11:22,767 - INFO - 重连成功
2025-04-28 22:11:22,801 - WARNING - 错误码：10165，信息：invalid handle
2025-04-28 22:11:23,302 - INFO - 连接关闭
2025-04-28 22:11:24,304 - INFO - 尝试第1次重连...
2025-04-28 22:11:24,459 - INFO - Websocket connected
2025-04-28 22:11:24,460 - INFO - 连接建立
2025-04-28 22:11:26,311 - INFO - 重连成功
2025-04-28 22:11:26,348 - WARNING - 错误码：10165，信息：invalid handle
2025-04-28 22:11:26,848 - INFO - 连接关闭
2025-04-28 22:11:27,863 - INFO - 尝试第1次重连...
2025-04-28 22:11:28,016 - INFO - Websocket connected
2025-04-28 22:11:28,016 - INFO - 连接建立
2025-04-28 22:11:29,867 - INFO - 重连成功
2025-04-28 22:11:29,910 - WARNING - 错误码：10165，信息：invalid handle
2025-04-28 22:11:30,409 - INFO - 连接关闭
2025-04-28 22:11:31,414 - INFO - 尝试第1次重连...
2025-04-28 22:11:31,585 - INFO - Websocket connected
2025-04-28 22:11:31,585 - INFO - 连接建立
2025-04-28 22:11:33,423 - INFO - 重连成功
2025-04-28 22:11:33,455 - WARNING - 检测到连接丢失，尝试恢复...
2025-04-28 22:11:33,459 - WARNING - 错误码：10165，信息：invalid handle
2025-04-28 22:11:33,959 - INFO - 连接关闭
2025-04-28 22:11:34,466 - INFO - 尝试第1次重连...
2025-04-28 22:11:34,627 - INFO - Websocket connected
2025-04-28 22:11:34,628 - INFO - 连接建立
2025-04-28 22:11:34,960 - INFO - 尝试第1次重连...
2025-04-28 22:11:36,473 - INFO - 重连成功
2025-04-28 22:11:36,509 - INFO - 连接关闭
2025-04-28 22:11:37,163 - INFO - Websocket connected
2025-04-28 22:11:37,164 - INFO - 连接建立
2025-04-28 22:11:39,026 - INFO - 重连成功
2025-04-28 22:11:39,068 - WARNING - 错误码：10165，信息：invalid handle
2025-04-28 22:11:39,566 - INFO - 连接关闭
2025-04-28 22:11:40,573 - INFO - 尝试第1次重连...
2025-04-28 22:11:40,729 - INFO - Websocket connected
2025-04-28 22:11:40,730 - INFO - 连接建立
2025-04-28 22:11:42,577 - INFO - 重连成功
2025-04-28 22:11:42,616 - WARNING - 错误码：10165，信息：invalid handle
2025-04-28 22:11:43,118 - INFO - 连接关闭
2025-04-28 22:11:44,123 - INFO - 尝试第1次重连...
2025-04-28 22:11:44,297 - INFO - Websocket connected
2025-04-28 22:11:44,297 - INFO - 连接建立
2025-04-28 22:11:46,130 - INFO - 重连成功
2025-04-28 22:11:46,170 - WARNING - 错误码：10165，信息：invalid handle
2025-04-28 22:11:46,672 - INFO - 连接关闭
2025-04-28 22:11:47,687 - INFO - 尝试第1次重连...
2025-04-28 22:11:47,854 - INFO - Websocket connected
2025-04-28 22:11:47,855 - INFO - 连接建立
2025-04-28 22:11:49,694 - INFO - 重连成功
2025-04-28 22:11:49,734 - WARNING - 错误码：10165，信息：invalid handle
2025-04-28 22:11:50,235 - INFO - 连接关闭
2025-04-28 22:11:51,246 - INFO - 尝试第1次重连...
2025-04-28 22:11:51,409 - INFO - Websocket connected
2025-04-28 22:11:51,409 - INFO - 连接建立
2025-04-28 22:11:53,252 - INFO - 重连成功
2025-04-28 22:11:53,294 - WARNING - 错误码：10165，信息：invalid handle
2025-04-28 22:11:53,799 - INFO - 连接关闭
2025-04-28 22:11:54,801 - INFO - 尝试第1次重连...
2025-04-28 22:11:54,976 - INFO - Websocket connected
2025-04-28 22:11:54,976 - INFO - 连接建立
2025-04-28 22:11:56,811 - INFO - 重连成功
2025-04-28 22:11:56,850 - WARNING - 错误码：10165，信息：invalid handle
2025-04-28 22:11:57,350 - INFO - 连接关闭
2025-04-28 22:11:58,358 - INFO - 尝试第1次重连...
2025-04-28 22:11:58,504 - INFO - Websocket connected
2025-04-28 22:11:58,505 - INFO - 连接建立
2025-04-28 22:12:00,373 - INFO - 重连成功
2025-04-28 22:12:00,408 - WARNING - 错误码：10165，信息：invalid handle
2025-04-28 22:12:00,910 - INFO - 连接关闭
2025-04-28 22:12:01,921 - INFO - 尝试第1次重连...
2025-04-28 22:12:02,076 - INFO - Websocket connected
2025-04-28 22:12:02,077 - INFO - 连接建立
2025-04-28 22:12:03,931 - INFO - 重连成功
2025-04-28 22:12:03,967 - WARNING - 错误码：10165，信息：invalid handle
2025-04-28 22:12:04,467 - INFO - 连接关闭
2025-04-28 22:12:05,472 - INFO - 尝试第1次重连...
2025-04-28 22:12:05,634 - INFO - Websocket connected
2025-04-28 22:12:05,635 - INFO - 连接建立
2025-04-28 22:12:07,483 - INFO - 重连成功
2025-04-28 22:12:07,522 - WARNING - 错误码：10165，信息：invalid handle
2025-04-28 22:12:08,023 - INFO - 连接关闭
2025-04-28 22:12:09,033 - INFO - 尝试第1次重连...
2025-04-28 22:12:09,175 - INFO - Websocket connected
2025-04-28 22:12:09,175 - INFO - 连接建立
2025-04-28 22:12:11,040 - INFO - 重连成功
2025-04-28 22:12:11,073 - WARNING - 错误码：10165，信息：invalid handle
2025-04-28 22:12:11,574 - INFO - 连接关闭
2025-04-28 22:12:12,581 - INFO - 尝试第1次重连...
2025-04-28 22:12:12,730 - INFO - Websocket connected
2025-04-28 22:12:12,730 - INFO - 连接建立
2025-04-28 22:12:14,597 - INFO - 重连成功
2025-04-28 22:12:14,638 - WARNING - 错误码：10165，信息：invalid handle
2025-04-28 22:12:15,136 - INFO - 连接关闭
2025-04-28 22:12:16,143 - INFO - 尝试第1次重连...
2025-04-28 22:12:16,309 - INFO - Websocket connected
2025-04-28 22:12:16,310 - INFO - 连接建立
2025-04-28 22:12:18,150 - INFO - 重连成功
2025-04-28 22:12:18,185 - WARNING - 错误码：10165，信息：invalid handle
2025-04-28 22:12:18,690 - INFO - 连接关闭
2025-04-28 22:12:19,699 - INFO - 尝试第1次重连...
2025-04-28 22:12:19,871 - INFO - Websocket connected
2025-04-28 22:12:19,872 - INFO - 连接建立
2025-04-28 22:12:21,710 - INFO - 重连成功
2025-04-28 22:12:21,750 - WARNING - 错误码：10165，信息：invalid handle
2025-04-28 22:12:22,249 - INFO - 连接关闭
2025-04-28 22:12:23,261 - INFO - 尝试第1次重连...
2025-04-28 22:12:23,416 - INFO - Websocket connected
2025-04-28 22:12:23,418 - INFO - 连接建立
2025-04-28 22:12:25,275 - INFO - 重连成功
2025-04-28 22:12:25,311 - WARNING - 错误码：10165，信息：invalid handle
2025-04-28 22:12:25,811 - INFO - 连接关闭
2025-04-28 22:12:26,822 - INFO - 尝试第1次重连...
2025-04-28 22:12:26,975 - INFO - Websocket connected
2025-04-28 22:12:26,976 - INFO - 连接建立
2025-04-28 22:12:28,830 - INFO - 重连成功
2025-04-28 22:12:28,865 - WARNING - 错误码：10165，信息：invalid handle
2025-04-28 22:12:29,365 - INFO - 连接关闭
2025-04-28 22:12:30,370 - INFO - 尝试第1次重连...
2025-04-28 22:12:30,527 - INFO - Websocket connected
2025-04-28 22:12:30,528 - INFO - 连接建立
2025-04-28 22:12:32,377 - INFO - 重连成功
2025-04-28 22:12:32,415 - WARNING - 错误码：10165，信息：invalid handle
2025-04-28 22:12:32,918 - INFO - 连接关闭
2025-04-28 22:12:33,929 - INFO - 尝试第1次重连...
2025-04-28 22:12:34,086 - INFO - Websocket connected
2025-04-28 22:12:34,087 - INFO - 连接建立
2025-04-28 22:12:35,941 - INFO - 重连成功
2025-04-28 22:12:35,978 - WARNING - 错误码：10165，信息：invalid handle
2025-04-28 22:12:36,480 - INFO - 连接关闭
2025-04-28 22:12:37,493 - INFO - 尝试第1次重连...
2025-04-28 22:12:37,643 - INFO - Websocket connected
2025-04-28 22:12:37,643 - INFO - 连接建立
2025-04-28 22:12:39,495 - INFO - 重连成功
2025-04-28 22:12:39,530 - WARNING - 错误码：10165，信息：invalid handle
2025-04-28 22:12:40,031 - INFO - 连接关闭
2025-04-28 22:12:41,035 - INFO - 尝试第1次重连...
2025-04-28 22:12:41,172 - INFO - Websocket connected
2025-04-28 22:12:41,172 - INFO - 连接建立
2025-04-28 22:12:43,045 - INFO - 重连成功
2025-04-28 22:12:43,078 - WARNING - 错误码：10165，信息：invalid handle
2025-04-28 22:12:43,576 - INFO - 连接关闭
2025-04-28 22:12:44,585 - INFO - 尝试第1次重连...
2025-04-28 22:12:44,733 - INFO - Websocket connected
2025-04-28 22:12:44,734 - INFO - 连接建立
2025-04-28 22:12:46,602 - INFO - 重连成功
2025-04-28 22:12:46,638 - WARNING - 错误码：10165，信息：invalid handle
2025-04-28 22:12:47,136 - INFO - 连接关闭
2025-04-28 22:12:48,143 - INFO - 尝试第1次重连...
2025-04-28 22:12:48,303 - INFO - Websocket connected
2025-04-28 22:12:48,304 - INFO - 连接建立
2025-04-28 22:12:50,150 - INFO - 重连成功
2025-04-28 22:12:50,196 - WARNING - 错误码：10165，信息：invalid handle
2025-04-28 22:12:50,695 - INFO - 连接关闭
2025-04-28 22:12:51,704 - INFO - 尝试第1次重连...
2025-04-28 22:12:51,869 - INFO - Websocket connected
2025-04-28 22:12:51,870 - INFO - 连接建立
2025-04-28 22:12:53,710 - INFO - 重连成功
2025-04-28 22:12:53,753 - WARNING - 错误码：10165，信息：invalid handle
2025-04-28 22:12:54,253 - INFO - 连接关闭
2025-04-28 22:12:55,262 - INFO - 尝试第1次重连...
2025-04-28 22:12:55,415 - INFO - Websocket connected
2025-04-28 22:12:55,416 - INFO - 连接建立
2025-04-28 22:12:57,268 - INFO - 重连成功
2025-04-28 22:12:57,308 - WARNING - 错误码：10165，信息：invalid handle
2025-04-28 22:12:57,809 - INFO - 连接关闭
2025-04-28 22:12:58,819 - INFO - 尝试第1次重连...
2025-04-28 22:12:58,977 - INFO - Websocket connected
2025-04-28 22:12:58,978 - INFO - 连接建立
2025-04-28 22:13:00,834 - INFO - 重连成功
2025-04-28 22:13:00,876 - WARNING - 错误码：10165，信息：invalid handle
2025-04-28 22:13:01,384 - INFO - 连接关闭
2025-04-28 22:13:02,396 - INFO - 尝试第1次重连...
2025-04-28 22:13:02,576 - INFO - Websocket connected
2025-04-28 22:13:02,576 - INFO - 连接建立
2025-04-28 22:13:04,402 - INFO - 重连成功
2025-04-28 22:13:04,449 - WARNING - 错误码：10165，信息：invalid handle
2025-04-28 22:13:04,951 - INFO - 连接关闭
2025-04-28 22:13:05,963 - INFO - 尝试第1次重连...
2025-04-28 22:13:06,131 - INFO - Websocket connected
2025-04-28 22:13:06,131 - INFO - 连接建立
2025-04-28 22:13:07,975 - INFO - 重连成功
2025-04-28 22:13:08,016 - WARNING - 错误码：10165，信息：invalid handle
2025-04-28 22:13:08,516 - INFO - 连接关闭
2025-04-28 22:13:09,527 - INFO - 尝试第1次重连...
2025-04-28 22:13:09,705 - INFO - Websocket connected
2025-04-28 22:13:09,706 - INFO - 连接建立
2025-04-28 22:13:11,540 - INFO - 重连成功
2025-04-28 22:13:11,590 - WARNING - 错误码：10165，信息：invalid handle
2025-04-28 22:13:12,086 - INFO - 连接关闭
2025-04-28 22:13:13,090 - INFO - 尝试第1次重连...
2025-04-28 22:13:13,247 - INFO - Websocket connected
2025-04-28 22:13:13,248 - INFO - 连接建立
2025-04-28 22:13:15,092 - INFO - 重连成功
2025-04-28 22:13:15,131 - WARNING - 错误码：10165，信息：invalid handle
2025-04-28 22:13:15,642 - INFO - 连接关闭
2025-04-28 22:13:16,645 - INFO - 尝试第1次重连...
2025-04-28 22:13:16,806 - INFO - Websocket connected
2025-04-28 22:13:16,808 - INFO - 连接建立
2025-04-28 22:13:18,660 - INFO - 重连成功
2025-04-28 22:13:18,704 - WARNING - 错误码：10165，信息：invalid handle
2025-04-28 22:13:19,199 - INFO - 连接关闭
2025-04-28 22:13:20,214 - INFO - 尝试第1次重连...
2025-04-28 22:13:20,380 - INFO - Websocket connected
2025-04-28 22:13:20,381 - INFO - 连接建立
2025-04-28 22:13:22,231 - INFO - 重连成功
2025-04-28 22:13:22,270 - WARNING - 错误码：10165，信息：invalid handle
2025-04-28 22:13:22,772 - INFO - 连接关闭
2025-04-28 22:13:23,778 - INFO - 尝试第1次重连...
2025-04-28 22:13:23,924 - INFO - Websocket connected
2025-04-28 22:13:23,925 - INFO - 连接建立
2025-04-28 22:13:25,790 - INFO - 重连成功
2025-04-28 22:13:25,824 - WARNING - 错误码：10165，信息：invalid handle
2025-04-28 22:13:26,331 - INFO - 连接关闭
2025-04-28 22:13:27,344 - INFO - 尝试第1次重连...
2025-04-28 22:13:27,506 - INFO - Websocket connected
2025-04-28 22:13:27,507 - INFO - 连接建立
2025-04-28 22:13:29,349 - INFO - 重连成功
2025-04-28 22:13:29,387 - WARNING - 错误码：10165，信息：invalid handle
2025-04-28 22:13:29,888 - INFO - 连接关闭
2025-04-28 22:13:30,895 - INFO - 尝试第1次重连...
2025-04-28 22:13:31,041 - INFO - Websocket connected
2025-04-28 22:13:31,042 - INFO - 连接建立
2025-04-28 22:13:32,899 - INFO - 重连成功
2025-04-28 22:13:32,932 - WARNING - 错误码：10165，信息：invalid handle
2025-04-28 22:13:33,435 - INFO - 连接关闭
2025-04-28 22:13:34,436 - INFO - 尝试第1次重连...
2025-04-28 22:13:34,579 - INFO - Websocket connected
2025-04-28 22:13:34,580 - INFO - 连接建立
2025-04-28 22:13:36,445 - INFO - 重连成功
2025-04-28 22:13:36,485 - WARNING - 错误码：10165，信息：invalid handle
2025-04-28 22:13:36,986 - INFO - 连接关闭
2025-04-28 22:13:38,000 - INFO - 尝试第1次重连...
2025-04-28 22:13:38,140 - INFO - Websocket connected
2025-04-28 22:13:38,140 - INFO - 连接建立
2025-04-28 22:13:40,006 - INFO - 重连成功
2025-04-28 22:13:40,041 - WARNING - 错误码：10165，信息：invalid handle
2025-04-28 22:13:40,541 - INFO - 连接关闭
2025-04-28 22:13:41,546 - INFO - 尝试第1次重连...
2025-04-28 22:13:41,723 - INFO - Websocket connected
2025-04-28 22:13:41,724 - INFO - 连接建立
2025-04-28 22:13:43,550 - INFO - 重连成功
2025-04-28 22:13:43,593 - WARNING - 错误码：10165，信息：invalid handle
2025-04-28 22:13:44,092 - INFO - 连接关闭
2025-04-28 22:13:45,101 - INFO - 尝试第1次重连...
2025-04-28 22:13:45,259 - INFO - Websocket connected
2025-04-28 22:13:45,259 - INFO - 连接建立
2025-04-28 22:13:47,106 - INFO - 重连成功
2025-04-28 22:13:47,146 - WARNING - 错误码：10165，信息：invalid handle
2025-04-28 22:13:47,646 - INFO - 连接关闭
2025-04-28 22:13:48,660 - INFO - 尝试第1次重连...
2025-04-28 22:13:48,856 - INFO - Websocket connected
2025-04-28 22:13:48,856 - INFO - 连接建立
2025-04-28 22:13:50,675 - INFO - 重连成功
2025-04-28 22:13:50,720 - WARNING - 错误码：10165，信息：invalid handle
2025-04-28 22:13:51,222 - INFO - 连接关闭
2025-04-28 22:13:52,228 - INFO - 尝试第1次重连...
2025-04-28 22:13:52,386 - INFO - Websocket connected
2025-04-28 22:13:52,387 - INFO - 连接建立
2025-04-28 22:13:54,232 - INFO - 重连成功
2025-04-28 22:13:54,266 - WARNING - 错误码：10165，信息：invalid handle
2025-04-28 22:13:54,766 - INFO - 连接关闭
2025-04-28 22:13:55,775 - INFO - 尝试第1次重连...
2025-04-28 22:13:55,942 - INFO - Websocket connected
2025-04-28 22:13:55,943 - INFO - 连接建立
2025-04-28 22:13:57,782 - INFO - 重连成功
2025-04-28 22:13:57,823 - WARNING - 错误码：10165，信息：invalid handle
2025-04-28 22:13:58,321 - INFO - 连接关闭
2025-04-28 22:13:59,328 - INFO - 尝试第1次重连...
2025-04-28 22:13:59,491 - INFO - Websocket connected
2025-04-28 22:13:59,492 - INFO - 连接建立
2025-04-28 22:14:01,330 - INFO - 重连成功
2025-04-28 22:14:01,367 - WARNING - 错误码：10165，信息：invalid handle
2025-04-28 22:14:01,867 - INFO - 连接关闭
2025-04-28 22:14:02,870 - INFO - 尝试第1次重连...
2025-04-28 22:14:03,024 - INFO - Websocket connected
2025-04-28 22:14:03,025 - INFO - 连接建立
2025-04-28 22:14:04,883 - INFO - 重连成功
2025-04-28 22:14:04,920 - WARNING - 错误码：10165，信息：invalid handle
2025-04-28 22:14:05,419 - INFO - 连接关闭
2025-04-28 22:14:06,428 - INFO - 尝试第1次重连...
2025-04-28 22:14:06,578 - INFO - Websocket connected
2025-04-28 22:14:06,578 - INFO - 连接建立
2025-04-28 22:14:08,431 - INFO - 重连成功
2025-04-28 22:14:08,465 - WARNING - 错误码：10165，信息：invalid handle
2025-04-28 22:14:08,965 - INFO - 连接关闭
2025-04-28 22:14:09,980 - INFO - 尝试第1次重连...
2025-04-28 22:14:10,155 - INFO - Websocket connected
2025-04-28 22:14:10,156 - INFO - 连接建立
2025-04-28 22:14:11,996 - INFO - 重连成功
2025-04-28 22:14:12,038 - WARNING - 错误码：10165，信息：invalid handle
2025-04-28 22:14:12,538 - INFO - 连接关闭
2025-04-28 22:14:13,540 - INFO - 尝试第1次重连...
2025-04-28 22:14:13,692 - INFO - Websocket connected
2025-04-28 22:14:13,692 - INFO - 连接建立
2025-04-28 22:14:15,550 - INFO - 重连成功
2025-04-28 22:14:15,588 - WARNING - 错误码：10165，信息：invalid handle
2025-04-28 22:14:16,085 - INFO - 连接关闭
2025-04-28 22:14:17,088 - INFO - 尝试第1次重连...
2025-04-28 22:14:17,238 - INFO - Websocket connected
2025-04-28 22:14:17,238 - INFO - 连接建立
2025-04-28 22:14:19,101 - INFO - 重连成功
2025-04-28 22:14:19,140 - WARNING - 错误码：10165，信息：invalid handle
2025-04-28 22:14:19,640 - INFO - 连接关闭
2025-04-28 22:14:20,643 - INFO - 尝试第1次重连...
2025-04-28 22:14:20,793 - INFO - Websocket connected
2025-04-28 22:14:20,794 - INFO - 连接建立
2025-04-28 22:14:22,658 - INFO - 重连成功
2025-04-28 22:14:22,714 - WARNING - 错误码：10165，信息：invalid handle
2025-04-28 22:14:23,204 - INFO - 连接关闭
2025-04-28 22:14:24,209 - INFO - 尝试第1次重连...
2025-04-28 22:14:24,359 - INFO - Websocket connected
2025-04-28 22:14:24,360 - INFO - 连接建立
2025-04-28 22:14:26,218 - INFO - 重连成功
2025-04-28 22:14:26,256 - WARNING - 错误码：10165，信息：invalid handle
2025-04-28 22:14:26,759 - INFO - 连接关闭
2025-04-28 22:14:27,769 - INFO - 尝试第1次重连...
2025-04-28 22:14:27,929 - INFO - Websocket connected
2025-04-28 22:14:27,930 - INFO - 连接建立
2025-04-28 22:14:29,785 - INFO - 重连成功
2025-04-28 22:14:29,824 - WARNING - 错误码：10165，信息：invalid handle
2025-04-28 22:14:30,324 - INFO - 连接关闭
2025-04-28 22:14:31,332 - INFO - 尝试第1次重连...
2025-04-28 22:14:31,490 - INFO - Websocket connected
2025-04-28 22:14:31,491 - INFO - 连接建立
2025-04-28 22:14:33,336 - INFO - 重连成功
2025-04-28 22:14:33,376 - WARNING - 错误码：10165，信息：invalid handle
2025-04-28 22:14:33,875 - INFO - 连接关闭
2025-04-28 22:14:34,888 - INFO - 尝试第1次重连...
2025-04-28 22:14:35,065 - INFO - Websocket connected
2025-04-28 22:14:35,066 - INFO - 连接建立
2025-04-28 22:14:36,896 - INFO - 重连成功
2025-04-28 22:14:36,935 - WARNING - 错误码：10165，信息：invalid handle
2025-04-28 22:14:37,436 - INFO - 连接关闭
2025-04-28 22:14:38,440 - INFO - 尝试第1次重连...
2025-04-28 22:14:38,590 - INFO - Websocket connected
2025-04-28 22:14:38,591 - INFO - 连接建立
2025-04-28 22:14:40,453 - INFO - 重连成功
2025-04-28 22:14:40,493 - WARNING - 错误码：10165，信息：invalid handle
2025-04-28 22:14:40,990 - INFO - 连接关闭
2025-04-28 22:14:41,992 - INFO - 尝试第1次重连...
2025-04-28 22:14:42,152 - INFO - Websocket connected
2025-04-28 22:14:42,153 - INFO - 连接建立
2025-04-28 22:14:43,998 - INFO - 重连成功
2025-04-28 22:14:44,040 - WARNING - 错误码：10165，信息：invalid handle
2025-04-28 22:14:44,543 - INFO - 连接关闭
2025-04-28 22:14:45,549 - INFO - 尝试第1次重连...
2025-04-28 22:14:45,699 - INFO - Websocket connected
2025-04-28 22:14:45,700 - INFO - 连接建立
2025-04-28 22:14:47,551 - INFO - 重连成功
2025-04-28 22:14:47,594 - WARNING - 错误码：10165，信息：invalid handle
2025-04-28 22:14:48,094 - INFO - 连接关闭
2025-04-28 22:14:49,095 - INFO - 尝试第1次重连...
2025-04-28 22:14:49,268 - INFO - Websocket connected
2025-04-28 22:14:49,268 - INFO - 连接建立
2025-04-28 22:14:51,101 - INFO - 重连成功
2025-04-28 22:14:51,146 - WARNING - 错误码：10165，信息：invalid handle
2025-04-28 22:14:51,644 - INFO - 连接关闭
2025-04-28 22:14:52,654 - INFO - 尝试第1次重连...
2025-04-28 22:14:52,813 - INFO - Websocket connected
2025-04-28 22:14:52,814 - INFO - 连接建立
2025-04-28 22:14:54,669 - INFO - 重连成功
2025-04-28 22:14:54,708 - WARNING - 错误码：10165，信息：invalid handle
2025-04-28 22:14:55,208 - INFO - 连接关闭
2025-04-28 22:14:56,224 - INFO - 尝试第1次重连...
2025-04-28 22:14:56,378 - INFO - Websocket connected
2025-04-28 22:14:56,378 - INFO - 连接建立
2025-04-28 22:14:58,232 - INFO - 重连成功
2025-04-28 22:14:58,269 - WARNING - 错误码：10165，信息：invalid handle
2025-04-28 22:14:58,779 - INFO - 连接关闭
2025-04-28 22:14:59,793 - INFO - 尝试第1次重连...
2025-04-28 22:14:59,964 - INFO - Websocket connected
2025-04-28 22:14:59,964 - INFO - 连接建立
2025-04-28 22:15:01,801 - INFO - 重连成功
2025-04-28 22:15:01,841 - WARNING - 错误码：10165，信息：invalid handle
2025-04-28 22:15:02,342 - INFO - 连接关闭
2025-04-28 22:15:03,346 - INFO - 尝试第1次重连...
2025-04-28 22:15:03,519 - INFO - Websocket connected
2025-04-28 22:15:03,520 - INFO - 连接建立
2025-04-28 22:15:05,353 - INFO - 重连成功
2025-04-28 22:15:05,392 - WARNING - 错误码：10165，信息：invalid handle
2025-04-28 22:15:05,930 - INFO - 连接关闭
2025-04-28 22:15:06,940 - INFO - 尝试第1次重连...
2025-04-28 22:15:07,088 - INFO - Websocket connected
2025-04-28 22:15:07,089 - INFO - 连接建立
2025-04-28 22:15:08,948 - INFO - 重连成功
2025-04-28 22:15:08,983 - WARNING - 错误码：10165，信息：invalid handle
2025-04-28 22:15:09,484 - INFO - 连接关闭
2025-04-28 22:15:10,498 - INFO - 尝试第1次重连...
2025-04-28 22:15:10,671 - INFO - Websocket connected
2025-04-28 22:15:10,671 - INFO - 连接建立
2025-04-28 22:15:12,506 - INFO - 重连成功
2025-04-28 22:15:12,550 - WARNING - 错误码：10165，信息：invalid handle
2025-04-28 22:15:13,050 - INFO - 连接关闭
2025-04-28 22:15:14,061 - INFO - 尝试第1次重连...
2025-04-28 22:15:14,218 - INFO - Websocket connected
2025-04-28 22:15:14,219 - INFO - 连接建立
2025-04-28 22:15:16,066 - INFO - 重连成功
2025-04-28 22:15:16,105 - WARNING - 错误码：10165，信息：invalid handle
2025-04-28 22:15:16,603 - INFO - 连接关闭
2025-04-28 22:15:17,605 - INFO - 尝试第1次重连...
2025-04-28 22:15:17,760 - INFO - Websocket connected
2025-04-28 22:15:17,760 - INFO - 连接建立
2025-04-28 22:15:19,606 - INFO - 重连成功
2025-04-28 22:15:19,643 - WARNING - 错误码：10165，信息：invalid handle
2025-04-28 22:15:20,141 - INFO - 连接关闭
2025-04-28 22:15:21,156 - INFO - 尝试第1次重连...
2025-04-28 22:15:21,293 - INFO - Websocket connected
2025-04-28 22:15:21,293 - INFO - 连接建立
2025-04-28 22:15:23,161 - INFO - 重连成功
2025-04-28 22:15:23,192 - WARNING - 错误码：10165，信息：invalid handle
2025-04-28 22:15:23,692 - INFO - 连接关闭
2025-04-28 22:15:24,695 - INFO - 尝试第1次重连...
2025-04-28 22:15:24,846 - INFO - Websocket connected
2025-04-28 22:15:24,846 - INFO - 连接建立
2025-04-28 22:15:26,701 - INFO - 重连成功
2025-04-28 22:15:26,742 - WARNING - 错误码：10165，信息：invalid handle
2025-04-28 22:15:27,242 - INFO - 连接关闭
2025-04-28 22:15:28,243 - INFO - 尝试第1次重连...
2025-04-28 22:15:28,403 - INFO - Websocket connected
2025-04-28 22:15:28,404 - INFO - 连接建立
2025-04-28 22:15:30,259 - INFO - 重连成功
2025-04-28 22:15:30,295 - WARNING - 错误码：10165，信息：invalid handle
2025-04-28 22:15:30,796 - INFO - 连接关闭
2025-04-28 22:15:31,811 - INFO - 尝试第1次重连...
2025-04-28 22:15:31,990 - INFO - Websocket connected
2025-04-28 22:15:31,991 - INFO - 连接建立
2025-04-28 22:15:33,826 - INFO - 重连成功
2025-04-28 22:15:33,879 - WARNING - 错误码：10165，信息：invalid handle
2025-04-28 22:15:34,381 - INFO - 连接关闭
2025-04-28 22:15:35,383 - INFO - 尝试第1次重连...
2025-04-28 22:15:35,577 - INFO - Websocket connected
2025-04-28 22:15:35,578 - INFO - 连接建立
2025-04-28 22:15:37,393 - INFO - 重连成功
2025-04-28 22:15:37,560 - WARNING - 错误码：10165，信息：invalid handle
2025-04-28 22:15:38,022 - INFO - 连接关闭
2025-04-28 22:15:39,025 - INFO - 尝试第1次重连...
2025-04-28 22:15:39,203 - INFO - Websocket connected
2025-04-28 22:15:39,204 - INFO - 连接建立
2025-04-28 22:15:41,038 - INFO - 重连成功
2025-04-28 22:15:41,084 - WARNING - 错误码：10165，信息：invalid handle
2025-04-28 22:15:41,585 - INFO - 连接关闭
2025-04-28 22:15:42,594 - INFO - 尝试第1次重连...
2025-04-28 22:15:42,743 - INFO - Websocket connected
2025-04-28 22:15:42,743 - INFO - 连接建立
2025-04-28 22:15:44,611 - INFO - 重连成功
2025-04-28 22:15:44,645 - WARNING - 错误码：10165，信息：invalid handle
2025-04-28 22:15:45,145 - INFO - 连接关闭
2025-04-28 22:15:46,161 - INFO - 尝试第1次重连...
2025-04-28 22:15:46,309 - INFO - Websocket connected
2025-04-28 22:15:46,309 - INFO - 连接建立
2025-04-28 22:15:48,167 - INFO - 重连成功
2025-04-28 22:15:48,203 - WARNING - 错误码：10165，信息：invalid handle
2025-04-28 22:15:48,702 - INFO - 连接关闭
2025-04-28 22:15:49,715 - INFO - 尝试第1次重连...
2025-04-28 22:15:49,860 - INFO - Websocket connected
2025-04-28 22:15:49,860 - INFO - 连接建立
2025-04-28 22:15:51,723 - INFO - 重连成功
2025-04-28 22:15:51,760 - WARNING - 错误码：10165，信息：invalid handle
2025-04-28 22:15:52,258 - INFO - 连接关闭
2025-04-28 22:15:53,266 - INFO - 尝试第1次重连...
2025-04-28 22:15:53,414 - INFO - Websocket connected
2025-04-28 22:15:53,415 - INFO - 连接建立
2025-04-28 22:15:55,282 - INFO - 重连成功
2025-04-28 22:15:55,322 - WARNING - 错误码：10165，信息：invalid handle
2025-04-28 22:15:55,822 - INFO - 连接关闭
2025-04-28 22:15:56,830 - INFO - 尝试第1次重连...
2025-04-28 22:15:56,996 - INFO - Websocket connected
2025-04-28 22:15:56,996 - INFO - 连接建立
2025-04-28 22:15:58,844 - INFO - 重连成功
2025-04-28 22:15:58,893 - WARNING - 错误码：10165，信息：invalid handle
2025-04-28 22:15:59,392 - INFO - 连接关闭
2025-04-28 22:16:00,406 - INFO - 尝试第1次重连...
2025-04-28 22:16:00,557 - INFO - Websocket connected
2025-04-28 22:16:00,558 - INFO - 连接建立
2025-04-28 22:16:02,413 - INFO - 重连成功
2025-04-28 22:16:02,449 - WARNING - 错误码：10165，信息：invalid handle
2025-04-28 22:16:02,946 - INFO - 连接关闭
2025-04-28 22:16:03,951 - INFO - 尝试第1次重连...
2025-04-28 22:16:04,127 - INFO - Websocket connected
2025-04-28 22:16:04,127 - INFO - 连接建立
2025-04-28 22:16:05,958 - INFO - 重连成功
2025-04-28 22:16:05,998 - WARNING - 错误码：10165，信息：invalid handle
2025-04-28 22:16:06,498 - INFO - 连接关闭
2025-04-28 22:16:07,502 - INFO - 尝试第1次重连...
2025-04-28 22:16:07,656 - INFO - Websocket connected
2025-04-28 22:16:07,656 - INFO - 连接建立
2025-04-28 22:16:09,507 - INFO - 重连成功
2025-04-28 22:16:09,542 - WARNING - 错误码：10165，信息：invalid handle
2025-04-28 22:16:10,043 - INFO - 连接关闭
2025-04-28 22:16:11,053 - INFO - 尝试第1次重连...
2025-04-28 22:16:11,221 - INFO - Websocket connected
2025-04-28 22:16:11,221 - INFO - 连接建立
2025-04-28 22:16:13,069 - INFO - 重连成功
2025-04-28 22:16:13,109 - WARNING - 错误码：10165，信息：invalid handle
2025-04-28 22:16:13,619 - INFO - 连接关闭
2025-04-28 22:16:14,629 - INFO - 尝试第1次重连...
2025-04-28 22:16:14,793 - INFO - Websocket connected
2025-04-28 22:16:14,793 - INFO - 连接建立
2025-04-28 22:16:16,643 - INFO - 重连成功
2025-04-28 22:16:16,681 - WARNING - 错误码：10165，信息：invalid handle
2025-04-28 22:16:17,183 - INFO - 连接关闭
2025-04-28 22:16:18,189 - INFO - 尝试第1次重连...
2025-04-28 22:16:18,331 - INFO - Websocket connected
2025-04-28 22:16:18,332 - INFO - 连接建立
2025-04-28 22:16:20,202 - INFO - 重连成功
2025-04-28 22:16:20,250 - WARNING - 错误码：10165，信息：invalid handle
2025-04-28 22:16:20,742 - INFO - 连接关闭
2025-04-28 22:16:21,749 - INFO - 尝试第1次重连...
2025-04-28 22:16:21,896 - INFO - Websocket connected
2025-04-28 22:16:21,896 - INFO - 连接建立
2025-04-28 22:16:23,759 - INFO - 重连成功
2025-04-28 22:16:23,795 - WARNING - 错误码：10165，信息：invalid handle
2025-04-28 22:16:24,297 - INFO - 连接关闭
2025-04-28 22:16:25,306 - INFO - 尝试第1次重连...
2025-04-28 22:16:25,470 - INFO - Websocket connected
2025-04-28 22:16:25,471 - INFO - 连接建立
2025-04-28 22:16:27,315 - INFO - 重连成功
2025-04-28 22:16:27,353 - WARNING - 错误码：10165，信息：invalid handle
2025-04-28 22:16:27,853 - INFO - 连接关闭
2025-04-28 22:16:28,855 - INFO - 尝试第1次重连...
2025-04-28 22:16:29,022 - INFO - Websocket connected
2025-04-28 22:16:29,023 - INFO - 连接建立
2025-04-28 22:16:30,868 - INFO - 重连成功
2025-04-28 22:16:30,908 - WARNING - 错误码：10165，信息：invalid handle
2025-04-28 22:16:31,406 - INFO - 连接关闭
2025-04-28 22:16:32,408 - INFO - 尝试第1次重连...
2025-04-28 22:16:32,566 - INFO - Websocket connected
2025-04-28 22:16:32,568 - INFO - 连接建立
2025-04-28 22:16:34,423 - INFO - 重连成功
2025-04-28 22:16:34,458 - WARNING - 错误码：10165，信息：invalid handle
2025-04-28 22:16:34,958 - INFO - 连接关闭
2025-04-28 22:16:35,963 - INFO - 尝试第1次重连...
2025-04-28 22:16:36,112 - INFO - Websocket connected
2025-04-28 22:16:36,112 - INFO - 连接建立
2025-04-28 22:16:37,964 - INFO - 重连成功
2025-04-28 22:16:38,030 - WARNING - 错误码：10165，信息：invalid handle
2025-04-28 22:16:38,543 - INFO - 连接关闭
2025-04-28 22:16:39,556 - INFO - 尝试第1次重连...
2025-04-28 22:16:39,832 - INFO - Websocket connected
2025-04-28 22:16:39,833 - INFO - 连接建立
2025-04-28 22:16:41,563 - INFO - 重连成功
2025-04-28 22:16:41,598 - WARNING - 错误码：10165，信息：invalid handle
2025-04-28 22:16:42,098 - INFO - 连接关闭
2025-04-28 22:16:43,100 - INFO - 尝试第1次重连...
2025-04-28 22:16:43,255 - INFO - Websocket connected
2025-04-28 22:16:43,255 - INFO - 连接建立
2025-04-28 22:16:45,104 - INFO - 重连成功
2025-04-28 22:16:45,142 - WARNING - 错误码：10165，信息：invalid handle
2025-04-28 22:16:45,642 - INFO - 连接关闭
2025-04-28 22:16:46,651 - INFO - 尝试第1次重连...
2025-04-28 22:16:46,822 - INFO - Websocket connected
2025-04-28 22:16:46,823 - INFO - 连接建立
2025-04-28 22:16:48,668 - INFO - 重连成功
2025-04-28 22:16:48,706 - WARNING - 错误码：10165，信息：invalid handle
2025-04-28 22:16:49,208 - INFO - 连接关闭
2025-04-28 22:16:50,212 - INFO - 尝试第1次重连...
2025-04-28 22:16:50,359 - INFO - Websocket connected
2025-04-28 22:16:50,359 - INFO - 连接建立
2025-04-28 22:16:52,222 - INFO - 重连成功
2025-04-28 22:16:52,256 - WARNING - 错误码：10165，信息：invalid handle
2025-04-28 22:16:52,758 - INFO - 连接关闭
2025-04-28 22:16:53,760 - INFO - 尝试第1次重连...
2025-04-28 22:16:53,936 - INFO - Websocket connected
2025-04-28 22:16:53,938 - INFO - 连接建立
2025-04-28 22:16:55,762 - INFO - 重连成功
2025-04-28 22:16:55,797 - WARNING - 错误码：10165，信息：invalid handle
2025-04-28 22:16:56,298 - INFO - 连接关闭
2025-04-28 22:16:57,299 - INFO - 尝试第1次重连...
2025-04-28 22:16:57,442 - INFO - Websocket connected
2025-04-28 22:16:57,443 - INFO - 连接建立
2025-04-28 22:16:59,302 - INFO - 重连成功
2025-04-28 22:16:59,339 - WARNING - 错误码：10165，信息：invalid handle
2025-04-28 22:16:59,836 - INFO - 连接关闭
2025-04-28 22:17:00,838 - INFO - 尝试第1次重连...
2025-04-28 22:17:01,001 - INFO - Websocket connected
2025-04-28 22:17:01,002 - INFO - 连接建立
2025-04-28 22:17:02,848 - INFO - 重连成功
2025-04-28 22:17:02,885 - WARNING - 错误码：10165，信息：invalid handle
2025-04-28 22:17:03,386 - INFO - 连接关闭
2025-04-28 22:17:04,390 - INFO - 尝试第1次重连...
2025-04-28 22:17:04,569 - INFO - Websocket connected
2025-04-28 22:17:04,570 - INFO - 连接建立
2025-04-28 22:17:06,395 - INFO - 重连成功
2025-04-28 22:17:06,435 - WARNING - 错误码：10165，信息：invalid handle
2025-04-28 22:17:06,934 - INFO - 连接关闭
2025-04-28 22:17:07,935 - INFO - 尝试第1次重连...
2025-04-28 22:17:08,090 - INFO - Websocket connected
2025-04-28 22:17:08,091 - INFO - 连接建立
2025-04-28 22:17:09,938 - INFO - 重连成功
2025-04-28 22:17:09,975 - WARNING - 错误码：10165，信息：invalid handle
2025-04-28 22:17:10,476 - INFO - 连接关闭
2025-04-28 22:17:11,480 - INFO - 尝试第1次重连...
2025-04-28 22:17:11,639 - INFO - Websocket connected
2025-04-28 22:17:11,640 - INFO - 连接建立
2025-04-28 22:17:13,489 - INFO - 重连成功
2025-04-28 22:17:13,529 - WARNING - 错误码：10165，信息：invalid handle
2025-04-28 22:17:14,027 - INFO - 连接关闭
2025-04-28 22:17:15,039 - INFO - 尝试第1次重连...
2025-04-28 22:17:15,189 - INFO - Websocket connected
2025-04-28 22:17:15,189 - INFO - 连接建立
2025-04-28 22:17:17,047 - INFO - 重连成功
2025-04-28 22:17:17,089 - WARNING - 错误码：10165，信息：invalid handle
2025-04-28 22:17:17,591 - INFO - 连接关闭
2025-04-28 22:17:18,599 - INFO - 尝试第1次重连...
2025-04-28 22:17:18,777 - INFO - Websocket connected
2025-04-28 22:17:18,778 - INFO - 连接建立
2025-04-28 22:17:20,610 - INFO - 重连成功
2025-04-28 22:17:20,648 - WARNING - 错误码：10165，信息：invalid handle
2025-04-28 22:17:21,148 - INFO - 连接关闭
2025-04-28 22:17:22,152 - INFO - 尝试第1次重连...
2025-04-28 22:17:22,302 - INFO - Websocket connected
2025-04-28 22:17:22,303 - INFO - 连接建立
2025-04-28 22:17:24,161 - INFO - 重连成功
2025-04-28 22:17:24,198 - WARNING - 错误码：10165，信息：invalid handle
2025-04-28 22:17:24,698 - INFO - 连接关闭
2025-04-28 22:17:25,711 - INFO - 尝试第1次重连...
2025-04-28 22:17:25,879 - INFO - Websocket connected
2025-04-28 22:17:25,880 - INFO - 连接建立
2025-04-28 22:17:27,712 - INFO - 重连成功
2025-04-28 22:17:27,757 - WARNING - 错误码：10165，信息：invalid handle
2025-04-28 22:17:28,258 - INFO - 连接关闭
2025-04-28 22:17:29,264 - INFO - 尝试第1次重连...
2025-04-28 22:17:29,405 - INFO - Websocket connected
2025-04-28 22:17:29,405 - INFO - 连接建立
2025-04-28 22:17:31,268 - INFO - 重连成功
2025-04-28 22:17:31,302 - WARNING - 错误码：10165，信息：invalid handle
2025-04-28 22:17:31,803 - INFO - 连接关闭
2025-04-28 22:17:32,806 - INFO - 尝试第1次重连...
2025-04-28 22:17:32,971 - INFO - Websocket connected
2025-04-28 22:17:32,972 - INFO - 连接建立
2025-04-28 22:17:34,818 - INFO - 重连成功
2025-04-28 22:17:34,855 - WARNING - 错误码：10165，信息：invalid handle
2025-04-28 22:17:35,354 - INFO - 连接关闭
2025-04-28 22:17:36,360 - INFO - 尝试第1次重连...
2025-04-28 22:17:36,530 - INFO - Websocket connected
2025-04-28 22:17:36,532 - INFO - 连接建立
2025-04-28 22:17:38,375 - INFO - 重连成功
2025-04-28 22:17:38,416 - WARNING - 错误码：10165，信息：invalid handle
2025-04-28 22:17:38,925 - INFO - 连接关闭
2025-04-28 22:17:39,933 - INFO - 尝试第1次重连...
2025-04-28 22:17:40,105 - INFO - Websocket connected
2025-04-28 22:17:40,106 - INFO - 连接建立
2025-04-28 22:17:41,942 - INFO - 重连成功
2025-04-28 22:17:41,986 - WARNING - 错误码：10165，信息：invalid handle
2025-04-28 22:17:42,486 - INFO - 连接关闭
2025-04-28 22:17:43,494 - INFO - 尝试第1次重连...
2025-04-28 22:17:43,649 - INFO - Websocket connected
2025-04-28 22:17:43,649 - INFO - 连接建立
2025-04-28 22:17:45,496 - INFO - 重连成功
2025-04-28 22:17:45,530 - WARNING - 错误码：10165，信息：invalid handle
2025-04-28 22:17:46,030 - INFO - 连接关闭
2025-04-28 22:17:47,042 - INFO - 尝试第1次重连...
2025-04-28 22:17:47,208 - INFO - Websocket connected
2025-04-28 22:17:47,209 - INFO - 连接建立
2025-04-28 22:17:49,048 - INFO - 重连成功
2025-04-28 22:17:49,088 - WARNING - 错误码：10165，信息：invalid handle
2025-04-28 22:17:49,592 - INFO - 连接关闭
2025-04-28 22:17:50,596 - INFO - 尝试第1次重连...
2025-04-28 22:17:50,763 - INFO - Websocket connected
2025-04-28 22:17:50,764 - INFO - 连接建立
2025-04-28 22:17:52,601 - INFO - 重连成功
2025-04-28 22:17:52,643 - WARNING - 错误码：10165，信息：invalid handle
2025-04-28 22:17:53,143 - INFO - 连接关闭
2025-04-28 22:17:54,156 - INFO - 尝试第1次重连...
2025-04-28 22:17:54,312 - INFO - Websocket connected
2025-04-28 22:17:54,313 - INFO - 连接建立
2025-04-28 22:17:56,162 - INFO - 重连成功
2025-04-28 22:17:56,202 - WARNING - 错误码：10165，信息：invalid handle
2025-04-28 22:17:56,705 - INFO - 连接关闭
2025-04-28 22:17:57,722 - INFO - 尝试第1次重连...
2025-04-28 22:17:57,891 - INFO - Websocket connected
2025-04-28 22:17:57,891 - INFO - 连接建立
2025-04-28 22:17:59,738 - INFO - 重连成功
2025-04-28 22:17:59,773 - WARNING - 错误码：10165，信息：invalid handle
2025-04-28 22:18:00,273 - INFO - 连接关闭
2025-04-28 22:18:01,278 - INFO - 尝试第1次重连...
2025-04-28 22:18:01,445 - INFO - Websocket connected
2025-04-28 22:18:01,445 - INFO - 连接建立
2025-04-28 22:18:03,293 - INFO - 重连成功
2025-04-28 22:18:03,332 - WARNING - 错误码：10165，信息：invalid handle
2025-04-28 22:18:03,833 - INFO - 连接关闭
2025-04-28 22:18:04,838 - INFO - 尝试第1次重连...
2025-04-28 22:18:05,014 - INFO - Websocket connected
2025-04-28 22:18:05,015 - INFO - 连接建立
2025-04-28 22:18:06,844 - INFO - 重连成功
2025-04-28 22:18:06,885 - WARNING - 错误码：10165，信息：invalid handle
2025-04-28 22:18:07,386 - INFO - 连接关闭
2025-04-28 22:18:08,388 - INFO - 尝试第1次重连...
2025-04-28 22:18:08,555 - INFO - Websocket connected
2025-04-28 22:18:08,556 - INFO - 连接建立
2025-04-28 22:18:10,404 - INFO - 重连成功
2025-04-28 22:18:10,442 - WARNING - 错误码：10165，信息：invalid handle
2025-04-28 22:18:10,942 - INFO - 连接关闭
2025-04-28 22:18:11,954 - INFO - 尝试第1次重连...
2025-04-28 22:18:12,110 - INFO - Websocket connected
2025-04-28 22:18:12,110 - INFO - 连接建立
2025-04-28 22:18:13,967 - INFO - 重连成功
2025-04-28 22:18:14,019 - WARNING - 错误码：10165，信息：invalid handle
2025-04-28 22:18:14,515 - INFO - 连接关闭
2025-04-28 22:18:15,521 - INFO - 尝试第1次重连...
2025-04-28 22:18:15,675 - INFO - Websocket connected
2025-04-28 22:18:15,676 - INFO - 连接建立
2025-04-28 22:18:17,523 - INFO - 重连成功
2025-04-28 22:18:17,559 - WARNING - 错误码：10165，信息：invalid handle
2025-04-28 22:18:18,059 - INFO - 连接关闭
2025-04-28 22:18:19,068 - INFO - 尝试第1次重连...
2025-04-28 22:18:19,208 - INFO - Websocket connected
2025-04-28 22:18:19,209 - INFO - 连接建立
2025-04-28 22:18:21,080 - INFO - 重连成功
2025-04-28 22:18:21,114 - WARNING - 错误码：10165，信息：invalid handle
2025-04-28 22:18:21,615 - INFO - 连接关闭
2025-04-28 22:18:22,630 - INFO - 尝试第1次重连...
2025-04-28 22:18:22,781 - INFO - Websocket connected
2025-04-28 22:18:22,782 - INFO - 连接建立
2025-04-28 22:18:24,639 - INFO - 重连成功
2025-04-28 22:18:24,679 - WARNING - 错误码：10165，信息：invalid handle
2025-04-28 22:18:25,178 - INFO - 连接关闭
2025-04-28 22:18:26,189 - INFO - 尝试第1次重连...
2025-04-28 22:18:26,360 - INFO - Websocket connected
2025-04-28 22:18:26,361 - INFO - 连接建立
2025-04-28 22:18:28,205 - INFO - 重连成功
2025-04-28 22:18:28,243 - WARNING - 错误码：10165，信息：invalid handle
2025-04-28 22:18:28,746 - INFO - 连接关闭
2025-04-28 22:18:29,754 - INFO - 尝试第1次重连...
2025-04-28 22:18:29,933 - INFO - Websocket connected
2025-04-28 22:18:29,933 - INFO - 连接建立
2025-04-28 22:18:31,761 - INFO - 重连成功
2025-04-28 22:18:31,798 - WARNING - 错误码：10165，信息：invalid handle
2025-04-28 22:18:32,298 - INFO - 连接关闭
2025-04-28 22:18:33,304 - INFO - 尝试第1次重连...
2025-04-28 22:18:33,471 - INFO - Websocket connected
2025-04-28 22:18:33,472 - INFO - 连接建立
2025-04-28 22:18:35,315 - INFO - 重连成功
2025-04-28 22:18:35,350 - WARNING - 错误码：10165，信息：invalid handle
2025-04-28 22:18:35,942 - INFO - 连接关闭
2025-04-28 22:18:36,946 - INFO - 尝试第1次重连...
2025-04-28 22:18:37,102 - INFO - Websocket connected
2025-04-28 22:18:37,102 - INFO - 连接建立
2025-04-28 22:18:38,950 - INFO - 重连成功
2025-04-28 22:18:38,986 - WARNING - 错误码：10165，信息：invalid handle
2025-04-28 22:18:39,486 - INFO - 连接关闭
2025-04-28 22:18:40,491 - INFO - 尝试第1次重连...
2025-04-28 22:18:40,641 - INFO - Websocket connected
2025-04-28 22:18:40,641 - INFO - 连接建立
2025-04-28 22:18:42,496 - INFO - 重连成功
2025-04-28 22:18:42,535 - WARNING - 错误码：10165，信息：invalid handle
2025-04-28 22:18:43,034 - INFO - 连接关闭
2025-04-28 22:18:44,045 - INFO - 尝试第1次重连...
2025-04-28 22:18:44,201 - INFO - Websocket connected
2025-04-28 22:18:44,201 - INFO - 连接建立
2025-04-28 22:18:46,053 - INFO - 重连成功
2025-04-28 22:18:46,093 - WARNING - 错误码：10165，信息：invalid handle
2025-04-28 22:18:46,593 - INFO - 连接关闭
2025-04-28 22:18:47,597 - INFO - 尝试第1次重连...
2025-04-28 22:18:47,754 - INFO - Websocket connected
2025-04-28 22:18:47,754 - INFO - 连接建立
2025-04-28 22:18:49,607 - INFO - 重连成功
2025-04-28 22:18:49,645 - WARNING - 错误码：10165，信息：invalid handle
2025-04-28 22:18:50,145 - INFO - 连接关闭
2025-04-28 22:18:51,157 - INFO - 尝试第1次重连...
2025-04-28 22:18:51,305 - INFO - Websocket connected
2025-04-28 22:18:51,306 - INFO - 连接建立
2025-04-28 22:18:53,173 - INFO - 重连成功
2025-04-28 22:18:53,210 - WARNING - 错误码：10165，信息：invalid handle
2025-04-28 22:18:53,708 - INFO - 连接关闭
2025-04-28 22:18:54,719 - INFO - 尝试第1次重连...
2025-04-28 22:18:54,880 - INFO - Websocket connected
2025-04-28 22:18:54,881 - INFO - 连接建立
2025-04-28 22:18:56,725 - INFO - 重连成功
2025-04-28 22:18:56,766 - WARNING - 错误码：10165，信息：invalid handle
2025-04-28 22:18:57,268 - INFO - 连接关闭
2025-04-28 22:18:58,284 - INFO - 尝试第1次重连...
2025-04-28 22:18:58,443 - INFO - Websocket connected
2025-04-28 22:18:58,443 - INFO - 连接建立
2025-04-28 22:19:00,292 - INFO - 重连成功
2025-04-28 22:19:00,329 - WARNING - 错误码：10165，信息：invalid handle
2025-04-28 22:19:00,830 - INFO - 连接关闭
2025-04-28 22:19:01,833 - INFO - 尝试第1次重连...
2025-04-28 22:19:02,003 - INFO - Websocket connected
2025-04-28 22:19:02,003 - INFO - 连接建立
2025-04-28 22:19:03,848 - INFO - 重连成功
2025-04-28 22:19:03,884 - WARNING - 错误码：10165，信息：invalid handle
2025-04-28 22:19:04,386 - INFO - 连接关闭
2025-04-28 22:19:05,396 - INFO - 尝试第1次重连...
2025-04-28 22:19:05,550 - INFO - Websocket connected
2025-04-28 22:19:05,550 - INFO - 连接建立
2025-04-28 22:19:07,405 - INFO - 重连成功
2025-04-28 22:19:07,444 - WARNING - 错误码：10165，信息：invalid handle
2025-04-28 22:19:07,945 - INFO - 连接关闭
2025-04-28 22:19:08,948 - INFO - 尝试第1次重连...
2025-04-28 22:19:09,110 - INFO - Websocket connected
2025-04-28 22:19:09,110 - INFO - 连接建立
2025-04-28 22:19:10,960 - INFO - 重连成功
2025-04-28 22:19:10,998 - WARNING - 错误码：10165，信息：invalid handle
2025-04-28 22:19:11,499 - INFO - 连接关闭
2025-04-28 22:19:12,512 - INFO - 尝试第1次重连...
2025-04-28 22:19:12,650 - INFO - Websocket connected
2025-04-28 22:19:12,651 - INFO - 连接建立
2025-04-28 22:19:14,525 - INFO - 重连成功
2025-04-28 22:19:14,556 - WARNING - 错误码：10165，信息：invalid handle
2025-04-28 22:19:15,058 - INFO - 连接关闭
2025-04-28 22:19:16,070 - INFO - 尝试第1次重连...
2025-04-28 22:19:16,236 - INFO - Websocket connected
2025-04-28 22:19:16,237 - INFO - 连接建立
2025-04-28 22:19:18,073 - INFO - 重连成功
2025-04-28 22:19:18,114 - WARNING - 错误码：10165，信息：invalid handle
2025-04-28 22:19:18,616 - INFO - 连接关闭
2025-04-28 22:19:19,620 - INFO - 尝试第1次重连...
2025-04-28 22:19:19,786 - INFO - Websocket connected
2025-04-28 22:19:19,786 - INFO - 连接建立
2025-04-28 22:19:21,625 - INFO - 重连成功
2025-04-28 22:19:21,666 - WARNING - 错误码：10165，信息：invalid handle
2025-04-28 22:19:22,168 - INFO - 连接关闭
2025-04-28 22:19:23,178 - INFO - 尝试第1次重连...
2025-04-28 22:19:23,315 - INFO - Websocket connected
2025-04-28 22:19:23,315 - INFO - 连接建立
2025-04-28 22:19:25,184 - INFO - 重连成功
2025-04-28 22:19:25,216 - WARNING - 错误码：10165，信息：invalid handle
2025-04-28 22:19:25,718 - INFO - 连接关闭
2025-04-28 22:19:26,733 - INFO - 尝试第1次重连...
2025-04-28 22:19:26,867 - INFO - Websocket connected
2025-04-28 22:19:26,868 - INFO - 连接建立
2025-04-28 22:19:28,739 - INFO - 重连成功
2025-04-28 22:19:28,770 - WARNING - 错误码：10165，信息：invalid handle
2025-04-28 22:19:29,272 - INFO - 连接关闭
2025-04-28 22:19:30,284 - INFO - 尝试第1次重连...
2025-04-28 22:19:30,435 - INFO - Websocket connected
2025-04-28 22:19:30,436 - INFO - 连接建立
2025-04-28 22:19:32,294 - INFO - 重连成功
2025-04-28 22:19:32,332 - WARNING - 错误码：10165，信息：invalid handle
2025-04-28 22:19:32,833 - INFO - 连接关闭
2025-04-28 22:19:33,843 - INFO - 尝试第1次重连...
2025-04-28 22:19:33,990 - INFO - Websocket connected
2025-04-28 22:19:33,992 - INFO - 连接建立
2025-04-28 22:19:35,846 - INFO - 重连成功
2025-04-28 22:19:35,882 - WARNING - 错误码：10165，信息：invalid handle
2025-04-28 22:19:36,384 - INFO - 连接关闭
2025-04-28 22:19:37,385 - INFO - 尝试第1次重连...
2025-04-28 22:19:37,534 - INFO - Websocket connected
2025-04-28 22:19:37,535 - INFO - 连接建立
2025-04-28 22:19:39,387 - INFO - 重连成功
2025-04-28 22:19:39,423 - WARNING - 错误码：10165，信息：invalid handle
2025-04-28 22:19:39,923 - INFO - 连接关闭
2025-04-28 22:19:40,935 - INFO - 尝试第1次重连...
2025-04-28 22:19:41,096 - INFO - Websocket connected
2025-04-28 22:19:41,096 - INFO - 连接建立
2025-04-28 22:19:42,941 - INFO - 重连成功
2025-04-28 22:19:42,979 - WARNING - 错误码：10165，信息：invalid handle
2025-04-28 22:19:43,480 - INFO - 连接关闭
2025-04-28 22:19:44,493 - INFO - 尝试第1次重连...
2025-04-28 22:19:44,665 - INFO - Websocket connected
2025-04-28 22:19:44,665 - INFO - 连接建立
2025-04-28 22:19:46,496 - INFO - 重连成功
2025-04-28 22:19:46,537 - WARNING - 错误码：10165，信息：invalid handle
2025-04-28 22:19:47,037 - INFO - 连接关闭
2025-04-28 22:19:48,043 - INFO - 尝试第1次重连...
2025-04-28 22:19:48,216 - INFO - Websocket connected
2025-04-28 22:19:48,217 - INFO - 连接建立
2025-04-28 22:19:50,058 - INFO - 重连成功
2025-04-28 22:19:50,097 - WARNING - 错误码：10165，信息：invalid handle
2025-04-28 22:19:50,597 - INFO - 连接关闭
2025-04-28 22:19:51,611 - INFO - 尝试第1次重连...
2025-04-28 22:19:51,772 - INFO - Websocket connected
2025-04-28 22:19:51,772 - INFO - 连接建立
2025-04-28 22:19:53,615 - INFO - 重连成功
2025-04-28 22:19:53,657 - WARNING - 错误码：10165，信息：invalid handle
2025-04-28 22:19:54,157 - INFO - 连接关闭
2025-04-28 22:19:55,172 - INFO - 尝试第1次重连...
2025-04-28 22:19:55,327 - INFO - Websocket connected
2025-04-28 22:19:55,327 - INFO - 连接建立
2025-04-28 22:19:57,187 - INFO - 重连成功
2025-04-28 22:19:57,231 - WARNING - 错误码：10165，信息：invalid handle
2025-04-28 22:19:57,727 - INFO - 连接关闭
2025-04-28 22:19:58,730 - INFO - 尝试第1次重连...
2025-04-28 22:19:58,871 - INFO - Websocket connected
2025-04-28 22:19:58,871 - INFO - 连接建立
2025-04-28 22:20:00,742 - INFO - 重连成功
2025-04-28 22:20:00,788 - WARNING - 错误码：10165，信息：invalid handle
2025-04-28 22:20:01,279 - INFO - 连接关闭
2025-04-28 22:20:02,284 - INFO - 尝试第1次重连...
2025-04-28 22:20:02,439 - INFO - Websocket connected
2025-04-28 22:20:02,440 - INFO - 连接建立
2025-04-28 22:20:04,288 - INFO - 重连成功
2025-04-28 22:20:04,323 - WARNING - 错误码：10165，信息：invalid handle
2025-04-28 22:20:04,824 - INFO - 连接关闭
2025-04-28 22:20:05,827 - INFO - 尝试第1次重连...
2025-04-28 22:20:05,969 - INFO - Websocket connected
2025-04-28 22:20:05,970 - INFO - 连接建立
2025-04-28 22:20:07,834 - INFO - 重连成功
2025-04-28 22:20:07,868 - WARNING - 错误码：10165，信息：invalid handle
2025-04-28 22:20:08,367 - INFO - 连接关闭
2025-04-28 22:20:09,382 - INFO - 尝试第1次重连...
2025-04-28 22:20:09,538 - INFO - Websocket connected
2025-04-28 22:20:09,538 - INFO - 连接建立
2025-04-28 22:20:11,386 - INFO - 重连成功
2025-04-28 22:20:11,423 - WARNING - 错误码：10165，信息：invalid handle
2025-04-28 22:20:11,921 - INFO - 连接关闭
2025-04-28 22:20:12,935 - INFO - 尝试第1次重连...
2025-04-28 22:20:13,095 - INFO - Websocket connected
2025-04-28 22:20:13,096 - INFO - 连接建立
2025-04-28 22:20:14,946 - INFO - 重连成功
2025-04-28 22:20:14,983 - WARNING - 错误码：10165，信息：invalid handle
2025-04-28 22:20:15,484 - INFO - 连接关闭
2025-04-28 22:20:16,488 - INFO - 尝试第1次重连...
2025-04-28 22:20:16,658 - INFO - Websocket connected
2025-04-28 22:20:16,658 - INFO - 连接建立
2025-04-28 22:20:18,496 - INFO - 重连成功
2025-04-28 22:20:18,538 - WARNING - 错误码：10165，信息：invalid handle
2025-04-28 22:20:19,037 - INFO - 连接关闭
2025-04-28 22:20:20,045 - INFO - 尝试第1次重连...
2025-04-28 22:20:20,208 - INFO - Websocket connected
2025-04-28 22:20:20,208 - INFO - 连接建立
2025-04-28 22:20:22,057 - INFO - 重连成功
2025-04-28 22:20:22,094 - WARNING - 错误码：10165，信息：invalid handle
2025-04-28 22:20:22,594 - INFO - 连接关闭
2025-04-28 22:20:23,600 - INFO - 尝试第1次重连...
2025-04-28 22:20:23,758 - INFO - Websocket connected
2025-04-28 22:20:23,759 - INFO - 连接建立
2025-04-28 22:20:25,609 - INFO - 重连成功
2025-04-28 22:20:25,654 - WARNING - 错误码：10165，信息：invalid handle
2025-04-28 22:20:26,168 - INFO - 连接关闭
2025-04-28 22:20:27,172 - INFO - 尝试第1次重连...
2025-04-28 22:20:27,360 - INFO - Websocket connected
2025-04-28 22:20:27,360 - INFO - 连接建立
2025-04-28 22:20:29,186 - INFO - 重连成功
2025-04-28 22:20:29,249 - WARNING - 错误码：10165，信息：invalid handle
2025-04-28 22:20:29,745 - INFO - 连接关闭
2025-04-28 22:20:30,748 - INFO - 尝试第1次重连...
2025-04-28 22:20:30,909 - INFO - Websocket connected
2025-04-28 22:20:30,909 - INFO - 连接建立
2025-04-28 22:20:32,764 - INFO - 重连成功
2025-04-28 22:20:32,802 - WARNING - 错误码：10165，信息：invalid handle
2025-04-28 22:20:33,302 - INFO - 连接关闭
2025-04-28 22:20:34,313 - INFO - 尝试第1次重连...
2025-04-28 22:20:34,476 - INFO - Websocket connected
2025-04-28 22:20:34,477 - INFO - 连接建立
2025-04-28 22:20:36,328 - INFO - 重连成功
2025-04-28 22:20:36,364 - WARNING - 错误码：10165，信息：invalid handle
2025-04-28 22:20:36,866 - INFO - 连接关闭
2025-04-28 22:20:37,881 - INFO - 尝试第1次重连...
2025-04-28 22:20:38,038 - INFO - Websocket connected
2025-04-28 22:20:38,039 - INFO - 连接建立
2025-04-28 22:20:39,891 - INFO - 重连成功
2025-04-28 22:20:39,926 - WARNING - 错误码：10165，信息：invalid handle
2025-04-28 22:20:40,426 - INFO - 连接关闭
2025-04-28 22:20:41,436 - INFO - 尝试第1次重连...
2025-04-28 22:20:41,598 - INFO - Websocket connected
2025-04-28 22:20:41,599 - INFO - 连接建立
2025-04-28 22:20:43,446 - INFO - 重连成功
2025-04-28 22:20:43,483 - WARNING - 错误码：10165，信息：invalid handle
2025-04-28 22:20:43,983 - INFO - 连接关闭
2025-04-28 22:20:44,987 - INFO - 尝试第1次重连...
2025-04-28 22:20:45,131 - INFO - Websocket connected
2025-04-28 22:20:45,132 - INFO - 连接建立
2025-04-28 22:20:47,000 - INFO - 重连成功
2025-04-28 22:20:47,033 - WARNING - 错误码：10165，信息：invalid handle
2025-04-28 22:20:47,536 - INFO - 连接关闭
2025-04-28 22:20:48,539 - INFO - 尝试第1次重连...
2025-04-28 22:20:48,700 - INFO - Websocket connected
2025-04-28 22:20:48,702 - INFO - 连接建立
2025-04-28 22:20:50,546 - INFO - 重连成功
2025-04-28 22:20:50,590 - WARNING - 错误码：10165，信息：invalid handle
2025-04-28 22:20:51,091 - INFO - 连接关闭
2025-04-28 22:20:52,098 - INFO - 尝试第1次重连...
2025-04-28 22:20:52,245 - INFO - Websocket connected
2025-04-28 22:20:52,246 - INFO - 连接建立
2025-04-28 22:20:54,105 - INFO - 重连成功
2025-04-28 22:20:54,158 - WARNING - 错误码：10165，信息：invalid handle
2025-04-28 22:20:54,653 - INFO - 连接关闭
2025-04-28 22:20:55,663 - INFO - 尝试第1次重连...
2025-04-28 22:20:55,823 - INFO - Websocket connected
2025-04-28 22:20:55,824 - INFO - 连接建立
2025-04-28 22:20:57,676 - INFO - 重连成功
2025-04-28 22:20:57,714 - WARNING - 错误码：10165，信息：invalid handle
2025-04-28 22:20:58,214 - INFO - 连接关闭
2025-04-28 22:20:59,224 - INFO - 尝试第1次重连...
2025-04-28 22:20:59,388 - INFO - Websocket connected
2025-04-28 22:20:59,389 - INFO - 连接建立
2025-04-28 22:21:01,232 - INFO - 重连成功
2025-04-28 22:21:01,269 - WARNING - 错误码：10165，信息：invalid handle
2025-04-28 22:21:01,769 - INFO - 连接关闭
2025-04-28 22:21:02,771 - INFO - 尝试第1次重连...
2025-04-28 22:21:02,910 - INFO - Websocket connected
2025-04-28 22:21:02,911 - INFO - 连接建立
2025-04-28 22:21:04,779 - INFO - 重连成功
2025-04-28 22:21:04,816 - WARNING - 错误码：10165，信息：invalid handle
2025-04-28 22:21:05,314 - INFO - 连接关闭
2025-04-28 22:21:06,324 - INFO - 尝试第1次重连...
2025-04-28 22:21:06,476 - INFO - Websocket connected
2025-04-28 22:21:06,477 - INFO - 连接建立
2025-04-28 22:21:08,326 - INFO - 重连成功
2025-04-28 22:21:08,362 - WARNING - 错误码：10165，信息：invalid handle
2025-04-28 22:21:08,863 - INFO - 连接关闭
2025-04-28 22:21:09,866 - INFO - 尝试第1次重连...
2025-04-28 22:21:10,011 - INFO - Websocket connected
2025-04-28 22:21:10,012 - INFO - 连接建立
2025-04-28 22:21:11,873 - INFO - 重连成功
2025-04-28 22:21:11,906 - WARNING - 错误码：10165，信息：invalid handle
2025-04-28 22:21:12,408 - INFO - 连接关闭
2025-04-28 22:21:13,414 - INFO - 尝试第1次重连...
2025-04-28 22:21:13,579 - INFO - Websocket connected
2025-04-28 22:21:13,579 - INFO - 连接建立
2025-04-28 22:21:15,424 - INFO - 重连成功
2025-04-28 22:21:15,465 - WARNING - 错误码：10165，信息：invalid handle
2025-04-28 22:21:15,964 - INFO - 连接关闭
2025-04-28 22:21:16,977 - INFO - 尝试第1次重连...
2025-04-28 22:21:17,120 - INFO - Websocket connected
2025-04-28 22:21:17,121 - INFO - 连接建立
2025-04-28 22:21:18,991 - INFO - 重连成功
2025-04-28 22:21:19,024 - WARNING - 错误码：10165，信息：invalid handle
2025-04-28 22:21:19,524 - INFO - 连接关闭
2025-04-28 22:21:20,536 - INFO - 尝试第1次重连...
2025-04-28 22:21:20,693 - INFO - Websocket connected
2025-04-28 22:21:20,693 - INFO - 连接建立
2025-04-28 22:21:22,544 - INFO - 重连成功
2025-04-28 22:21:22,586 - WARNING - 错误码：10165，信息：invalid handle
2025-04-28 22:21:23,084 - INFO - 连接关闭
2025-04-28 22:21:24,089 - INFO - 尝试第1次重连...
2025-04-28 22:21:24,281 - INFO - Websocket connected
2025-04-28 22:21:24,281 - INFO - 连接建立
2025-04-28 22:21:26,104 - INFO - 重连成功
2025-04-28 22:21:26,148 - WARNING - 错误码：10165，信息：invalid handle
2025-04-28 22:21:26,645 - INFO - 连接关闭
2025-04-28 22:21:27,648 - INFO - 尝试第1次重连...
2025-04-28 22:21:27,808 - INFO - Websocket connected
2025-04-28 22:21:27,809 - INFO - 连接建立
2025-04-28 22:21:29,660 - INFO - 重连成功
2025-04-28 22:21:29,697 - WARNING - 错误码：10165，信息：invalid handle
2025-04-28 22:21:30,198 - INFO - 连接关闭
2025-04-28 22:21:31,211 - INFO - 尝试第1次重连...
2025-04-28 22:21:31,370 - INFO - Websocket connected
2025-04-28 22:21:31,370 - INFO - 连接建立
2025-04-28 22:21:33,222 - INFO - 重连成功
2025-04-28 22:21:33,258 - WARNING - 错误码：10165，信息：invalid handle
2025-04-28 22:21:33,759 - INFO - 连接关闭
2025-04-28 22:21:34,763 - INFO - 尝试第1次重连...
2025-04-28 22:21:34,911 - INFO - Websocket connected
2025-04-28 22:21:34,913 - INFO - 连接建立
2025-04-28 22:21:36,765 - INFO - 重连成功
2025-04-28 22:21:36,804 - WARNING - 错误码：10165，信息：invalid handle
2025-04-28 22:21:37,302 - INFO - 连接关闭
2025-04-28 22:21:38,306 - INFO - 尝试第1次重连...
2025-04-28 22:21:38,511 - INFO - Websocket connected
2025-04-28 22:21:38,512 - INFO - 连接建立
2025-04-28 22:21:40,311 - INFO - 重连成功
2025-04-28 22:21:40,351 - WARNING - 错误码：10165，信息：invalid handle
2025-04-28 22:21:40,851 - INFO - 连接关闭
2025-04-28 22:21:41,853 - INFO - 尝试第1次重连...
2025-04-28 22:21:41,994 - INFO - Websocket connected
2025-04-28 22:21:41,995 - INFO - 连接建立
2025-04-28 22:21:43,858 - INFO - 重连成功
2025-04-28 22:21:43,890 - WARNING - 错误码：10165，信息：invalid handle
2025-04-28 22:21:44,392 - INFO - 连接关闭
2025-04-28 22:21:45,400 - INFO - 尝试第1次重连...
2025-04-28 22:21:45,563 - INFO - Websocket connected
2025-04-28 22:21:45,563 - INFO - 连接建立
2025-04-28 22:21:47,406 - INFO - 重连成功
2025-04-28 22:21:47,447 - WARNING - 错误码：10165，信息：invalid handle
2025-04-28 22:21:47,946 - INFO - 连接关闭
2025-04-28 22:21:48,962 - INFO - 尝试第1次重连...
2025-04-28 22:21:49,125 - INFO - Websocket connected
2025-04-28 22:21:49,125 - INFO - 连接建立
2025-04-28 22:21:50,975 - INFO - 重连成功
2025-04-28 22:21:51,010 - WARNING - 错误码：10165，信息：invalid handle
2025-04-28 22:21:51,511 - INFO - 连接关闭
2025-04-28 22:21:52,518 - INFO - 尝试第1次重连...
2025-04-28 22:21:52,708 - INFO - Websocket connected
2025-04-28 22:21:52,709 - INFO - 连接建立
2025-04-28 22:21:54,523 - INFO - 重连成功
2025-04-28 22:21:54,564 - WARNING - 错误码：10165，信息：invalid handle
2025-04-28 22:21:55,065 - INFO - 连接关闭
2025-04-28 22:21:56,082 - INFO - 尝试第1次重连...
2025-04-28 22:21:56,253 - INFO - Websocket connected
2025-04-28 22:21:56,254 - INFO - 连接建立
2025-04-28 22:21:58,092 - INFO - 重连成功
2025-04-28 22:21:58,131 - WARNING - 错误码：10165，信息：invalid handle
2025-04-28 22:21:58,632 - INFO - 连接关闭
2025-04-28 22:21:59,641 - INFO - 尝试第1次重连...
2025-04-28 22:21:59,805 - INFO - Websocket connected
2025-04-28 22:21:59,805 - INFO - 连接建立
2025-04-28 22:22:01,645 - INFO - 重连成功
2025-04-28 22:22:01,686 - WARNING - 错误码：10165，信息：invalid handle
2025-04-28 22:22:02,184 - INFO - 连接关闭
2025-04-28 22:22:03,192 - INFO - 尝试第1次重连...
2025-04-28 22:22:03,349 - INFO - Websocket connected
2025-04-28 22:22:03,350 - INFO - 连接建立
2025-04-28 22:22:05,205 - INFO - 重连成功
2025-04-28 22:22:05,242 - WARNING - 错误码：10165，信息：invalid handle
2025-04-28 22:22:05,741 - INFO - 连接关闭
2025-04-28 22:22:06,743 - INFO - 尝试第1次重连...
2025-04-28 22:22:06,906 - INFO - Websocket connected
2025-04-28 22:22:06,906 - INFO - 连接建立
2025-04-28 22:22:08,750 - INFO - 重连成功
2025-04-28 22:22:08,786 - WARNING - 错误码：10165，信息：invalid handle
2025-04-28 22:22:09,290 - INFO - 连接关闭
2025-04-28 22:22:10,306 - INFO - 尝试第1次重连...
2025-04-28 22:22:10,480 - INFO - Websocket connected
2025-04-28 22:22:10,481 - INFO - 连接建立
2025-04-28 22:22:12,322 - INFO - 重连成功
2025-04-28 22:22:12,363 - WARNING - 错误码：10165，信息：invalid handle
2025-04-28 22:22:12,863 - INFO - 连接关闭
2025-04-28 22:22:13,879 - INFO - 尝试第1次重连...
2025-04-28 22:22:14,030 - INFO - Websocket connected
2025-04-28 22:22:14,031 - INFO - 连接建立
2025-04-28 22:22:15,889 - INFO - 重连成功
2025-04-28 22:22:15,933 - WARNING - 错误码：10165，信息：invalid handle
2025-04-28 22:22:16,431 - INFO - 连接关闭
2025-04-28 22:22:17,439 - INFO - 尝试第1次重连...
2025-04-28 22:22:17,604 - INFO - Websocket connected
2025-04-28 22:22:17,604 - INFO - 连接建立
2025-04-28 22:22:19,454 - INFO - 重连成功
2025-04-28 22:22:19,495 - WARNING - 错误码：10165，信息：invalid handle
2025-04-28 22:22:19,995 - INFO - 连接关闭
2025-04-28 22:22:21,008 - INFO - 尝试第1次重连...
2025-04-28 22:22:21,152 - INFO - Websocket connected
2025-04-28 22:22:21,153 - INFO - 连接建立
2025-04-28 22:22:23,019 - INFO - 重连成功
2025-04-28 22:22:23,055 - WARNING - 错误码：10165，信息：invalid handle
2025-04-28 22:22:23,551 - INFO - 连接关闭
2025-04-28 22:22:24,555 - INFO - 尝试第1次重连...
2025-04-28 22:22:24,714 - INFO - Websocket connected
2025-04-28 22:22:24,715 - INFO - 连接建立
2025-04-28 22:22:26,565 - INFO - 重连成功
2025-04-28 22:22:26,601 - WARNING - 错误码：10165，信息：invalid handle
2025-04-28 22:22:27,106 - INFO - 连接关闭
2025-04-28 22:22:28,109 - INFO - 尝试第1次重连...
2025-04-28 22:22:28,268 - INFO - Websocket connected
2025-04-28 22:22:28,269 - INFO - 连接建立
2025-04-28 22:22:30,124 - INFO - 重连成功
2025-04-28 22:22:30,165 - WARNING - 错误码：10165，信息：invalid handle
2025-04-28 22:22:30,662 - INFO - 连接关闭
2025-04-28 22:22:31,678 - INFO - 尝试第1次重连...
2025-04-28 22:22:31,828 - INFO - Websocket connected
2025-04-28 22:22:31,829 - INFO - 连接建立
2025-04-28 22:22:33,683 - INFO - 重连成功
2025-04-28 22:22:33,718 - WARNING - 错误码：10165，信息：invalid handle
2025-04-28 22:22:34,226 - INFO - 连接关闭
2025-04-28 22:22:35,228 - INFO - 尝试第1次重连...
2025-04-28 22:22:35,372 - INFO - Websocket connected
2025-04-28 22:22:35,372 - INFO - 连接建立
2025-04-28 22:22:37,244 - INFO - 重连成功
2025-04-28 22:22:37,281 - WARNING - 错误码：10165，信息：invalid handle
2025-04-28 22:22:37,779 - INFO - 连接关闭
2025-04-28 22:22:38,792 - INFO - 尝试第1次重连...
2025-04-28 22:22:38,960 - INFO - Websocket connected
2025-04-28 22:22:38,961 - INFO - 连接建立
2025-04-28 22:22:40,805 - INFO - 重连成功
2025-04-28 22:22:40,847 - WARNING - 错误码：10165，信息：invalid handle
2025-04-28 22:22:41,349 - INFO - 连接关闭
2025-04-28 22:22:42,359 - INFO - 尝试第1次重连...
2025-04-28 22:22:42,538 - INFO - Websocket connected
2025-04-28 22:22:42,539 - INFO - 连接建立
2025-04-28 22:22:44,369 - INFO - 重连成功
2025-04-28 22:22:44,407 - WARNING - 错误码：10165，信息：invalid handle
2025-04-28 22:22:44,908 - INFO - 连接关闭
2025-04-28 22:22:45,918 - INFO - 尝试第1次重连...
2025-04-28 22:22:46,093 - INFO - Websocket connected
2025-04-28 22:22:46,094 - INFO - 连接建立
2025-04-28 22:22:47,932 - INFO - 重连成功
2025-04-28 22:22:47,975 - WARNING - 错误码：10165，信息：invalid handle
2025-04-28 22:22:48,476 - INFO - 连接关闭
2025-04-28 22:22:49,478 - INFO - 尝试第1次重连...
2025-04-28 22:22:49,640 - INFO - Websocket connected
2025-04-28 22:22:49,642 - INFO - 连接建立
2025-04-28 22:22:51,493 - INFO - 重连成功
2025-04-28 22:22:51,534 - WARNING - 错误码：10165，信息：invalid handle
2025-04-28 22:22:52,033 - INFO - 连接关闭
2025-04-28 22:22:53,048 - INFO - 尝试第1次重连...
2025-04-28 22:22:53,220 - INFO - Websocket connected
2025-04-28 22:22:53,220 - INFO - 连接建立
2025-04-28 22:22:55,058 - INFO - 重连成功
2025-04-28 22:22:55,094 - WARNING - 错误码：10165，信息：invalid handle
2025-04-28 22:22:55,708 - INFO - 连接关闭
2025-04-28 22:22:56,724 - INFO - 尝试第1次重连...
2025-04-28 22:22:56,905 - INFO - Websocket connected
2025-04-28 22:22:56,906 - INFO - 连接建立
2025-04-28 22:22:58,731 - INFO - 重连成功
2025-04-28 22:22:58,773 - WARNING - 错误码：10165，信息：invalid handle
2025-04-28 22:22:59,279 - INFO - 连接关闭
2025-04-28 22:23:00,293 - INFO - 尝试第1次重连...
2025-04-28 22:23:00,431 - INFO - Websocket connected
2025-04-28 22:23:00,431 - INFO - 连接建立
2025-04-28 22:23:02,303 - INFO - 重连成功
2025-04-28 22:23:02,335 - WARNING - 错误码：10165，信息：invalid handle
2025-04-28 22:23:02,835 - INFO - 连接关闭
2025-04-28 22:23:03,845 - INFO - 尝试第1次重连...
2025-04-28 22:23:03,995 - INFO - Websocket connected
2025-04-28 22:23:03,996 - INFO - 连接建立
2025-04-28 22:23:05,859 - INFO - 重连成功
2025-04-28 22:23:05,938 - WARNING - 错误码：10165，信息：invalid handle
2025-04-28 22:23:06,429 - INFO - 连接关闭
2025-04-28 22:23:07,435 - INFO - 尝试第1次重连...
2025-04-28 22:23:07,591 - INFO - Websocket connected
2025-04-28 22:23:07,591 - INFO - 连接建立
2025-04-28 22:23:09,449 - INFO - 重连成功
2025-04-28 22:23:09,489 - WARNING - 错误码：10165，信息：invalid handle
2025-04-28 22:23:09,987 - INFO - 连接关闭
2025-04-28 22:23:10,992 - INFO - 尝试第1次重连...
2025-04-28 22:23:11,155 - INFO - Websocket connected
2025-04-28 22:23:11,156 - INFO - 连接建立
2025-04-28 22:23:12,998 - INFO - 重连成功
2025-04-28 22:23:13,042 - WARNING - 错误码：10165，信息：invalid handle
2025-04-28 22:23:13,541 - INFO - 连接关闭
2025-04-28 22:23:14,553 - INFO - 尝试第1次重连...
2025-04-28 22:23:14,696 - INFO - Websocket connected
2025-04-28 22:23:14,697 - INFO - 连接建立
2025-04-28 22:23:16,561 - INFO - 重连成功
2025-04-28 22:23:16,594 - WARNING - 错误码：10165，信息：invalid handle
2025-04-28 22:23:17,094 - INFO - 连接关闭
2025-04-28 22:23:18,104 - INFO - 尝试第1次重连...
2025-04-28 22:23:18,282 - INFO - Websocket connected
2025-04-28 22:23:18,284 - INFO - 连接建立
2025-04-28 22:23:20,110 - INFO - 重连成功
2025-04-28 22:23:20,150 - WARNING - 错误码：10165，信息：invalid handle
2025-04-28 22:23:20,650 - INFO - 连接关闭
2025-04-28 22:23:21,661 - INFO - 尝试第1次重连...
2025-04-28 22:23:21,818 - INFO - Websocket connected
2025-04-28 22:23:21,818 - INFO - 连接建立
2025-04-28 22:23:23,672 - INFO - 重连成功
2025-04-28 22:23:23,712 - WARNING - 错误码：10165，信息：invalid handle
2025-04-28 22:23:24,211 - INFO - 连接关闭
2025-04-28 22:23:25,226 - INFO - 尝试第1次重连...
2025-04-28 22:23:25,384 - INFO - Websocket connected
2025-04-28 22:23:25,385 - INFO - 连接建立
2025-04-28 22:23:27,233 - INFO - 重连成功
2025-04-28 22:23:27,274 - WARNING - 错误码：10165，信息：invalid handle
2025-04-28 22:23:27,776 - INFO - 连接关闭
2025-04-28 22:23:28,790 - INFO - 尝试第1次重连...
2025-04-28 22:23:28,947 - INFO - Websocket connected
2025-04-28 22:23:28,948 - INFO - 连接建立
2025-04-28 22:23:30,802 - INFO - 重连成功
2025-04-28 22:23:30,840 - WARNING - 错误码：10165，信息：invalid handle
2025-04-28 22:23:31,338 - INFO - 连接关闭
2025-04-28 22:23:32,343 - INFO - 尝试第1次重连...
2025-04-28 22:23:32,512 - INFO - Websocket connected
2025-04-28 22:23:32,513 - INFO - 连接建立
2025-04-28 22:23:34,353 - INFO - 重连成功
2025-04-28 22:23:34,394 - WARNING - 错误码：10165，信息：invalid handle
2025-04-28 22:23:34,893 - INFO - 连接关闭
2025-04-28 22:23:35,900 - INFO - 尝试第1次重连...
2025-04-28 22:23:36,045 - INFO - Websocket connected
2025-04-28 22:23:36,045 - INFO - 连接建立
2025-04-28 22:23:37,915 - INFO - 重连成功
2025-04-28 22:23:37,954 - WARNING - 错误码：10165，信息：invalid handle
2025-04-28 22:23:38,452 - INFO - 连接关闭
2025-04-28 22:23:39,453 - INFO - 尝试第1次重连...
2025-04-28 22:23:39,608 - INFO - Websocket connected
2025-04-28 22:23:39,608 - INFO - 连接建立
2025-04-28 22:23:41,467 - INFO - 重连成功
2025-04-28 22:23:41,502 - WARNING - 错误码：10165，信息：invalid handle
2025-04-28 22:23:42,005 - INFO - 连接关闭
2025-04-28 22:23:43,009 - INFO - 尝试第1次重连...
2025-04-28 22:23:43,177 - INFO - Websocket connected
2025-04-28 22:23:43,178 - INFO - 连接建立
2025-04-28 22:23:45,022 - INFO - 重连成功
2025-04-28 22:23:45,066 - WARNING - 错误码：10165，信息：invalid handle
2025-04-28 22:23:45,566 - INFO - 连接关闭
2025-04-28 22:23:46,570 - INFO - 尝试第1次重连...
2025-04-28 22:23:46,734 - INFO - Websocket connected
2025-04-28 22:23:46,735 - INFO - 连接建立
2025-04-28 22:23:48,579 - INFO - 重连成功
2025-04-28 22:23:48,618 - WARNING - 错误码：10165，信息：invalid handle
2025-04-28 22:23:49,118 - INFO - 连接关闭
2025-04-28 22:23:50,122 - INFO - 尝试第1次重连...
2025-04-28 22:23:50,262 - INFO - Websocket connected
2025-04-28 22:23:50,262 - INFO - 连接建立
2025-04-28 22:23:52,129 - INFO - 重连成功
2025-04-28 22:23:52,167 - WARNING - 错误码：10165，信息：invalid handle
2025-04-28 22:23:52,666 - INFO - 连接关闭
2025-04-28 22:23:53,681 - INFO - 尝试第1次重连...
2025-04-28 22:23:53,824 - INFO - Websocket connected
2025-04-28 22:23:53,825 - INFO - 连接建立
2025-04-28 22:23:55,682 - INFO - 重连成功
2025-04-28 22:23:55,726 - WARNING - 错误码：10165，信息：invalid handle
2025-04-28 22:23:56,216 - INFO - 连接关闭
2025-04-28 22:23:57,218 - INFO - 尝试第1次重连...
2025-04-28 22:23:57,378 - INFO - Websocket connected
2025-04-28 22:23:57,379 - INFO - 连接建立
2025-04-28 22:23:59,219 - INFO - 重连成功
2025-04-28 22:23:59,259 - WARNING - 错误码：10165，信息：invalid handle
2025-04-28 22:23:59,759 - INFO - 连接关闭
2025-04-28 22:24:00,775 - INFO - 尝试第1次重连...
2025-04-28 22:24:00,928 - INFO - Websocket connected
2025-04-28 22:24:00,928 - INFO - 连接建立
2025-04-28 22:24:02,783 - INFO - 重连成功
2025-04-28 22:24:02,842 - WARNING - 错误码：10165，信息：invalid handle
2025-04-28 22:24:03,330 - INFO - 连接关闭
2025-04-28 22:24:04,342 - INFO - 尝试第1次重连...
2025-04-28 22:24:04,516 - INFO - Websocket connected
2025-04-28 22:24:04,517 - INFO - 连接建立
2025-04-28 22:24:06,354 - INFO - 重连成功
2025-04-28 22:24:06,390 - WARNING - 错误码：10165，信息：invalid handle
2025-04-28 22:24:06,892 - INFO - 连接关闭
2025-04-28 22:24:07,905 - INFO - 尝试第1次重连...
2025-04-28 22:24:08,073 - INFO - Websocket connected
2025-04-28 22:24:08,073 - INFO - 连接建立
2025-04-28 22:24:09,918 - INFO - 重连成功
2025-04-28 22:24:09,960 - WARNING - 错误码：10165，信息：invalid handle
2025-04-28 22:24:10,459 - INFO - 连接关闭
2025-04-28 22:24:11,469 - INFO - 尝试第1次重连...
2025-04-28 22:24:11,618 - INFO - Websocket connected
2025-04-28 22:24:11,618 - INFO - 连接建立
2025-04-28 22:24:13,482 - INFO - 重连成功
2025-04-28 22:24:13,519 - WARNING - 错误码：10165，信息：invalid handle
2025-04-28 22:24:14,016 - INFO - 连接关闭
2025-04-28 22:24:15,027 - INFO - 尝试第1次重连...
2025-04-28 22:24:15,210 - INFO - Websocket connected
2025-04-28 22:24:15,210 - INFO - 连接建立
2025-04-28 22:24:17,038 - INFO - 重连成功
2025-04-28 22:24:17,080 - WARNING - 错误码：10165，信息：invalid handle
2025-04-28 22:24:17,577 - INFO - 连接关闭
2025-04-28 22:24:18,592 - INFO - 尝试第1次重连...
2025-04-28 22:24:18,790 - INFO - Websocket connected
2025-04-28 22:24:18,791 - INFO - 连接建立
2025-04-28 22:24:20,594 - INFO - 重连成功
2025-04-28 22:24:20,635 - WARNING - 错误码：10165，信息：invalid handle
2025-04-28 22:24:21,134 - INFO - 连接关闭
2025-04-28 22:24:22,148 - INFO - 尝试第1次重连...
2025-04-28 22:24:22,305 - INFO - Websocket connected
2025-04-28 22:24:22,306 - INFO - 连接建立
2025-04-28 22:24:24,162 - INFO - 重连成功
2025-04-28 22:24:24,200 - WARNING - 错误码：10165，信息：invalid handle
2025-04-28 22:24:24,699 - INFO - 连接关闭
2025-04-28 22:24:25,700 - INFO - 尝试第1次重连...
2025-04-28 22:24:25,846 - INFO - Websocket connected
2025-04-28 22:24:25,847 - INFO - 连接建立
2025-04-28 22:24:27,704 - INFO - 重连成功
2025-04-28 22:24:27,736 - WARNING - 错误码：10165，信息：invalid handle
2025-04-28 22:24:28,238 - INFO - 连接关闭
2025-04-28 22:24:29,244 - INFO - 尝试第1次重连...
2025-04-28 22:24:29,453 - INFO - Websocket connected
2025-04-28 22:24:29,454 - INFO - 连接建立
2025-04-28 22:24:31,252 - INFO - 重连成功
2025-04-28 22:24:31,295 - WARNING - 错误码：10165，信息：invalid handle
2025-04-28 22:24:31,794 - INFO - 连接关闭
2025-04-28 22:24:32,803 - INFO - 尝试第1次重连...
2025-04-28 22:24:32,944 - INFO - Websocket connected
2025-04-28 22:24:32,945 - INFO - 连接建立
2025-04-28 22:24:34,820 - INFO - 重连成功
2025-04-28 22:24:34,852 - WARNING - 错误码：10165，信息：invalid handle
2025-04-28 22:24:35,353 - INFO - 连接关闭
2025-04-28 22:24:36,363 - INFO - 尝试第1次重连...
2025-04-28 22:24:36,516 - INFO - Websocket connected
2025-04-28 22:24:36,517 - INFO - 连接建立
2025-04-28 22:24:38,375 - INFO - 重连成功
2025-04-28 22:24:38,408 - WARNING - 错误码：10165，信息：invalid handle
2025-04-28 22:24:38,909 - INFO - 连接关闭
2025-04-28 22:24:39,916 - INFO - 尝试第1次重连...
2025-04-28 22:24:40,114 - INFO - Websocket connected
2025-04-28 22:24:40,114 - INFO - 连接建立
2025-04-28 22:24:41,925 - INFO - 重连成功
2025-04-28 22:24:41,962 - WARNING - 错误码：10165，信息：invalid handle
2025-04-28 22:24:42,462 - INFO - 连接关闭
2025-04-28 22:24:43,466 - INFO - 尝试第1次重连...
2025-04-28 22:24:43,609 - INFO - Websocket connected
2025-04-28 22:24:43,610 - INFO - 连接建立
2025-04-28 22:24:45,470 - INFO - 重连成功
2025-04-28 22:24:45,505 - WARNING - 错误码：10165，信息：invalid handle
2025-04-28 22:24:46,004 - INFO - 连接关闭
2025-04-28 22:24:47,008 - INFO - 尝试第1次重连...
2025-04-28 22:24:47,181 - INFO - Websocket connected
2025-04-28 22:24:47,181 - INFO - 连接建立
2025-04-28 22:24:49,011 - INFO - 重连成功
2025-04-28 22:24:49,050 - WARNING - 错误码：10165，信息：invalid handle
2025-04-28 22:24:49,551 - INFO - 连接关闭
2025-04-28 22:24:50,565 - INFO - 尝试第1次重连...
2025-04-28 22:24:50,758 - INFO - Websocket connected
2025-04-28 22:24:50,759 - INFO - 连接建立
2025-04-28 22:24:52,575 - INFO - 重连成功
2025-04-28 22:24:52,624 - WARNING - 错误码：10165，信息：invalid handle
2025-04-28 22:24:53,120 - INFO - 连接关闭
2025-04-28 22:24:54,125 - INFO - 尝试第1次重连...
2025-04-28 22:24:54,279 - INFO - Websocket connected
2025-04-28 22:24:54,280 - INFO - 连接建立
2025-04-28 22:24:56,133 - INFO - 重连成功
2025-04-28 22:24:56,178 - WARNING - 错误码：10165，信息：invalid handle
2025-04-28 22:24:56,667 - INFO - 连接关闭
2025-04-28 22:24:57,682 - INFO - 尝试第1次重连...
2025-04-28 22:24:57,823 - INFO - Websocket connected
2025-04-28 22:24:57,824 - INFO - 连接建立
2025-04-28 22:24:59,688 - INFO - 重连成功
2025-04-28 22:24:59,719 - WARNING - 错误码：10165，信息：invalid handle
2025-04-28 22:25:00,221 - INFO - 连接关闭
2025-04-28 22:25:01,230 - INFO - 尝试第1次重连...
2025-04-28 22:25:01,414 - INFO - Websocket connected
2025-04-28 22:25:01,415 - INFO - 连接建立
2025-04-28 22:25:03,234 - INFO - 重连成功
2025-04-28 22:25:03,288 - WARNING - 错误码：10165，信息：invalid handle
2025-04-28 22:25:03,785 - INFO - 连接关闭
2025-04-28 22:25:04,799 - INFO - 尝试第1次重连...
2025-04-28 22:25:04,968 - INFO - Websocket connected
2025-04-28 22:25:04,968 - INFO - 连接建立
2025-04-28 22:25:06,812 - INFO - 重连成功
2025-04-28 22:25:06,850 - WARNING - 错误码：10165，信息：invalid handle
2025-04-28 22:25:07,353 - INFO - 连接关闭
2025-04-28 22:25:08,362 - INFO - 尝试第1次重连...
2025-04-28 22:25:08,520 - INFO - Websocket connected
2025-04-28 22:25:08,521 - INFO - 连接建立
2025-04-28 22:25:10,370 - INFO - 重连成功
2025-04-28 22:25:10,409 - WARNING - 错误码：10165，信息：invalid handle
2025-04-28 22:25:10,908 - INFO - 连接关闭
2025-04-28 22:25:11,920 - INFO - 尝试第1次重连...
2025-04-28 22:25:12,092 - INFO - Websocket connected
2025-04-28 22:25:12,094 - INFO - 连接建立
2025-04-28 22:25:13,929 - INFO - 重连成功
2025-04-28 22:25:13,970 - WARNING - 错误码：10165，信息：invalid handle
2025-04-28 22:25:14,470 - INFO - 连接关闭
2025-04-28 22:25:15,477 - INFO - 尝试第1次重连...
2025-04-28 22:25:15,656 - INFO - Websocket connected
2025-04-28 22:25:15,658 - INFO - 连接建立
2025-04-28 22:25:17,482 - INFO - 重连成功
2025-04-28 22:25:17,521 - WARNING - 错误码：10165，信息：invalid handle
2025-04-28 22:25:18,021 - INFO - 连接关闭
2025-04-28 22:25:19,028 - INFO - 尝试第1次重连...
2025-04-28 22:25:19,196 - INFO - Websocket connected
2025-04-28 22:25:19,196 - INFO - 连接建立
2025-04-28 22:25:21,044 - INFO - 重连成功
2025-04-28 22:25:21,085 - WARNING - 错误码：10165，信息：invalid handle
2025-04-28 22:25:21,586 - INFO - 连接关闭
2025-04-28 22:25:22,601 - INFO - 尝试第1次重连...
2025-04-28 22:25:22,769 - INFO - Websocket connected
2025-04-28 22:25:22,769 - INFO - 连接建立
2025-04-28 22:25:24,603 - INFO - 重连成功
2025-04-28 22:25:24,646 - WARNING - 错误码：10165，信息：invalid handle
2025-04-28 22:25:25,145 - INFO - 连接关闭
2025-04-28 22:25:26,159 - INFO - 尝试第1次重连...
2025-04-28 22:25:26,348 - INFO - Websocket connected
2025-04-28 22:25:26,349 - INFO - 连接建立
2025-04-28 22:25:28,171 - INFO - 重连成功
2025-04-28 22:25:28,218 - WARNING - 错误码：10165，信息：invalid handle
2025-04-28 22:25:28,719 - INFO - 连接关闭
2025-04-28 22:25:29,730 - INFO - 尝试第1次重连...
2025-04-28 22:25:29,913 - INFO - Websocket connected
2025-04-28 22:25:29,913 - INFO - 连接建立
2025-04-28 22:25:31,736 - INFO - 重连成功
2025-04-28 22:25:31,782 - WARNING - 错误码：10165，信息：invalid handle
2025-04-28 22:25:32,281 - INFO - 连接关闭
2025-04-28 22:25:33,292 - INFO - 尝试第1次重连...
2025-04-28 22:25:33,474 - INFO - Websocket connected
2025-04-28 22:25:33,474 - INFO - 连接建立
2025-04-28 22:25:35,298 - INFO - 重连成功
2025-04-28 22:25:35,345 - WARNING - 错误码：10165，信息：invalid handle
2025-04-28 22:25:35,845 - INFO - 连接关闭
2025-04-28 22:25:36,848 - INFO - 尝试第1次重连...
2025-04-28 22:25:37,038 - INFO - Websocket connected
2025-04-28 22:25:37,038 - INFO - 连接建立
2025-04-28 22:25:38,858 - INFO - 重连成功
2025-04-28 22:25:38,905 - WARNING - 错误码：10165，信息：invalid handle
2025-04-28 22:25:39,412 - INFO - 连接关闭
2025-04-28 22:25:40,416 - INFO - 尝试第1次重连...
2025-04-28 22:25:40,583 - INFO - Websocket connected
2025-04-28 22:25:40,583 - INFO - 连接建立
2025-04-28 22:25:42,426 - INFO - 重连成功
2025-04-28 22:25:42,465 - WARNING - 错误码：10165，信息：invalid handle
2025-04-28 22:25:42,965 - INFO - 连接关闭
2025-04-28 22:25:43,966 - INFO - 尝试第1次重连...
2025-04-28 22:25:44,142 - INFO - Websocket connected
2025-04-28 22:25:44,145 - INFO - 连接建立
2025-04-28 22:25:45,972 - INFO - 重连成功
2025-04-28 22:25:46,018 - WARNING - 错误码：10165，信息：invalid handle
2025-04-28 22:25:46,519 - INFO - 连接关闭
2025-04-28 22:25:47,524 - INFO - 尝试第1次重连...
2025-04-28 22:25:47,706 - INFO - Websocket connected
2025-04-28 22:25:47,708 - INFO - 连接建立
2025-04-28 22:25:49,535 - INFO - 重连成功
2025-04-28 22:25:49,581 - WARNING - 错误码：10165，信息：invalid handle
2025-04-28 22:25:50,082 - INFO - 连接关闭
2025-04-28 22:25:51,089 - INFO - 尝试第1次重连...
2025-04-28 22:25:51,285 - INFO - Websocket connected
2025-04-28 22:25:51,285 - INFO - 连接建立
2025-04-28 22:25:53,104 - INFO - 重连成功
2025-04-28 22:25:53,148 - WARNING - 错误码：10165，信息：invalid handle
2025-04-28 22:25:53,650 - INFO - 连接关闭
2025-04-28 22:25:54,665 - INFO - 尝试第1次重连...
2025-04-28 22:25:54,836 - INFO - Websocket connected
2025-04-28 22:25:54,838 - INFO - 连接建立
2025-04-28 22:25:56,682 - INFO - 重连成功
2025-04-28 22:25:56,724 - WARNING - 错误码：10165，信息：invalid handle
2025-04-28 22:25:57,224 - INFO - 连接关闭
2025-04-28 22:25:58,238 - INFO - 尝试第1次重连...
2025-04-28 22:25:58,399 - INFO - Websocket connected
2025-04-28 22:25:58,400 - INFO - 连接建立
2025-04-28 22:26:00,245 - INFO - 重连成功
2025-04-28 22:26:00,289 - WARNING - 错误码：10165，信息：invalid handle
2025-04-28 22:26:00,788 - INFO - 连接关闭
2025-04-28 22:26:01,794 - INFO - 尝试第1次重连...
2025-04-28 22:26:01,971 - INFO - Websocket connected
2025-04-28 22:26:01,971 - INFO - 连接建立
2025-04-28 22:26:03,808 - INFO - 重连成功
2025-04-28 22:26:03,847 - WARNING - 错误码：10165，信息：invalid handle
2025-04-28 22:26:04,347 - INFO - 连接关闭
2025-04-28 22:26:05,348 - INFO - 尝试第1次重连...
2025-04-28 22:26:05,501 - INFO - Websocket connected
2025-04-28 22:26:05,502 - INFO - 连接建立
2025-04-28 22:26:07,353 - INFO - 重连成功
2025-04-28 22:26:07,394 - WARNING - 错误码：10165，信息：invalid handle
2025-04-28 22:26:07,892 - INFO - 连接关闭
2025-04-28 22:26:08,905 - INFO - 尝试第1次重连...
2025-04-28 22:26:09,069 - INFO - Websocket connected
2025-04-28 22:26:09,070 - INFO - 连接建立
2025-04-28 22:26:10,918 - INFO - 重连成功
2025-04-28 22:26:10,959 - WARNING - 错误码：10165，信息：invalid handle
2025-04-28 22:26:11,459 - INFO - 连接关闭
2025-04-28 22:26:12,466 - INFO - 尝试第1次重连...
2025-04-28 22:26:12,642 - INFO - Websocket connected
2025-04-28 22:26:12,642 - INFO - 连接建立
2025-04-28 22:26:14,480 - INFO - 重连成功
2025-04-28 22:26:14,522 - WARNING - 错误码：10165，信息：invalid handle
2025-04-28 22:26:15,022 - INFO - 连接关闭
2025-04-28 22:26:16,033 - INFO - 尝试第1次重连...
2025-04-28 22:26:16,214 - INFO - Websocket connected
2025-04-28 22:26:16,215 - INFO - 连接建立
2025-04-28 22:26:18,037 - INFO - 重连成功
2025-04-28 22:26:18,082 - WARNING - 错误码：10165，信息：invalid handle
2025-04-28 22:26:18,587 - INFO - 连接关闭
2025-04-28 22:26:19,601 - INFO - 尝试第1次重连...
2025-04-28 22:26:19,740 - INFO - Websocket connected
2025-04-28 22:26:19,742 - INFO - 连接建立
2025-04-28 22:26:21,606 - INFO - 重连成功
2025-04-28 22:26:21,640 - WARNING - 错误码：10165，信息：invalid handle
2025-04-28 22:26:22,142 - INFO - 连接关闭
2025-04-28 22:26:23,148 - INFO - 尝试第1次重连...
2025-04-28 22:26:23,299 - INFO - Websocket connected
2025-04-28 22:26:23,300 - INFO - 连接建立
2025-04-28 22:26:25,152 - INFO - 重连成功
2025-04-28 22:26:25,189 - WARNING - 错误码：10165，信息：invalid handle
2025-04-28 22:26:25,690 - INFO - 连接关闭
2025-04-28 22:26:26,694 - INFO - 尝试第1次重连...
2025-04-28 22:26:26,881 - INFO - Websocket connected
2025-04-28 22:26:26,881 - INFO - 连接建立
2025-04-28 22:26:28,707 - INFO - 重连成功
2025-04-28 22:26:28,747 - WARNING - 错误码：10165，信息：invalid handle
2025-04-28 22:26:29,246 - INFO - 连接关闭
2025-04-28 22:26:30,248 - INFO - 尝试第1次重连...
2025-04-28 22:26:30,406 - INFO - Websocket connected
2025-04-28 22:26:30,408 - INFO - 连接建立
2025-04-28 22:26:32,264 - INFO - 重连成功
2025-04-28 22:26:32,306 - WARNING - 错误码：10165，信息：invalid handle
2025-04-28 22:26:32,812 - INFO - 连接关闭
2025-04-28 22:26:33,825 - INFO - 尝试第1次重连...
2025-04-28 22:26:33,991 - INFO - Websocket connected
2025-04-28 22:26:33,992 - INFO - 连接建立
2025-04-28 22:26:35,840 - INFO - 重连成功
2025-04-28 22:26:36,050 - WARNING - 错误码：10165，信息：invalid handle
2025-04-28 22:26:36,521 - INFO - 连接关闭
2025-04-28 22:26:37,530 - INFO - 尝试第1次重连...
2025-04-28 22:26:37,709 - INFO - Websocket connected
2025-04-28 22:26:37,709 - INFO - 连接建立
2025-04-28 22:26:39,536 - INFO - 重连成功
2025-04-28 22:26:39,574 - WARNING - 错误码：10165，信息：invalid handle
2025-04-28 22:26:40,083 - INFO - 连接关闭
2025-04-28 22:26:41,094 - INFO - 尝试第1次重连...
2025-04-28 22:26:41,399 - INFO - Websocket connected
2025-04-28 22:26:41,400 - INFO - 连接建立
2025-04-28 22:26:43,100 - INFO - 重连成功
2025-04-28 22:26:43,171 - WARNING - 错误码：10165，信息：invalid handle
2025-04-28 22:26:43,651 - INFO - 连接关闭
2025-04-28 22:26:44,658 - INFO - 尝试第1次重连...
2025-04-28 22:26:44,798 - INFO - Websocket connected
2025-04-28 22:26:44,800 - INFO - 连接建立
2025-04-28 22:26:46,668 - INFO - 重连成功
2025-04-28 22:26:46,706 - WARNING - 错误码：10165，信息：invalid handle
2025-04-28 22:26:47,202 - INFO - 连接关闭
2025-04-28 22:26:48,206 - INFO - 尝试第1次重连...
2025-04-28 22:26:48,353 - INFO - Websocket connected
2025-04-28 22:26:48,353 - INFO - 连接建立
2025-04-28 22:26:50,220 - INFO - 重连成功
2025-04-28 22:26:50,253 - WARNING - 错误码：10165，信息：invalid handle
2025-04-28 22:26:50,756 - INFO - 连接关闭
2025-04-28 22:26:51,758 - INFO - 尝试第1次重连...
2025-04-28 22:26:51,934 - INFO - Websocket connected
2025-04-28 22:26:51,935 - INFO - 连接建立
2025-04-28 22:26:53,767 - INFO - 重连成功
2025-04-28 22:26:53,818 - WARNING - 错误码：10165，信息：invalid handle
2025-04-28 22:26:54,306 - INFO - 连接关闭
2025-04-28 22:26:55,318 - INFO - 尝试第1次重连...
2025-04-28 22:26:55,477 - INFO - Websocket connected
2025-04-28 22:26:55,477 - INFO - 连接建立
2025-04-28 22:26:57,331 - INFO - 重连成功
2025-04-28 22:26:57,370 - WARNING - 错误码：10165，信息：invalid handle
2025-04-28 22:26:57,870 - INFO - 连接关闭
2025-04-28 22:26:58,874 - INFO - 尝试第1次重连...
2025-04-28 22:26:59,036 - INFO - Websocket connected
2025-04-28 22:26:59,037 - INFO - 连接建立
2025-04-28 22:27:00,890 - INFO - 重连成功
2025-04-28 22:27:00,931 - WARNING - 错误码：10165，信息：invalid handle
2025-04-28 22:27:01,430 - INFO - 连接关闭
2025-04-28 22:27:02,445 - INFO - 尝试第1次重连...
2025-04-28 22:27:02,595 - INFO - Websocket connected
2025-04-28 22:27:02,596 - INFO - 连接建立
2025-04-28 22:27:04,451 - INFO - 重连成功
2025-04-28 22:27:04,494 - WARNING - 错误码：10165，信息：invalid handle
2025-04-28 22:27:04,994 - INFO - 连接关闭
2025-04-28 22:27:06,001 - INFO - 尝试第1次重连...
2025-04-28 22:27:06,163 - INFO - Websocket connected
2025-04-28 22:27:06,163 - INFO - 连接建立
2025-04-28 22:27:08,014 - INFO - 重连成功
2025-04-28 22:27:08,051 - WARNING - 错误码：10165，信息：invalid handle
2025-04-28 22:27:08,550 - INFO - 连接关闭
2025-04-28 22:27:09,554 - INFO - 尝试第1次重连...
2025-04-28 22:27:09,705 - INFO - Websocket connected
2025-04-28 22:27:09,705 - INFO - 连接建立
2025-04-28 22:27:11,565 - INFO - 重连成功
2025-04-28 22:27:11,600 - WARNING - 错误码：10165，信息：invalid handle
2025-04-28 22:27:12,101 - INFO - 连接关闭
2025-04-28 22:27:13,113 - INFO - 尝试第1次重连...
2025-04-28 22:27:13,267 - INFO - Websocket connected
2025-04-28 22:27:13,268 - INFO - 连接建立
2025-04-28 22:27:15,122 - INFO - 重连成功
2025-04-28 22:27:15,161 - WARNING - 错误码：10165，信息：invalid handle
2025-04-28 22:27:15,660 - INFO - 连接关闭
2025-04-28 22:27:16,673 - INFO - 尝试第1次重连...
2025-04-28 22:27:16,829 - INFO - Websocket connected
2025-04-28 22:27:16,830 - INFO - 连接建立
2025-04-28 22:27:18,682 - INFO - 重连成功
2025-04-28 22:27:18,730 - WARNING - 错误码：10165，信息：invalid handle
2025-04-28 22:27:19,220 - INFO - 连接关闭
2025-04-28 22:27:20,226 - INFO - 尝试第1次重连...
2025-04-28 22:27:20,379 - INFO - Websocket connected
2025-04-28 22:27:20,379 - INFO - 连接建立
2025-04-28 22:27:22,240 - INFO - 重连成功
2025-04-28 22:27:22,278 - WARNING - 错误码：10165，信息：invalid handle
2025-04-28 22:27:22,777 - INFO - 连接关闭
2025-04-28 22:27:23,790 - INFO - 尝试第1次重连...
2025-04-28 22:27:23,956 - INFO - Websocket connected
2025-04-28 22:27:23,957 - INFO - 连接建立
2025-04-28 22:27:25,802 - INFO - 重连成功
2025-04-28 22:27:25,846 - WARNING - 错误码：10165，信息：invalid handle
2025-04-28 22:27:26,348 - INFO - 连接关闭
2025-04-28 22:27:27,361 - INFO - 尝试第1次重连...
2025-04-28 22:27:27,519 - INFO - Websocket connected
2025-04-28 22:27:27,519 - INFO - 连接建立
2025-04-28 22:27:29,364 - INFO - 重连成功
2025-04-28 22:27:29,403 - WARNING - 错误码：10165，信息：invalid handle
2025-04-28 22:27:29,906 - INFO - 连接关闭
2025-04-28 22:27:30,919 - INFO - 尝试第1次重连...
2025-04-28 22:27:31,075 - INFO - Websocket connected
2025-04-28 22:27:31,076 - INFO - 连接建立
2025-04-28 22:27:32,925 - INFO - 重连成功
2025-04-28 22:27:32,964 - WARNING - 错误码：10165，信息：invalid handle
2025-04-28 22:27:33,465 - INFO - 连接关闭
2025-04-28 22:27:34,468 - INFO - 尝试第1次重连...
2025-04-28 22:27:34,644 - INFO - Websocket connected
2025-04-28 22:27:34,645 - INFO - 连接建立
2025-04-28 22:27:36,484 - INFO - 重连成功
2025-04-28 22:27:36,518 - WARNING - 错误码：10165，信息：invalid handle
2025-04-28 22:27:37,019 - INFO - 连接关闭
2025-04-28 22:27:38,022 - INFO - 尝试第1次重连...
2025-04-28 22:27:38,182 - INFO - Websocket connected
2025-04-28 22:27:38,183 - INFO - 连接建立
2025-04-28 22:27:40,034 - INFO - 重连成功
2025-04-28 22:27:40,071 - WARNING - 错误码：10165，信息：invalid handle
2025-04-28 22:27:40,571 - INFO - 连接关闭
2025-04-28 22:27:41,575 - INFO - 尝试第1次重连...
2025-04-28 22:27:41,724 - INFO - Websocket connected
2025-04-28 22:27:41,725 - INFO - 连接建立
2025-04-28 22:27:43,592 - INFO - 重连成功
2025-04-28 22:27:43,628 - WARNING - 错误码：10165，信息：invalid handle
2025-04-28 22:27:44,130 - INFO - 连接关闭
2025-04-28 22:27:45,138 - INFO - 尝试第1次重连...
2025-04-28 22:27:45,302 - INFO - Websocket connected
2025-04-28 22:27:45,304 - INFO - 连接建立
2025-04-28 22:27:47,143 - INFO - 重连成功
2025-04-28 22:27:47,185 - WARNING - 错误码：10165，信息：invalid handle
2025-04-28 22:27:47,685 - INFO - 连接关闭
2025-04-28 22:27:48,692 - INFO - 尝试第1次重连...
2025-04-28 22:27:48,846 - INFO - Websocket connected
2025-04-28 22:27:48,847 - INFO - 连接建立
2025-04-28 22:27:50,708 - INFO - 重连成功
2025-04-28 22:27:50,742 - WARNING - 错误码：10165，信息：invalid handle
2025-04-28 22:27:51,241 - INFO - 连接关闭
2025-04-28 22:27:52,256 - INFO - 尝试第1次重连...
2025-04-28 22:27:52,408 - INFO - Websocket connected
2025-04-28 22:27:52,409 - INFO - 连接建立
2025-04-28 22:27:54,271 - INFO - 重连成功
2025-04-28 22:27:54,331 - WARNING - 错误码：10165，信息：invalid handle
2025-04-28 22:27:54,825 - INFO - 连接关闭
2025-04-28 22:27:55,838 - INFO - 尝试第1次重连...
2025-04-28 22:27:55,999 - INFO - Websocket connected
2025-04-28 22:27:56,000 - INFO - 连接建立
2025-04-28 22:27:57,852 - INFO - 重连成功
2025-04-28 22:27:57,893 - WARNING - 错误码：10165，信息：invalid handle
2025-04-28 22:27:58,393 - INFO - 连接关闭
2025-04-28 22:27:59,402 - INFO - 尝试第1次重连...
2025-04-28 22:27:59,585 - INFO - Websocket connected
2025-04-28 22:27:59,587 - INFO - 连接建立
2025-04-28 22:28:01,406 - INFO - 重连成功
2025-04-28 22:28:01,448 - WARNING - 错误码：10165，信息：invalid handle
2025-04-28 22:28:01,947 - INFO - 连接关闭
2025-04-28 22:28:02,954 - INFO - 尝试第1次重连...
2025-04-28 22:28:03,104 - INFO - Websocket connected
2025-04-28 22:28:03,105 - INFO - 连接建立
2025-04-28 22:28:04,958 - INFO - 重连成功
2025-04-28 22:28:04,994 - WARNING - 错误码：10165，信息：invalid handle
2025-04-28 22:28:05,496 - INFO - 连接关闭
2025-04-28 22:28:06,507 - INFO - 尝试第1次重连...
2025-04-28 22:28:06,653 - INFO - Websocket connected
2025-04-28 22:28:06,654 - INFO - 连接建立
2025-04-28 22:28:08,516 - INFO - 重连成功
2025-04-28 22:28:08,552 - WARNING - 错误码：10165，信息：invalid handle
2025-04-28 22:28:09,054 - INFO - 连接关闭
2025-04-28 22:28:10,064 - INFO - 尝试第1次重连...
2025-04-28 22:28:10,211 - INFO - Websocket connected
2025-04-28 22:28:10,212 - INFO - 连接建立
2025-04-28 22:28:12,069 - INFO - 重连成功
2025-04-28 22:28:12,102 - WARNING - 错误码：10165，信息：invalid handle
2025-04-28 22:28:12,603 - INFO - 连接关闭
2025-04-28 22:28:13,605 - INFO - 尝试第1次重连...
2025-04-28 22:28:13,750 - INFO - Websocket connected
2025-04-28 22:28:13,751 - INFO - 连接建立
2025-04-28 22:28:15,608 - INFO - 重连成功
2025-04-28 22:28:15,642 - WARNING - 错误码：10165，信息：invalid handle
2025-04-28 22:28:16,143 - INFO - 连接关闭
2025-04-28 22:28:17,148 - INFO - 尝试第1次重连...
2025-04-28 22:28:17,295 - INFO - Websocket connected
2025-04-28 22:28:17,295 - INFO - 连接建立
2025-04-28 22:28:19,155 - INFO - 重连成功
2025-04-28 22:28:19,192 - WARNING - 错误码：10165，信息：invalid handle
2025-04-28 22:28:19,695 - INFO - 连接关闭
2025-04-28 22:28:20,698 - INFO - 尝试第1次重连...
2025-04-28 22:28:20,877 - INFO - Websocket connected
2025-04-28 22:28:20,878 - INFO - 连接建立
2025-04-28 22:28:22,714 - INFO - 重连成功
2025-04-28 22:28:22,755 - WARNING - 错误码：10165，信息：invalid handle
2025-04-28 22:28:23,258 - INFO - 连接关闭
2025-04-28 22:28:24,269 - INFO - 尝试第1次重连...
2025-04-28 22:28:24,433 - INFO - Websocket connected
2025-04-28 22:28:24,434 - INFO - 连接建立
2025-04-28 22:28:26,278 - INFO - 重连成功
2025-04-28 22:28:26,317 - WARNING - 错误码：10165，信息：invalid handle
2025-04-28 22:28:26,817 - INFO - 连接关闭
2025-04-28 22:28:27,827 - INFO - 尝试第1次重连...
2025-04-28 22:28:27,998 - INFO - Websocket connected
2025-04-28 22:28:27,999 - INFO - 连接建立
2025-04-28 22:28:29,829 - INFO - 重连成功
2025-04-28 22:28:29,870 - WARNING - 错误码：10165，信息：invalid handle
2025-04-28 22:28:30,371 - INFO - 连接关闭
2025-04-28 22:28:31,379 - INFO - 尝试第1次重连...
2025-04-28 22:28:31,562 - INFO - Websocket connected
2025-04-28 22:28:31,563 - INFO - 连接建立
2025-04-28 22:28:33,383 - INFO - 重连成功
2025-04-28 22:28:33,428 - WARNING - 错误码：10165，信息：invalid handle
2025-04-28 22:28:33,926 - INFO - 连接关闭
2025-04-28 22:28:34,940 - INFO - 尝试第1次重连...
2025-04-28 22:28:35,092 - INFO - Websocket connected
2025-04-28 22:28:35,092 - INFO - 连接建立
2025-04-28 22:28:36,942 - INFO - 重连成功
2025-04-28 22:28:36,983 - WARNING - 错误码：10165，信息：invalid handle
2025-04-28 22:28:37,484 - INFO - 连接关闭
2025-04-28 22:28:38,491 - INFO - 尝试第1次重连...
2025-04-28 22:28:38,672 - INFO - Websocket connected
2025-04-28 22:28:38,672 - INFO - 连接建立
2025-04-28 22:28:40,495 - INFO - 重连成功
2025-04-28 22:28:40,540 - WARNING - 错误码：10165，信息：invalid handle
2025-04-28 22:28:41,041 - INFO - 连接关闭
2025-04-28 22:28:42,048 - INFO - 尝试第1次重连...
2025-04-28 22:28:42,221 - INFO - Websocket connected
2025-04-28 22:28:42,221 - INFO - 连接建立
2025-04-28 22:28:44,052 - INFO - 重连成功
2025-04-28 22:28:44,094 - WARNING - 错误码：10165，信息：invalid handle
2025-04-28 22:28:44,593 - INFO - 连接关闭
2025-04-28 22:28:45,605 - INFO - 尝试第1次重连...
2025-04-28 22:28:45,782 - INFO - Websocket connected
2025-04-28 22:28:45,782 - INFO - 连接建立
2025-04-28 22:28:47,610 - INFO - 重连成功
2025-04-28 22:28:47,654 - WARNING - 错误码：10165，信息：invalid handle
2025-04-28 22:28:48,153 - INFO - 连接关闭
2025-04-28 22:28:49,163 - INFO - 尝试第1次重连...
2025-04-28 22:28:49,351 - INFO - Websocket connected
2025-04-28 22:28:49,351 - INFO - 连接建立
2025-04-28 22:28:51,176 - INFO - 重连成功
2025-04-28 22:28:51,224 - WARNING - 错误码：10165，信息：invalid handle
2025-04-28 22:28:51,724 - INFO - 连接关闭
2025-04-28 22:28:52,737 - INFO - 尝试第1次重连...
2025-04-28 22:28:52,910 - INFO - Websocket connected
2025-04-28 22:28:52,911 - INFO - 连接建立
2025-04-28 22:28:54,748 - INFO - 重连成功
2025-04-28 22:28:54,789 - WARNING - 错误码：10165，信息：invalid handle
2025-04-28 22:28:55,288 - INFO - 连接关闭
2025-04-28 22:28:56,299 - INFO - 尝试第1次重连...
2025-04-28 22:28:56,469 - INFO - Websocket connected
2025-04-28 22:28:56,470 - INFO - 连接建立
2025-04-28 22:28:58,302 - INFO - 重连成功
2025-04-28 22:28:58,341 - WARNING - 错误码：10165，信息：invalid handle
2025-04-28 22:28:58,841 - INFO - 连接关闭
2025-04-28 22:28:59,847 - INFO - 尝试第1次重连...
2025-04-28 22:29:00,021 - INFO - Websocket connected
2025-04-28 22:29:00,022 - INFO - 连接建立
2025-04-28 22:29:01,853 - INFO - 重连成功
2025-04-28 22:29:01,896 - WARNING - 错误码：10165，信息：invalid handle
2025-04-28 22:29:02,396 - INFO - 连接关闭
2025-04-28 22:29:03,399 - INFO - 尝试第1次重连...
2025-04-28 22:29:03,554 - INFO - Websocket connected
2025-04-28 22:29:03,555 - INFO - 连接建立
2025-04-28 22:29:05,407 - INFO - 重连成功
2025-04-28 22:29:05,446 - WARNING - 错误码：10165，信息：invalid handle
2025-04-28 22:29:05,948 - INFO - 连接关闭
2025-04-28 22:29:06,963 - INFO - 尝试第1次重连...
2025-04-28 22:29:07,131 - INFO - Websocket connected
2025-04-28 22:29:07,132 - INFO - 连接建立
2025-04-28 22:29:08,966 - INFO - 重连成功
2025-04-28 22:29:09,006 - WARNING - 错误码：10165，信息：invalid handle
2025-04-28 22:29:09,507 - INFO - 连接关闭
2025-04-28 22:29:10,508 - INFO - 尝试第1次重连...
2025-04-28 22:29:10,681 - INFO - Websocket connected
2025-04-28 22:29:10,683 - INFO - 连接建立
2025-04-28 22:29:12,520 - INFO - 重连成功
2025-04-28 22:29:12,561 - WARNING - 错误码：10165，信息：invalid handle
2025-04-28 22:29:13,061 - INFO - 连接关闭
2025-04-28 22:29:14,073 - INFO - 尝试第1次重连...
2025-04-28 22:29:14,238 - INFO - Websocket connected
2025-04-28 22:29:14,239 - INFO - 连接建立
2025-04-28 22:29:16,080 - INFO - 重连成功
2025-04-28 22:29:16,120 - WARNING - 错误码：10165，信息：invalid handle
2025-04-28 22:29:16,618 - INFO - 连接关闭
2025-04-28 22:29:17,631 - INFO - 尝试第1次重连...
2025-04-28 22:29:17,804 - INFO - Websocket connected
2025-04-28 22:29:17,805 - INFO - 连接建立
2025-04-28 22:29:19,634 - INFO - 重连成功
2025-04-28 22:29:19,679 - WARNING - 错误码：10165，信息：invalid handle
2025-04-28 22:29:20,182 - INFO - 连接关闭
2025-04-28 22:29:21,191 - INFO - 尝试第1次重连...
2025-04-28 22:29:21,376 - INFO - Websocket connected
2025-04-28 22:29:21,377 - INFO - 连接建立
2025-04-28 22:29:23,199 - INFO - 重连成功
2025-04-28 22:29:23,241 - WARNING - 错误码：10165，信息：invalid handle
2025-04-28 22:29:23,743 - INFO - 连接关闭
2025-04-28 22:29:24,748 - INFO - 尝试第1次重连...
2025-04-28 22:29:24,914 - INFO - Websocket connected
2025-04-28 22:29:24,914 - INFO - 连接建立
2025-04-28 22:29:26,760 - INFO - 重连成功
2025-04-28 22:29:26,798 - WARNING - 错误码：10165，信息：invalid handle
2025-04-28 22:29:27,301 - INFO - 连接关闭
2025-04-28 22:29:28,316 - INFO - 尝试第1次重连...
2025-04-28 22:29:28,471 - INFO - Websocket connected
2025-04-28 22:29:28,471 - INFO - 连接建立
2025-04-28 22:29:30,329 - INFO - 重连成功
2025-04-28 22:29:30,366 - WARNING - 错误码：10165，信息：invalid handle
2025-04-28 22:29:30,866 - INFO - 连接关闭
2025-04-28 22:29:31,881 - INFO - 尝试第1次重连...
2025-04-28 22:29:32,053 - INFO - Websocket connected
2025-04-28 22:29:32,053 - INFO - 连接建立
2025-04-28 22:29:33,889 - INFO - 重连成功
2025-04-28 22:29:33,926 - WARNING - 错误码：10165，信息：invalid handle
2025-04-28 22:29:34,427 - INFO - 连接关闭
2025-04-28 22:29:35,438 - INFO - 尝试第1次重连...
2025-04-28 22:29:35,600 - INFO - Websocket connected
2025-04-28 22:29:35,600 - INFO - 连接建立
2025-04-28 22:29:37,455 - INFO - 重连成功
2025-04-28 22:29:37,493 - WARNING - 错误码：10165，信息：invalid handle
2025-04-28 22:29:37,991 - INFO - 连接关闭
2025-04-28 22:29:38,995 - INFO - 尝试第1次重连...
2025-04-28 22:29:39,147 - INFO - Websocket connected
2025-04-28 22:29:39,148 - INFO - 连接建立
2025-04-28 22:29:41,000 - INFO - 重连成功
2025-04-28 22:29:41,034 - WARNING - 错误码：10165，信息：invalid handle
2025-04-28 22:29:41,535 - INFO - 连接关闭
2025-04-28 22:29:42,543 - INFO - 尝试第1次重连...
2025-04-28 22:29:42,692 - INFO - Websocket connected
2025-04-28 22:29:42,695 - INFO - 连接建立
2025-04-28 22:29:44,558 - INFO - 重连成功
2025-04-28 22:29:44,614 - WARNING - 错误码：10165，信息：invalid handle
2025-04-28 22:29:45,105 - INFO - 连接关闭
2025-04-28 22:29:46,119 - INFO - 尝试第1次重连...
2025-04-28 22:29:46,268 - INFO - Websocket connected
2025-04-28 22:29:46,268 - INFO - 连接建立
2025-04-28 22:29:48,120 - INFO - 重连成功
2025-04-28 22:29:48,158 - WARNING - 错误码：10165，信息：invalid handle
2025-04-28 22:29:48,658 - INFO - 连接关闭
2025-04-28 22:29:49,663 - INFO - 尝试第1次重连...
2025-04-28 22:29:49,814 - INFO - Websocket connected
2025-04-28 22:29:49,815 - INFO - 连接建立
2025-04-28 22:29:51,680 - INFO - 重连成功
2025-04-28 22:29:51,713 - WARNING - 错误码：10165，信息：invalid handle
2025-04-28 22:29:52,218 - INFO - 连接关闭
2025-04-28 22:29:53,231 - INFO - 尝试第1次重连...
2025-04-28 22:29:53,387 - INFO - Websocket connected
2025-04-28 22:29:53,388 - INFO - 连接建立
2025-04-28 22:29:55,238 - INFO - 重连成功
2025-04-28 22:29:55,278 - WARNING - 错误码：10165，信息：invalid handle
2025-04-28 22:29:55,775 - INFO - 连接关闭
2025-04-28 22:29:56,791 - INFO - 尝试第1次重连...
2025-04-28 22:29:56,933 - INFO - Websocket connected
2025-04-28 22:29:56,934 - INFO - 连接建立
2025-04-28 22:29:58,801 - INFO - 重连成功
2025-04-28 22:29:58,842 - WARNING - 错误码：10165，信息：invalid handle
2025-04-28 22:29:59,340 - INFO - 连接关闭
2025-04-28 22:30:00,355 - INFO - 尝试第1次重连...
2025-04-28 22:30:00,513 - INFO - Websocket connected
2025-04-28 22:30:00,514 - INFO - 连接建立
2025-04-28 22:30:02,368 - INFO - 重连成功
2025-04-28 22:30:02,403 - WARNING - 错误码：10165，信息：invalid handle
2025-04-28 22:30:02,911 - INFO - 连接关闭
2025-04-28 22:30:03,923 - INFO - 尝试第1次重连...
2025-04-28 22:30:04,064 - INFO - Websocket connected
2025-04-28 22:30:04,065 - INFO - 连接建立
2025-04-28 22:30:05,930 - INFO - 重连成功
2025-04-28 22:30:05,966 - WARNING - 错误码：10165，信息：invalid handle
2025-04-28 22:30:06,469 - INFO - 连接关闭
2025-04-28 22:30:07,473 - INFO - 尝试第1次重连...
2025-04-28 22:30:07,637 - INFO - Websocket connected
2025-04-28 22:30:07,638 - INFO - 连接建立
2025-04-28 22:30:09,489 - INFO - 重连成功
2025-04-28 22:30:09,526 - WARNING - 错误码：10165，信息：invalid handle
2025-04-28 22:30:10,028 - INFO - 连接关闭
2025-04-28 22:30:11,038 - INFO - 尝试第1次重连...
2025-04-28 22:30:11,196 - INFO - Websocket connected
2025-04-28 22:30:11,197 - INFO - 连接建立
2025-04-28 22:30:13,042 - INFO - 重连成功
2025-04-28 22:30:13,080 - WARNING - 错误码：10165，信息：invalid handle
2025-04-28 22:30:13,579 - INFO - 连接关闭
2025-04-28 22:30:14,591 - INFO - 尝试第1次重连...
2025-04-28 22:30:14,786 - INFO - Websocket connected
2025-04-28 22:30:14,788 - INFO - 连接建立
2025-04-28 22:30:16,603 - INFO - 重连成功
2025-04-28 22:30:16,642 - WARNING - 错误码：10165，信息：invalid handle
2025-04-28 22:30:17,143 - INFO - 连接关闭
2025-04-28 22:30:18,155 - INFO - 尝试第1次重连...
2025-04-28 22:30:18,329 - INFO - Websocket connected
2025-04-28 22:30:18,330 - INFO - 连接建立
2025-04-28 22:30:20,159 - INFO - 重连成功
2025-04-28 22:30:20,203 - WARNING - 错误码：10165，信息：invalid handle
2025-04-28 22:30:20,696 - INFO - 连接关闭
2025-04-28 22:30:21,699 - INFO - 尝试第1次重连...
2025-04-28 22:30:21,876 - INFO - Websocket connected
2025-04-28 22:30:21,878 - INFO - 连接建立
2025-04-28 22:30:23,716 - INFO - 重连成功
2025-04-28 22:30:23,761 - WARNING - 错误码：10165，信息：invalid handle
2025-04-28 22:30:24,264 - INFO - 连接关闭
2025-04-28 22:30:25,266 - INFO - 尝试第1次重连...
2025-04-28 22:30:25,442 - INFO - Websocket connected
2025-04-28 22:30:25,443 - INFO - 连接建立
2025-04-28 22:30:27,278 - INFO - 重连成功
2025-04-28 22:30:27,322 - WARNING - 错误码：10165，信息：invalid handle
2025-04-28 22:30:27,820 - INFO - 连接关闭
2025-04-28 22:30:28,828 - INFO - 尝试第1次重连...
2025-04-28 22:30:29,013 - INFO - Websocket connected
2025-04-28 22:30:29,014 - INFO - 连接建立
2025-04-28 22:30:30,833 - INFO - 重连成功
2025-04-28 22:30:30,879 - WARNING - 错误码：10165，信息：invalid handle
2025-04-28 22:30:31,380 - INFO - 连接关闭
2025-04-28 22:30:32,391 - INFO - 尝试第1次重连...
2025-04-28 22:30:32,559 - INFO - Websocket connected
2025-04-28 22:30:32,559 - INFO - 连接建立
2025-04-28 22:30:34,404 - INFO - 重连成功
2025-04-28 22:30:34,446 - WARNING - 错误码：10165，信息：invalid handle
2025-04-28 22:30:34,945 - INFO - 连接关闭
2025-04-28 22:30:35,961 - INFO - 尝试第1次重连...
2025-04-28 22:30:36,144 - INFO - Websocket connected
2025-04-28 22:30:36,145 - INFO - 连接建立
2025-04-28 22:30:37,978 - INFO - 重连成功
2025-04-28 22:30:38,035 - WARNING - 错误码：10165，信息：invalid handle
2025-04-28 22:30:38,534 - INFO - 连接关闭
2025-04-28 22:30:39,545 - INFO - 尝试第1次重连...
2025-04-28 22:30:39,730 - INFO - Websocket connected
2025-04-28 22:30:39,730 - INFO - 连接建立
2025-04-28 22:30:41,558 - INFO - 重连成功
2025-04-28 22:30:41,618 - WARNING - 错误码：10165，信息：invalid handle
2025-04-28 22:30:42,099 - INFO - 连接关闭
2025-04-28 22:30:43,110 - INFO - 尝试第1次重连...
2025-04-28 22:30:43,289 - INFO - Websocket connected
2025-04-28 22:30:43,289 - INFO - 连接建立
2025-04-28 22:30:45,125 - INFO - 重连成功
2025-04-28 22:30:45,169 - WARNING - 错误码：10165，信息：invalid handle
2025-04-28 22:30:45,672 - INFO - 连接关闭
2025-04-28 22:30:46,680 - INFO - 尝试第1次重连...
2025-04-28 22:30:46,845 - INFO - Websocket connected
2025-04-28 22:30:46,846 - INFO - 连接建立
2025-04-28 22:30:48,686 - INFO - 重连成功
2025-04-28 22:30:48,724 - WARNING - 错误码：10165，信息：invalid handle
2025-04-28 22:30:49,226 - INFO - 连接关闭
2025-04-28 22:30:50,235 - INFO - 尝试第1次重连...
2025-04-28 22:30:50,404 - INFO - Websocket connected
2025-04-28 22:30:50,405 - INFO - 连接建立
2025-04-28 22:30:52,251 - INFO - 重连成功
2025-04-28 22:30:52,294 - WARNING - 错误码：10165，信息：invalid handle
2025-04-28 22:30:52,794 - INFO - 连接关闭
2025-04-28 22:30:53,810 - INFO - 尝试第1次重连...
2025-04-28 22:30:53,982 - INFO - Websocket connected
2025-04-28 22:30:53,982 - INFO - 连接建立
2025-04-28 22:30:55,822 - INFO - 重连成功
2025-04-28 22:30:55,862 - WARNING - 错误码：10165，信息：invalid handle
2025-04-28 22:30:56,363 - INFO - 连接关闭
2025-04-28 22:30:57,368 - INFO - 尝试第1次重连...
2025-04-28 22:30:57,524 - INFO - Websocket connected
2025-04-28 22:30:57,525 - INFO - 连接建立
2025-04-28 22:30:59,379 - INFO - 重连成功
2025-04-28 22:30:59,426 - WARNING - 错误码：10165，信息：invalid handle
2025-04-28 22:30:59,924 - INFO - 连接关闭
2025-04-28 22:31:00,933 - INFO - 尝试第1次重连...
2025-04-28 22:31:01,107 - INFO - Websocket connected
2025-04-28 22:31:01,107 - INFO - 连接建立
2025-04-28 22:31:02,936 - INFO - 重连成功
2025-04-28 22:31:02,978 - WARNING - 错误码：10165，信息：invalid handle
2025-04-28 22:31:03,478 - INFO - 连接关闭
2025-04-28 22:31:04,484 - INFO - 尝试第1次重连...
2025-04-28 22:31:04,675 - INFO - Websocket connected
2025-04-28 22:31:04,676 - INFO - 连接建立
2025-04-28 22:31:06,491 - INFO - 重连成功
2025-04-28 22:31:06,534 - WARNING - 错误码：10165，信息：invalid handle
2025-04-28 22:31:07,033 - INFO - 连接关闭
2025-04-28 22:31:08,041 - INFO - 尝试第1次重连...
2025-04-28 22:31:08,218 - INFO - Websocket connected
2025-04-28 22:31:08,219 - INFO - 连接建立
2025-04-28 22:31:10,044 - INFO - 重连成功
2025-04-28 22:31:10,086 - WARNING - 错误码：10165，信息：invalid handle
2025-04-28 22:31:10,585 - INFO - 连接关闭
2025-04-28 22:31:11,590 - INFO - 尝试第1次重连...
2025-04-28 22:31:11,760 - INFO - Websocket connected
2025-04-28 22:31:11,761 - INFO - 连接建立
2025-04-28 22:31:13,594 - INFO - 重连成功
2025-04-28 22:31:13,641 - WARNING - 错误码：10165，信息：invalid handle
2025-04-28 22:31:14,141 - INFO - 连接关闭
2025-04-28 22:31:15,154 - INFO - 尝试第1次重连...
2025-04-28 22:31:15,325 - INFO - Websocket connected
2025-04-28 22:31:15,326 - INFO - 连接建立
2025-04-28 22:31:17,163 - INFO - 重连成功
2025-04-28 22:31:17,202 - WARNING - 错误码：10165，信息：invalid handle
2025-04-28 22:31:17,703 - INFO - 连接关闭
2025-04-28 22:31:18,711 - INFO - 尝试第1次重连...
2025-04-28 22:31:18,940 - INFO - Websocket connected
2025-04-28 22:31:18,941 - INFO - 连接建立
2025-04-28 22:31:20,718 - INFO - 重连成功
2025-04-28 22:31:20,762 - WARNING - 错误码：10165，信息：invalid handle
2025-04-28 22:31:21,263 - INFO - 连接关闭
2025-04-28 22:31:22,267 - INFO - 尝试第1次重连...
2025-04-28 22:31:22,412 - INFO - Websocket connected
2025-04-28 22:31:22,413 - INFO - 连接建立
2025-04-28 22:31:24,271 - INFO - 重连成功
2025-04-28 22:31:24,306 - WARNING - 错误码：10165，信息：invalid handle
2025-04-28 22:31:24,806 - INFO - 连接关闭
2025-04-28 22:31:25,810 - INFO - 尝试第1次重连...
2025-04-28 22:31:25,959 - INFO - Websocket connected
2025-04-28 22:31:25,959 - INFO - 连接建立
2025-04-28 22:31:27,822 - INFO - 重连成功
2025-04-28 22:31:27,867 - WARNING - 错误码：10165，信息：invalid handle
2025-04-28 22:31:28,364 - INFO - 连接关闭
2025-04-28 22:31:29,374 - INFO - 尝试第1次重连...
2025-04-28 22:31:29,533 - INFO - Websocket connected
2025-04-28 22:31:29,534 - INFO - 连接建立
2025-04-28 22:31:31,383 - INFO - 重连成功
2025-04-28 22:31:31,420 - WARNING - 错误码：10165，信息：invalid handle
2025-04-28 22:31:31,922 - INFO - 连接关闭
2025-04-28 22:31:32,931 - INFO - 尝试第1次重连...
2025-04-28 22:31:33,101 - INFO - Websocket connected
2025-04-28 22:31:33,101 - INFO - 连接建立
2025-04-28 22:31:34,935 - INFO - 重连成功
2025-04-28 22:31:34,976 - WARNING - 错误码：10165，信息：invalid handle
2025-04-28 22:31:35,474 - INFO - 连接关闭
2025-04-28 22:31:36,475 - INFO - 尝试第1次重连...
2025-04-28 22:31:36,660 - INFO - Websocket connected
2025-04-28 22:31:36,661 - INFO - 连接建立
2025-04-28 22:31:38,485 - INFO - 重连成功
2025-04-28 22:31:38,532 - WARNING - 错误码：10165，信息：invalid handle
2025-04-28 22:31:39,031 - INFO - 连接关闭
2025-04-28 22:31:40,046 - INFO - 尝试第1次重连...
2025-04-28 22:31:40,203 - INFO - Websocket connected
2025-04-28 22:31:40,203 - INFO - 连接建立
2025-04-28 22:31:42,048 - INFO - 重连成功
2025-04-28 22:31:42,083 - WARNING - 错误码：10165，信息：invalid handle
2025-04-28 22:31:42,585 - INFO - 连接关闭
2025-04-28 22:31:43,596 - INFO - 尝试第1次重连...
2025-04-28 22:31:43,759 - INFO - Websocket connected
2025-04-28 22:31:43,759 - INFO - 连接建立
2025-04-28 22:31:45,606 - INFO - 重连成功
2025-04-28 22:31:45,640 - WARNING - 错误码：10165，信息：invalid handle
2025-04-28 22:31:46,139 - INFO - 连接关闭
2025-04-28 22:31:47,155 - INFO - 尝试第1次重连...
2025-04-28 22:31:47,331 - INFO - Websocket connected
2025-04-28 22:31:47,331 - INFO - 连接建立
2025-04-28 22:31:49,171 - INFO - 重连成功
2025-04-28 22:31:49,210 - WARNING - 错误码：10165，信息：invalid handle
2025-04-28 22:31:49,723 - INFO - 连接关闭
2025-04-28 22:31:50,735 - INFO - 尝试第1次重连...
2025-04-28 22:31:50,880 - INFO - Websocket connected
2025-04-28 22:31:50,881 - INFO - 连接建立
2025-04-28 22:31:52,740 - INFO - 重连成功
2025-04-28 22:31:52,778 - WARNING - 错误码：10165，信息：invalid handle
2025-04-28 22:31:53,274 - INFO - 连接关闭
2025-04-28 22:31:54,289 - INFO - 尝试第1次重连...
2025-04-28 22:31:54,442 - INFO - Websocket connected
2025-04-28 22:31:54,443 - INFO - 连接建立
2025-04-28 22:31:56,295 - INFO - 重连成功
2025-04-28 22:31:56,330 - WARNING - 错误码：10165，信息：invalid handle
2025-04-28 22:31:56,831 - INFO - 连接关闭
2025-04-28 22:31:57,833 - INFO - 尝试第1次重连...
2025-04-28 22:31:58,000 - INFO - Websocket connected
2025-04-28 22:31:58,001 - INFO - 连接建立
2025-04-28 22:31:59,845 - INFO - 重连成功
2025-04-28 22:31:59,885 - WARNING - 错误码：10165，信息：invalid handle
2025-04-28 22:32:00,387 - INFO - 连接关闭
2025-04-28 22:32:01,400 - INFO - 尝试第1次重连...
2025-04-28 22:32:01,561 - INFO - Websocket connected
2025-04-28 22:32:01,562 - INFO - 连接建立
2025-04-28 22:32:03,406 - INFO - 重连成功
2025-04-28 22:32:03,438 - WARNING - 检测到连接丢失，尝试恢复...
2025-04-28 22:32:03,447 - WARNING - 错误码：10165，信息：invalid handle
2025-04-28 22:32:03,947 - INFO - 连接关闭
2025-04-28 22:32:04,451 - INFO - 尝试第1次重连...
2025-04-28 22:32:04,620 - INFO - Websocket connected
2025-04-28 22:32:04,621 - INFO - 连接建立
2025-04-28 22:32:04,949 - INFO - 尝试第1次重连...
2025-04-28 22:32:06,466 - INFO - 重连成功
2025-04-28 22:32:06,503 - INFO - 连接关闭
2025-04-28 22:32:07,177 - INFO - Websocket connected
2025-04-28 22:32:07,178 - INFO - 连接建立
2025-04-28 22:32:09,006 - INFO - 重连成功
2025-04-28 22:32:09,044 - WARNING - 错误码：10165，信息：invalid handle
2025-04-28 22:32:09,544 - INFO - 连接关闭
2025-04-28 22:32:10,556 - INFO - 尝试第1次重连...
2025-04-28 22:32:10,727 - INFO - Websocket connected
2025-04-28 22:32:10,727 - INFO - 连接建立
2025-04-28 22:32:12,566 - INFO - 重连成功
2025-04-28 22:32:12,610 - WARNING - 错误码：10165，信息：invalid handle
2025-04-28 22:32:13,110 - INFO - 连接关闭
2025-04-28 22:32:14,125 - INFO - 尝试第1次重连...
2025-04-28 22:32:14,285 - INFO - Websocket connected
2025-04-28 22:32:14,286 - INFO - 连接建立
2025-04-28 22:32:16,129 - INFO - 重连成功
2025-04-28 22:32:16,168 - WARNING - 错误码：10165，信息：invalid handle
2025-04-28 22:32:16,669 - INFO - 连接关闭
2025-04-28 22:32:17,671 - INFO - 尝试第1次重连...
2025-04-28 22:32:17,832 - INFO - Websocket connected
2025-04-28 22:32:17,833 - INFO - 连接建立
2025-04-28 22:32:19,687 - INFO - 重连成功
2025-04-28 22:32:19,728 - WARNING - 错误码：10165，信息：invalid handle
2025-04-28 22:32:20,226 - INFO - 连接关闭
2025-04-28 22:32:21,228 - INFO - 尝试第1次重连...
2025-04-28 22:32:21,378 - INFO - Websocket connected
2025-04-28 22:32:21,379 - INFO - 连接建立
2025-04-28 22:32:23,234 - INFO - 重连成功
2025-04-28 22:32:23,278 - WARNING - 错误码：10165，信息：invalid handle
2025-04-28 22:32:23,776 - INFO - 连接关闭
2025-04-28 22:32:24,783 - INFO - 尝试第1次重连...
2025-04-28 22:32:24,963 - INFO - Websocket connected
2025-04-28 22:32:24,964 - INFO - 连接建立
2025-04-28 22:32:26,799 - INFO - 重连成功
2025-04-28 22:32:26,841 - WARNING - 错误码：10165，信息：invalid handle
2025-04-28 22:32:27,342 - INFO - 连接关闭
2025-04-28 22:32:28,356 - INFO - 尝试第1次重连...
2025-04-28 22:32:28,522 - INFO - Websocket connected
2025-04-28 22:32:28,522 - INFO - 连接建立
2025-04-28 22:32:30,361 - INFO - 重连成功
2025-04-28 22:32:30,402 - WARNING - 错误码：10165，信息：invalid handle
2025-04-28 22:32:30,902 - INFO - 连接关闭
2025-04-28 22:32:31,915 - INFO - 尝试第1次重连...
2025-04-28 22:32:32,089 - INFO - Websocket connected
2025-04-28 22:32:32,090 - INFO - 连接建立
2025-04-28 22:32:33,928 - INFO - 重连成功
2025-04-28 22:32:33,972 - WARNING - 错误码：10165，信息：invalid handle
2025-04-28 22:32:34,472 - INFO - 连接关闭
2025-04-28 22:32:35,480 - INFO - 尝试第1次重连...
2025-04-28 22:32:35,684 - INFO - Websocket connected
2025-04-28 22:32:35,685 - INFO - 连接建立
2025-04-28 22:32:37,493 - INFO - 重连成功
2025-04-28 22:32:37,540 - WARNING - 错误码：10165，信息：invalid handle
2025-04-28 22:32:38,042 - INFO - 连接关闭
2025-04-28 22:32:39,043 - INFO - 尝试第1次重连...
2025-04-28 22:32:39,224 - INFO - Websocket connected
2025-04-28 22:32:39,225 - INFO - 连接建立
2025-04-28 22:32:41,053 - INFO - 重连成功
2025-04-28 22:32:41,098 - WARNING - 错误码：10165，信息：invalid handle
2025-04-28 22:32:41,599 - INFO - 连接关闭
2025-04-28 22:32:42,607 - INFO - 尝试第1次重连...
2025-04-28 22:32:42,762 - INFO - Websocket connected
2025-04-28 22:32:42,762 - INFO - 连接建立
2025-04-28 22:32:44,620 - INFO - 重连成功
2025-04-28 22:32:44,660 - WARNING - 错误码：10165，信息：invalid handle
2025-04-28 22:32:45,159 - INFO - 连接关闭
2025-04-28 22:32:46,169 - INFO - 尝试第1次重连...
2025-04-28 22:32:46,338 - INFO - Websocket connected
2025-04-28 22:32:46,338 - INFO - 连接建立
2025-04-28 22:32:48,175 - INFO - 重连成功
2025-04-28 22:32:48,215 - WARNING - 错误码：10165，信息：invalid handle
2025-04-28 22:32:48,715 - INFO - 连接关闭
2025-04-28 22:32:49,725 - INFO - 尝试第1次重连...
2025-04-28 22:32:49,925 - INFO - Websocket connected
2025-04-28 22:32:49,926 - INFO - 连接建立
2025-04-28 22:32:51,735 - INFO - 重连成功
2025-04-28 22:32:51,776 - WARNING - 错误码：10165，信息：invalid handle
2025-04-28 22:32:52,274 - INFO - 连接关闭
2025-04-28 22:32:53,290 - INFO - 尝试第1次重连...
2025-04-28 22:32:53,459 - INFO - Websocket connected
2025-04-28 22:32:53,460 - INFO - 连接建立
2025-04-28 22:32:55,300 - INFO - 重连成功
2025-04-28 22:32:55,342 - WARNING - 错误码：10165，信息：invalid handle
2025-04-28 22:32:55,842 - INFO - 连接关闭
2025-04-28 22:32:56,848 - INFO - 尝试第1次重连...
2025-04-28 22:32:57,008 - INFO - Websocket connected
2025-04-28 22:32:57,009 - INFO - 连接建立
2025-04-28 22:32:58,855 - INFO - 重连成功
2025-04-28 22:32:58,898 - WARNING - 错误码：10165，信息：invalid handle
2025-04-28 22:32:59,398 - INFO - 连接关闭
2025-04-28 22:33:00,404 - INFO - 尝试第1次重连...
2025-04-28 22:33:00,580 - INFO - Websocket connected
2025-04-28 22:33:00,581 - INFO - 连接建立
2025-04-28 22:33:02,414 - INFO - 重连成功
2025-04-28 22:33:02,456 - WARNING - 错误码：10165，信息：invalid handle
2025-04-28 22:33:02,956 - INFO - 连接关闭
2025-04-28 22:33:03,968 - INFO - 尝试第1次重连...
2025-04-28 22:33:04,126 - INFO - Websocket connected
2025-04-28 22:33:04,128 - INFO - 连接建立
2025-04-28 22:33:05,978 - INFO - 重连成功
2025-04-28 22:33:06,019 - WARNING - 错误码：10165，信息：invalid handle
2025-04-28 22:33:06,519 - INFO - 连接关闭
2025-04-28 22:33:07,533 - INFO - 尝试第1次重连...
2025-04-28 22:33:07,713 - INFO - Websocket connected
2025-04-28 22:33:07,713 - INFO - 连接建立
2025-04-28 22:33:09,535 - INFO - 重连成功
2025-04-28 22:33:09,576 - WARNING - 错误码：10165，信息：invalid handle
2025-04-28 22:33:10,075 - INFO - 连接关闭
2025-04-28 22:33:11,084 - INFO - 尝试第1次重连...
2025-04-28 22:33:11,278 - INFO - Websocket connected
2025-04-28 22:33:11,278 - INFO - 连接建立
2025-04-28 22:33:13,094 - INFO - 重连成功
2025-04-28 22:33:13,141 - WARNING - 错误码：10165，信息：invalid handle
2025-04-28 22:33:13,638 - INFO - 连接关闭
2025-04-28 22:33:14,651 - INFO - 尝试第1次重连...
2025-04-28 22:33:14,836 - INFO - Websocket connected
2025-04-28 22:33:14,837 - INFO - 连接建立
2025-04-28 22:33:16,665 - INFO - 重连成功
2025-04-28 22:33:16,703 - WARNING - 错误码：10165，信息：invalid handle
2025-04-28 22:33:17,203 - INFO - 连接关闭
2025-04-28 22:33:18,214 - INFO - 尝试第1次重连...
2025-04-28 22:33:18,395 - INFO - Websocket connected
2025-04-28 22:33:18,395 - INFO - 连接建立
2025-04-28 22:33:20,224 - INFO - 重连成功
2025-04-28 22:33:20,268 - WARNING - 错误码：10165，信息：invalid handle
2025-04-28 22:33:20,766 - INFO - 连接关闭
2025-04-28 22:33:21,771 - INFO - 尝试第1次重连...
2025-04-28 22:33:21,966 - INFO - Websocket connected
2025-04-28 22:33:21,966 - INFO - 连接建立
2025-04-28 22:33:23,780 - INFO - 重连成功
2025-04-28 22:33:23,828 - WARNING - 错误码：10165，信息：invalid handle
2025-04-28 22:33:24,325 - INFO - 连接关闭
2025-04-28 22:33:25,341 - INFO - 尝试第1次重连...
2025-04-28 22:33:25,519 - INFO - Websocket connected
2025-04-28 22:33:25,520 - INFO - 连接建立
2025-04-28 22:33:27,345 - INFO - 重连成功
2025-04-28 22:33:27,390 - WARNING - 错误码：10165，信息：invalid handle
2025-04-28 22:33:27,890 - INFO - 连接关闭
2025-04-28 22:33:28,899 - INFO - 尝试第1次重连...
2025-04-28 22:33:29,084 - INFO - Websocket connected
2025-04-28 22:33:29,085 - INFO - 连接建立
2025-04-28 22:33:30,908 - INFO - 重连成功
2025-04-28 22:33:30,957 - WARNING - 错误码：10165，信息：invalid handle
2025-04-28 22:33:31,455 - INFO - 连接关闭
2025-04-28 22:33:32,460 - INFO - 尝试第1次重连...
2025-04-28 22:33:32,617 - INFO - Websocket connected
2025-04-28 22:33:32,617 - INFO - 连接建立
2025-04-28 22:33:34,470 - INFO - 重连成功
2025-04-28 22:33:34,512 - WARNING - 错误码：10165，信息：invalid handle
2025-04-28 22:33:35,009 - INFO - 连接关闭
2025-04-28 22:33:36,018 - INFO - 尝试第1次重连...
2025-04-28 22:33:36,164 - INFO - Websocket connected
2025-04-28 22:33:36,165 - INFO - 连接建立
2025-04-28 22:33:38,029 - INFO - 重连成功
2025-04-28 22:33:38,064 - WARNING - 错误码：10165，信息：invalid handle
2025-04-28 22:33:38,565 - INFO - 连接关闭
2025-04-28 22:33:39,573 - INFO - 尝试第1次重连...
2025-04-28 22:33:39,734 - INFO - Websocket connected
2025-04-28 22:33:39,734 - INFO - 连接建立
2025-04-28 22:33:41,578 - INFO - 重连成功
2025-04-28 22:33:41,620 - WARNING - 错误码：10165，信息：invalid handle
2025-04-28 22:33:42,119 - INFO - 连接关闭
2025-04-28 22:33:43,125 - INFO - 尝试第1次重连...
2025-04-28 22:33:43,297 - INFO - Websocket connected
2025-04-28 22:33:43,297 - INFO - 连接建立
2025-04-28 22:33:45,139 - INFO - 重连成功
2025-04-28 22:33:45,181 - WARNING - 错误码：10165，信息：invalid handle
2025-04-28 22:33:45,684 - INFO - 连接关闭
2025-04-28 22:33:46,694 - INFO - 尝试第1次重连...
2025-04-28 22:33:46,859 - INFO - Websocket connected
2025-04-28 22:33:46,860 - INFO - 连接建立
2025-04-28 22:33:48,708 - INFO - 重连成功
2025-04-28 22:33:48,748 - WARNING - 错误码：10165，信息：invalid handle
2025-04-28 22:33:49,249 - INFO - 连接关闭
2025-04-28 22:33:50,254 - INFO - 尝试第1次重连...
2025-04-28 22:33:50,401 - INFO - Websocket connected
2025-04-28 22:33:50,401 - INFO - 连接建立
2025-04-28 22:33:52,257 - INFO - 重连成功
2025-04-28 22:33:52,294 - WARNING - 错误码：10165，信息：invalid handle
2025-04-28 22:33:52,794 - INFO - 连接关闭
2025-04-28 22:33:53,799 - INFO - 尝试第1次重连...
2025-04-28 22:33:53,975 - INFO - Websocket connected
2025-04-28 22:33:53,975 - INFO - 连接建立
2025-04-28 22:33:55,802 - INFO - 重连成功
2025-04-28 22:33:55,843 - WARNING - 错误码：10165，信息：invalid handle
2025-04-28 22:33:56,343 - INFO - 连接关闭
2025-04-28 22:33:57,346 - INFO - 尝试第1次重连...
2025-04-28 22:33:57,509 - INFO - Websocket connected
2025-04-28 22:33:57,510 - INFO - 连接建立
2025-04-28 22:33:59,355 - INFO - 重连成功
2025-04-28 22:33:59,393 - WARNING - 错误码：10165，信息：invalid handle
2025-04-28 22:33:59,893 - INFO - 连接关闭
2025-04-28 22:34:00,902 - INFO - 尝试第1次重连...
2025-04-28 22:34:01,064 - INFO - Websocket connected
2025-04-28 22:34:01,065 - INFO - 连接建立
2025-04-28 22:34:02,909 - INFO - 重连成功
2025-04-28 22:34:02,951 - WARNING - 错误码：10165，信息：invalid handle
2025-04-28 22:34:03,450 - INFO - 连接关闭
2025-04-28 22:34:04,464 - INFO - 尝试第1次重连...
2025-04-28 22:34:04,625 - INFO - Websocket connected
2025-04-28 22:34:04,626 - INFO - 连接建立
2025-04-28 22:34:06,466 - INFO - 重连成功
2025-04-28 22:34:06,504 - WARNING - 错误码：10165，信息：invalid handle
2025-04-28 22:34:07,006 - INFO - 连接关闭
2025-04-28 22:34:08,017 - INFO - 尝试第1次重连...
2025-04-28 22:34:08,189 - INFO - Websocket connected
2025-04-28 22:34:08,190 - INFO - 连接建立
2025-04-28 22:34:10,029 - INFO - 重连成功
2025-04-28 22:34:10,067 - WARNING - 错误码：10165，信息：invalid handle
2025-04-28 22:34:10,567 - INFO - 连接关闭
2025-04-28 22:34:11,571 - INFO - 尝试第1次重连...
2025-04-28 22:34:11,731 - INFO - Websocket connected
2025-04-28 22:34:11,732 - INFO - 连接建立
2025-04-28 22:34:13,582 - INFO - 重连成功
2025-04-28 22:34:13,622 - WARNING - 错误码：10165，信息：invalid handle
2025-04-28 22:34:14,122 - INFO - 连接关闭
2025-04-28 22:34:15,131 - INFO - 尝试第1次重连...
2025-04-28 22:34:15,297 - INFO - Websocket connected
2025-04-28 22:34:15,298 - INFO - 连接建立
2025-04-28 22:34:17,148 - INFO - 重连成功
2025-04-28 22:34:17,186 - WARNING - 错误码：10165，信息：invalid handle
2025-04-28 22:34:17,688 - INFO - 连接关闭
2025-04-28 22:34:18,695 - INFO - 尝试第1次重连...
2025-04-28 22:34:18,866 - INFO - Websocket connected
2025-04-28 22:34:18,867 - INFO - 连接建立
2025-04-28 22:34:20,700 - INFO - 重连成功
2025-04-28 22:34:20,742 - WARNING - 错误码：10165，信息：invalid handle
2025-04-28 22:34:21,242 - INFO - 连接关闭
2025-04-28 22:34:22,245 - INFO - 尝试第1次重连...
2025-04-28 22:34:22,411 - INFO - Websocket connected
2025-04-28 22:34:22,412 - INFO - 连接建立
2025-04-28 22:34:24,249 - INFO - 重连成功
2025-04-28 22:34:24,289 - WARNING - 错误码：10165，信息：invalid handle
2025-04-28 22:34:24,788 - INFO - 连接关闭
2025-04-28 22:34:25,803 - INFO - 尝试第1次重连...
2025-04-28 22:34:25,956 - INFO - Websocket connected
2025-04-28 22:34:25,957 - INFO - 连接建立
2025-04-28 22:34:27,806 - INFO - 重连成功
2025-04-28 22:34:27,843 - WARNING - 错误码：10165，信息：invalid handle
2025-04-28 22:34:28,344 - INFO - 连接关闭
2025-04-28 22:34:29,351 - INFO - 尝试第1次重连...
2025-04-28 22:34:29,509 - INFO - Websocket connected
2025-04-28 22:34:29,510 - INFO - 连接建立
2025-04-28 22:34:31,360 - INFO - 重连成功
2025-04-28 22:34:31,400 - WARNING - 错误码：10165，信息：invalid handle
2025-04-28 22:34:31,899 - INFO - 连接关闭
2025-04-28 22:34:32,915 - INFO - 尝试第1次重连...
2025-04-28 22:34:33,079 - INFO - Websocket connected
2025-04-28 22:34:33,079 - INFO - 连接建立
2025-04-28 22:34:34,916 - INFO - 重连成功
2025-04-28 22:34:34,958 - WARNING - 错误码：10165，信息：invalid handle
2025-04-28 22:34:35,454 - INFO - 连接关闭
2025-04-28 22:34:36,461 - INFO - 尝试第1次重连...
2025-04-28 22:34:36,872 - INFO - Websocket connected
2025-04-28 22:34:36,872 - INFO - 连接建立
2025-04-28 22:34:38,468 - INFO - 重连成功
2025-04-28 22:34:38,505 - WARNING - 错误码：10165，信息：invalid handle
2025-04-28 22:34:39,006 - INFO - 连接关闭
2025-04-28 22:34:40,010 - INFO - 尝试第1次重连...
2025-04-28 22:34:40,191 - INFO - Websocket connected
2025-04-28 22:34:40,193 - INFO - 连接建立
2025-04-28 22:34:42,016 - INFO - 重连成功
2025-04-28 22:34:42,065 - WARNING - 错误码：10165，信息：invalid handle
2025-04-28 22:34:42,567 - INFO - 连接关闭
2025-04-28 22:34:43,576 - INFO - 尝试第1次重连...
2025-04-28 22:34:43,721 - INFO - Websocket connected
2025-04-28 22:34:43,722 - INFO - 连接建立
2025-04-28 22:34:45,581 - INFO - 重连成功
2025-04-28 22:34:45,620 - WARNING - 错误码：10165，信息：invalid handle
2025-04-28 22:34:46,122 - INFO - 连接关闭
2025-04-28 22:34:47,122 - INFO - 尝试第1次重连...
2025-04-28 22:34:47,312 - INFO - Websocket connected
2025-04-28 22:34:47,312 - INFO - 连接建立
2025-04-28 22:34:49,138 - INFO - 重连成功
2025-04-28 22:34:49,176 - WARNING - 错误码：10165，信息：invalid handle
2025-04-28 22:34:49,676 - INFO - 连接关闭
2025-04-28 22:34:50,691 - INFO - 尝试第1次重连...
2025-04-28 22:34:50,845 - INFO - Websocket connected
2025-04-28 22:34:50,845 - INFO - 连接建立
2025-04-28 22:34:52,696 - INFO - 重连成功
2025-04-28 22:34:52,736 - WARNING - 错误码：10165，信息：invalid handle
2025-04-28 22:34:53,233 - INFO - 连接关闭
2025-04-28 22:34:54,235 - INFO - 尝试第1次重连...
2025-04-28 22:34:54,421 - INFO - Websocket connected
2025-04-28 22:34:54,423 - INFO - 连接建立
2025-04-28 22:34:56,245 - INFO - 重连成功
2025-04-28 22:34:56,289 - WARNING - 错误码：10165，信息：invalid handle
2025-04-28 22:34:56,786 - INFO - 连接关闭
2025-04-28 22:34:57,790 - INFO - 尝试第1次重连...
2025-04-28 22:34:57,976 - INFO - Websocket connected
2025-04-28 22:34:57,978 - INFO - 连接建立
2025-04-28 22:34:59,806 - INFO - 重连成功
2025-04-28 22:34:59,845 - WARNING - 错误码：10165，信息：invalid handle
2025-04-28 22:35:00,347 - INFO - 连接关闭
2025-04-28 22:35:01,356 - INFO - 尝试第1次重连...
2025-04-28 22:35:01,518 - INFO - Websocket connected
2025-04-28 22:35:01,519 - INFO - 连接建立
2025-04-28 22:35:03,364 - INFO - 重连成功
2025-04-28 22:35:03,401 - WARNING - 错误码：10165，信息：invalid handle
2025-04-28 22:35:03,898 - INFO - 连接关闭
2025-04-28 22:35:04,913 - INFO - 尝试第1次重连...
2025-04-28 22:35:05,110 - INFO - Websocket connected
2025-04-28 22:35:05,111 - INFO - 连接建立
2025-04-28 22:35:06,930 - INFO - 重连成功
2025-04-28 22:35:06,971 - WARNING - 错误码：10165，信息：invalid handle
2025-04-28 22:35:07,471 - INFO - 连接关闭
2025-04-28 22:35:08,478 - INFO - 尝试第1次重连...
2025-04-28 22:35:08,633 - INFO - Websocket connected
2025-04-28 22:35:08,633 - INFO - 连接建立
2025-04-28 22:35:10,486 - INFO - 重连成功
2025-04-28 22:35:10,524 - WARNING - 错误码：10165，信息：invalid handle
2025-04-28 22:35:11,023 - INFO - 连接关闭
2025-04-28 22:35:12,024 - INFO - 尝试第1次重连...
2025-04-28 22:35:12,189 - INFO - Websocket connected
2025-04-28 22:35:12,190 - INFO - 连接建立
2025-04-28 22:35:14,026 - INFO - 重连成功
2025-04-28 22:35:14,068 - WARNING - 错误码：10165，信息：invalid handle
2025-04-28 22:35:14,569 - INFO - 连接关闭
2025-04-28 22:35:15,574 - INFO - 尝试第1次重连...
2025-04-28 22:35:15,733 - INFO - Websocket connected
2025-04-28 22:35:15,734 - INFO - 连接建立
2025-04-28 22:35:17,584 - INFO - 重连成功
2025-04-28 22:35:17,627 - WARNING - 错误码：10165，信息：invalid handle
2025-04-28 22:35:18,129 - INFO - 连接关闭
2025-04-28 22:35:19,132 - INFO - 尝试第1次重连...
2025-04-28 22:35:19,300 - INFO - Websocket connected
2025-04-28 22:35:19,302 - INFO - 连接建立
2025-04-28 22:35:21,136 - INFO - 重连成功
2025-04-28 22:35:21,182 - WARNING - 错误码：10165，信息：invalid handle
2025-04-28 22:35:21,689 - INFO - 连接关闭
2025-04-28 22:35:22,704 - INFO - 尝试第1次重连...
2025-04-28 22:35:22,879 - INFO - Websocket connected
2025-04-28 22:35:22,879 - INFO - 连接建立
2025-04-28 22:35:24,714 - INFO - 重连成功
2025-04-28 22:35:24,756 - WARNING - 错误码：10165，信息：invalid handle
2025-04-28 22:35:25,256 - INFO - 连接关闭
2025-04-28 22:35:26,261 - INFO - 尝试第1次重连...
2025-04-28 22:35:26,407 - INFO - Websocket connected
2025-04-28 22:35:26,408 - INFO - 连接建立
2025-04-28 22:35:28,272 - INFO - 重连成功
2025-04-28 22:35:28,308 - WARNING - 错误码：10165，信息：invalid handle
2025-04-28 22:35:28,808 - INFO - 连接关闭
2025-04-28 22:35:29,809 - INFO - 尝试第1次重连...
2025-04-28 22:35:30,002 - INFO - Websocket connected
2025-04-28 22:35:30,003 - INFO - 连接建立
2025-04-28 22:35:31,813 - INFO - 重连成功
2025-04-28 22:35:31,851 - WARNING - 错误码：10165，信息：invalid handle
2025-04-28 22:35:32,351 - INFO - 连接关闭
2025-04-28 22:35:33,356 - INFO - 尝试第1次重连...
2025-04-28 22:35:33,516 - INFO - Websocket connected
2025-04-28 22:35:33,518 - INFO - 连接建立
2025-04-28 22:35:35,368 - INFO - 重连成功
2025-04-28 22:35:35,407 - WARNING - 错误码：10165，信息：invalid handle
2025-04-28 22:35:35,917 - INFO - 连接关闭
2025-04-28 22:35:36,931 - INFO - 尝试第1次重连...
2025-04-28 22:35:37,091 - INFO - Websocket connected
2025-04-28 22:35:37,091 - INFO - 连接建立
2025-04-28 22:35:38,945 - INFO - 重连成功
2025-04-28 22:35:38,982 - WARNING - 错误码：10165，信息：invalid handle
2025-04-28 22:35:39,482 - INFO - 连接关闭
2025-04-28 22:35:40,483 - INFO - 尝试第1次重连...
2025-04-28 22:35:40,620 - INFO - Websocket connected
2025-04-28 22:35:40,620 - INFO - 连接建立
2025-04-28 22:35:42,493 - INFO - 重连成功
2025-04-28 22:35:42,524 - WARNING - 错误码：10165，信息：invalid handle
2025-04-28 22:35:43,024 - INFO - 连接关闭
2025-04-28 22:35:44,037 - INFO - 尝试第1次重连...
2025-04-28 22:35:44,194 - INFO - Websocket connected
2025-04-28 22:35:44,195 - INFO - 连接建立
2025-04-28 22:35:46,044 - INFO - 重连成功
2025-04-28 22:35:46,082 - WARNING - 错误码：10165，信息：invalid handle
2025-04-28 22:35:46,582 - INFO - 连接关闭
2025-04-28 22:35:47,593 - INFO - 尝试第1次重连...
2025-04-28 22:35:47,743 - INFO - Websocket connected
2025-04-28 22:35:47,743 - INFO - 连接建立
2025-04-28 22:35:49,597 - INFO - 重连成功
2025-04-28 22:35:49,632 - WARNING - 错误码：10165，信息：invalid handle
2025-04-28 22:35:50,134 - INFO - 连接关闭
2025-04-28 22:35:51,149 - INFO - 尝试第1次重连...
2025-04-28 22:35:51,304 - INFO - Websocket connected
2025-04-28 22:35:51,305 - INFO - 连接建立
2025-04-28 22:35:53,156 - INFO - 重连成功
2025-04-28 22:35:53,192 - WARNING - 错误码：10165，信息：invalid handle
2025-04-28 22:35:53,692 - INFO - 连接关闭
2025-04-28 22:35:54,696 - INFO - 尝试第1次重连...
2025-04-28 22:35:54,858 - INFO - Websocket connected
2025-04-28 22:35:54,859 - INFO - 连接建立
2025-04-28 22:35:56,706 - INFO - 重连成功
2025-04-28 22:35:56,746 - WARNING - 错误码：10165，信息：invalid handle
2025-04-28 22:35:57,244 - INFO - 连接关闭
2025-04-28 22:35:58,247 - INFO - 尝试第1次重连...
2025-04-28 22:35:58,396 - INFO - Websocket connected
2025-04-28 22:35:58,396 - INFO - 连接建立
2025-04-28 22:36:00,256 - INFO - 重连成功
2025-04-28 22:36:00,295 - WARNING - 错误码：10165，信息：invalid handle
2025-04-28 22:36:00,798 - INFO - 连接关闭
2025-04-28 22:36:01,806 - INFO - 尝试第1次重连...
2025-04-28 22:36:01,976 - INFO - Websocket connected
2025-04-28 22:36:01,976 - INFO - 连接建立
2025-04-28 22:36:03,819 - INFO - 重连成功
2025-04-28 22:36:03,860 - WARNING - 错误码：10165，信息：invalid handle
2025-04-28 22:36:04,359 - INFO - 连接关闭
2025-04-28 22:36:05,360 - INFO - 尝试第1次重连...
2025-04-28 22:36:05,535 - INFO - Websocket connected
2025-04-28 22:36:05,536 - INFO - 连接建立
2025-04-28 22:36:07,375 - INFO - 重连成功
2025-04-28 22:36:07,417 - WARNING - 错误码：10165，信息：invalid handle
2025-04-28 22:36:07,918 - INFO - 连接关闭
2025-04-28 22:36:08,933 - INFO - 尝试第1次重连...
2025-04-28 22:36:09,126 - INFO - Websocket connected
2025-04-28 22:36:09,126 - INFO - 连接建立
2025-04-28 22:36:10,945 - INFO - 重连成功
2025-04-28 22:36:10,988 - WARNING - 错误码：10165，信息：invalid handle
2025-04-28 22:36:11,490 - INFO - 连接关闭
2025-04-28 22:36:12,502 - INFO - 尝试第1次重连...
2025-04-28 22:36:12,667 - INFO - Websocket connected
2025-04-28 22:36:12,667 - INFO - 连接建立
2025-04-28 22:36:14,517 - INFO - 重连成功
2025-04-28 22:36:14,559 - WARNING - 错误码：10165，信息：invalid handle
2025-04-28 22:36:15,059 - INFO - 连接关闭
2025-04-28 22:36:16,074 - INFO - 尝试第1次重连...
2025-04-28 22:36:16,256 - INFO - Websocket connected
2025-04-28 22:36:16,258 - INFO - 连接建立
2025-04-28 22:36:18,078 - INFO - 重连成功
2025-04-28 22:36:18,124 - WARNING - 错误码：10165，信息：invalid handle
2025-04-28 22:36:18,624 - INFO - 连接关闭
2025-04-28 22:36:19,625 - INFO - 尝试第1次重连...
2025-04-28 22:36:19,794 - INFO - Websocket connected
2025-04-28 22:36:19,794 - INFO - 连接建立
2025-04-28 22:36:21,635 - INFO - 重连成功
2025-04-28 22:36:21,677 - WARNING - 错误码：10165，信息：invalid handle
2025-04-28 22:36:22,176 - INFO - 连接关闭
2025-04-28 22:36:23,181 - INFO - 尝试第1次重连...
2025-04-28 22:36:23,362 - INFO - Websocket connected
2025-04-28 22:36:23,363 - INFO - 连接建立
2025-04-28 22:36:25,195 - INFO - 重连成功
2025-04-28 22:36:25,240 - WARNING - 错误码：10165，信息：invalid handle
2025-04-28 22:36:25,739 - INFO - 连接关闭
2025-04-28 22:36:26,749 - INFO - 尝试第1次重连...
2025-04-28 22:36:26,926 - INFO - Websocket connected
2025-04-28 22:36:26,926 - INFO - 连接建立
2025-04-28 22:36:28,761 - INFO - 重连成功
2025-04-28 22:36:28,805 - WARNING - 错误码：10165，信息：invalid handle
2025-04-28 22:36:29,305 - INFO - 连接关闭
2025-04-28 22:36:30,311 - INFO - 尝试第1次重连...
2025-04-28 22:36:30,494 - INFO - Websocket connected
2025-04-28 22:36:30,497 - INFO - 连接建立
2025-04-28 22:36:32,328 - INFO - 重连成功
2025-04-28 22:36:32,371 - WARNING - 错误码：10165，信息：invalid handle
2025-04-28 22:36:32,874 - INFO - 连接关闭
2025-04-28 22:36:33,878 - INFO - 尝试第1次重连...
2025-04-28 22:36:34,055 - INFO - Websocket connected
2025-04-28 22:36:34,056 - INFO - 连接建立
2025-04-28 22:36:35,880 - INFO - 重连成功
2025-04-28 22:36:35,922 - WARNING - 错误码：10165，信息：invalid handle
2025-04-28 22:36:36,420 - INFO - 连接关闭
2025-04-28 22:36:37,422 - INFO - 尝试第1次重连...
2025-04-28 22:36:37,610 - INFO - Websocket connected
2025-04-28 22:36:37,611 - INFO - 连接建立
2025-04-28 22:36:39,435 - INFO - 重连成功
2025-04-28 22:36:39,482 - WARNING - 错误码：10165，信息：invalid handle
2025-04-28 22:36:39,990 - INFO - 连接关闭
2025-04-28 22:36:40,998 - INFO - 尝试第1次重连...
2025-04-28 22:36:41,170 - INFO - Websocket connected
2025-04-28 22:36:41,171 - INFO - 连接建立
2025-04-28 22:36:43,000 - INFO - 重连成功
2025-04-28 22:36:43,044 - WARNING - 错误码：10165，信息：invalid handle
2025-04-28 22:36:43,542 - INFO - 连接关闭
2025-04-28 22:36:44,556 - INFO - 尝试第1次重连...
2025-04-28 22:36:44,735 - INFO - Websocket connected
2025-04-28 22:36:44,736 - INFO - 连接建立
2025-04-28 22:36:46,571 - INFO - 重连成功
2025-04-28 22:36:46,612 - WARNING - 错误码：10165，信息：invalid handle
2025-04-28 22:36:47,113 - INFO - 连接关闭
2025-04-28 22:36:48,126 - INFO - 尝试第1次重连...
2025-04-28 22:36:48,325 - INFO - Websocket connected
2025-04-28 22:36:48,326 - INFO - 连接建立
2025-04-28 22:36:50,132 - INFO - 重连成功
2025-04-28 22:36:50,177 - WARNING - 错误码：10165，信息：invalid handle
2025-04-28 22:36:50,676 - INFO - 连接关闭
2025-04-28 22:36:51,682 - INFO - 尝试第1次重连...
2025-04-28 22:36:51,860 - INFO - Websocket connected
2025-04-28 22:36:51,861 - INFO - 连接建立
2025-04-28 22:36:53,685 - INFO - 重连成功
2025-04-28 22:36:53,727 - WARNING - 错误码：10165，信息：invalid handle
2025-04-28 22:36:54,226 - INFO - 连接关闭
2025-04-28 22:36:55,233 - INFO - 尝试第1次重连...
2025-04-28 22:36:55,386 - INFO - Websocket connected
2025-04-28 22:36:55,386 - INFO - 连接建立
2025-04-28 22:36:57,240 - INFO - 重连成功
2025-04-28 22:36:57,280 - WARNING - 错误码：10165，信息：invalid handle
2025-04-28 22:36:57,781 - INFO - 连接关闭
2025-04-28 22:36:58,792 - INFO - 尝试第1次重连...
2025-04-28 22:36:58,980 - INFO - Websocket connected
2025-04-28 22:36:58,981 - INFO - 连接建立
2025-04-28 22:37:00,798 - INFO - 重连成功
2025-04-28 22:37:00,849 - WARNING - 错误码：10165，信息：invalid handle
2025-04-28 22:37:01,345 - INFO - 连接关闭
2025-04-28 22:37:02,358 - INFO - 尝试第1次重连...
2025-04-28 22:37:02,501 - INFO - Websocket connected
2025-04-28 22:37:02,501 - INFO - 连接建立
2025-04-28 22:37:04,366 - INFO - 重连成功
2025-04-28 22:37:04,403 - WARNING - 错误码：10165，信息：invalid handle
2025-04-28 22:37:04,902 - INFO - 连接关闭
2025-04-28 22:37:05,915 - INFO - 尝试第1次重连...
2025-04-28 22:37:06,070 - INFO - Websocket connected
2025-04-28 22:37:06,071 - INFO - 连接建立
2025-04-28 22:37:07,918 - INFO - 重连成功
2025-04-28 22:37:07,953 - WARNING - 错误码：10165，信息：invalid handle
2025-04-28 22:37:08,452 - INFO - 连接关闭
2025-04-28 22:37:09,460 - INFO - 尝试第1次重连...
2025-04-28 22:37:09,606 - INFO - Websocket connected
2025-04-28 22:37:09,606 - INFO - 连接建立
2025-04-28 22:37:11,462 - INFO - 重连成功
2025-04-28 22:37:11,498 - WARNING - 错误码：10165，信息：invalid handle
2025-04-28 22:37:11,998 - INFO - 连接关闭
2025-04-28 22:37:13,008 - INFO - 尝试第1次重连...
2025-04-28 22:37:13,177 - INFO - Websocket connected
2025-04-28 22:37:13,178 - INFO - 连接建立
2025-04-28 22:37:15,014 - INFO - 重连成功
2025-04-28 22:37:15,062 - WARNING - 错误码：10165，信息：invalid handle
2025-04-28 22:37:15,561 - INFO - 连接关闭
2025-04-28 22:37:16,576 - INFO - 尝试第1次重连...
2025-04-28 22:37:16,726 - INFO - Websocket connected
2025-04-28 22:37:16,726 - INFO - 连接建立
2025-04-28 22:37:18,589 - INFO - 重连成功
2025-04-28 22:37:18,628 - WARNING - 错误码：10165，信息：invalid handle
2025-04-28 22:37:19,128 - INFO - 连接关闭
2025-04-28 22:37:20,143 - INFO - 尝试第1次重连...
2025-04-28 22:37:20,295 - INFO - Websocket connected
2025-04-28 22:37:20,296 - INFO - 连接建立
2025-04-28 22:37:22,153 - INFO - 重连成功
2025-04-28 22:37:22,190 - WARNING - 错误码：10165，信息：invalid handle
2025-04-28 22:37:22,690 - INFO - 连接关闭
2025-04-28 22:37:23,691 - INFO - 尝试第1次重连...
2025-04-28 22:37:23,856 - INFO - Websocket connected
2025-04-28 22:37:23,856 - INFO - 连接建立
2025-04-28 22:37:25,700 - INFO - 重连成功
2025-04-28 22:37:25,738 - WARNING - 错误码：10165，信息：invalid handle
2025-04-28 22:37:26,236 - INFO - 连接关闭
2025-04-28 22:37:27,246 - INFO - 尝试第1次重连...
2025-04-28 22:37:27,410 - INFO - Websocket connected
2025-04-28 22:37:27,410 - INFO - 连接建立
2025-04-28 22:37:29,258 - INFO - 重连成功
2025-04-28 22:37:29,299 - WARNING - 错误码：10165，信息：invalid handle
2025-04-28 22:37:29,797 - INFO - 连接关闭
2025-04-28 22:37:30,798 - INFO - 尝试第1次重连...
2025-04-28 22:37:30,960 - INFO - Websocket connected
2025-04-28 22:37:30,961 - INFO - 连接建立
2025-04-28 22:37:32,808 - INFO - 重连成功
2025-04-28 22:37:32,850 - WARNING - 错误码：10165，信息：invalid handle
2025-04-28 22:37:33,346 - INFO - 连接关闭
2025-04-28 22:37:34,361 - INFO - 尝试第1次重连...
2025-04-28 22:37:34,515 - INFO - Websocket connected
2025-04-28 22:37:34,516 - INFO - 连接建立
2025-04-28 22:37:36,373 - INFO - 重连成功
2025-04-28 22:37:36,418 - WARNING - 错误码：10165，信息：invalid handle
2025-04-28 22:37:36,918 - INFO - 连接关闭
2025-04-28 22:37:37,934 - INFO - 尝试第1次重连...
2025-04-28 22:37:38,112 - INFO - Websocket connected
2025-04-28 22:37:38,113 - INFO - 连接建立
2025-04-28 22:37:39,950 - INFO - 重连成功
2025-04-28 22:37:39,992 - WARNING - 错误码：10165，信息：invalid handle
2025-04-28 22:37:40,491 - INFO - 连接关闭
2025-04-28 22:37:41,498 - INFO - 尝试第1次重连...
2025-04-28 22:37:41,661 - INFO - Websocket connected
2025-04-28 22:37:41,662 - INFO - 连接建立
2025-04-28 22:37:43,505 - INFO - 重连成功
2025-04-28 22:37:43,543 - WARNING - 错误码：10165，信息：invalid handle
2025-04-28 22:37:44,045 - INFO - 连接关闭
2025-04-28 22:37:45,050 - INFO - 尝试第1次重连...
2025-04-28 22:37:45,233 - INFO - Websocket connected
2025-04-28 22:37:45,235 - INFO - 连接建立
2025-04-28 22:37:47,064 - INFO - 重连成功
2025-04-28 22:37:47,101 - WARNING - 错误码：10165，信息：invalid handle
2025-04-28 22:37:47,602 - INFO - 连接关闭
2025-04-28 22:37:48,609 - INFO - 尝试第1次重连...
2025-04-28 22:37:48,761 - INFO - Websocket connected
2025-04-28 22:37:48,761 - INFO - 连接建立
2025-04-28 22:37:50,618 - INFO - 重连成功
2025-04-28 22:37:50,655 - WARNING - 错误码：10165，信息：invalid handle
2025-04-28 22:37:51,155 - INFO - 连接关闭
2025-04-28 22:37:52,168 - INFO - 尝试第1次重连...
2025-04-28 22:37:52,322 - INFO - Websocket connected
2025-04-28 22:37:52,322 - INFO - 连接建立
2025-04-28 22:37:54,186 - INFO - 重连成功
2025-04-28 22:37:54,223 - WARNING - 错误码：10165，信息：invalid handle
2025-04-28 22:37:54,729 - INFO - 连接关闭
2025-04-28 22:37:55,734 - INFO - 尝试第1次重连...
2025-04-28 22:37:55,901 - INFO - Websocket connected
2025-04-28 22:37:55,901 - INFO - 连接建立
2025-04-28 22:37:57,749 - INFO - 重连成功
2025-04-28 22:37:57,790 - WARNING - 错误码：10165，信息：invalid handle
2025-04-28 22:37:58,287 - INFO - 连接关闭
2025-04-28 22:37:59,298 - INFO - 尝试第1次重连...
2025-04-28 22:37:59,456 - INFO - Websocket connected
2025-04-28 22:37:59,457 - INFO - 连接建立
2025-04-28 22:38:01,300 - INFO - 重连成功
2025-04-28 22:38:01,335 - WARNING - 错误码：10165，信息：invalid handle
2025-04-28 22:38:01,837 - INFO - 连接关闭
2025-04-28 22:38:02,838 - INFO - 尝试第1次重连...
2025-04-28 22:38:02,970 - INFO - Websocket connected
2025-04-28 22:38:02,971 - INFO - 连接建立
2025-04-28 22:38:04,849 - INFO - 重连成功
2025-04-28 22:38:04,895 - WARNING - 错误码：10165，信息：invalid handle
2025-04-28 22:38:05,394 - INFO - 连接关闭
2025-04-28 22:38:06,395 - INFO - 尝试第1次重连...
2025-04-28 22:38:06,555 - INFO - Websocket connected
2025-04-28 22:38:06,556 - INFO - 连接建立
2025-04-28 22:38:08,403 - INFO - 重连成功
2025-04-28 22:38:08,453 - WARNING - 错误码：10165，信息：invalid handle
2025-04-28 22:38:08,944 - INFO - 连接关闭
2025-04-28 22:38:09,954 - INFO - 尝试第1次重连...
2025-04-28 22:38:10,136 - INFO - Websocket connected
2025-04-28 22:38:10,138 - INFO - 连接建立
2025-04-28 22:38:11,970 - INFO - 重连成功
2025-04-28 22:38:12,008 - WARNING - 错误码：10165，信息：invalid handle
2025-04-28 22:38:12,508 - INFO - 连接关闭
2025-04-28 22:38:13,511 - INFO - 尝试第1次重连...
2025-04-28 22:38:13,665 - INFO - Websocket connected
2025-04-28 22:38:13,665 - INFO - 连接建立
2025-04-28 22:38:15,514 - INFO - 重连成功
2025-04-28 22:38:15,550 - WARNING - 错误码：10165，信息：invalid handle
2025-04-28 22:38:16,051 - INFO - 连接关闭
2025-04-28 22:38:17,057 - INFO - 尝试第1次重连...
2025-04-28 22:38:17,190 - INFO - Websocket connected
2025-04-28 22:38:17,191 - INFO - 连接建立
2025-04-28 22:38:19,068 - INFO - 重连成功
2025-04-28 22:38:19,101 - WARNING - 错误码：10165，信息：invalid handle
2025-04-28 22:38:19,600 - INFO - 连接关闭
2025-04-28 22:38:20,614 - INFO - 尝试第1次重连...
2025-04-28 22:38:20,761 - INFO - Websocket connected
2025-04-28 22:38:20,762 - INFO - 连接建立
2025-04-28 22:38:22,630 - INFO - 重连成功
2025-04-28 22:38:22,667 - WARNING - 错误码：10165，信息：invalid handle
2025-04-28 22:38:23,169 - INFO - 连接关闭
2025-04-28 22:38:24,175 - INFO - 尝试第1次重连...
2025-04-28 22:38:24,332 - INFO - Websocket connected
2025-04-28 22:38:24,333 - INFO - 连接建立
2025-04-28 22:38:26,184 - INFO - 重连成功
2025-04-28 22:38:26,223 - WARNING - 错误码：10165，信息：invalid handle
2025-04-28 22:38:26,723 - INFO - 连接关闭
2025-04-28 22:38:27,730 - INFO - 尝试第1次重连...
2025-04-28 22:38:27,892 - INFO - Websocket connected
2025-04-28 22:38:27,893 - INFO - 连接建立
2025-04-28 22:38:29,741 - INFO - 重连成功
2025-04-28 22:38:29,779 - WARNING - 错误码：10165，信息：invalid handle
2025-04-28 22:38:30,278 - INFO - 连接关闭
2025-04-28 22:38:31,291 - INFO - 尝试第1次重连...
2025-04-28 22:38:31,460 - INFO - Websocket connected
2025-04-28 22:38:31,461 - INFO - 连接建立
2025-04-28 22:38:33,303 - INFO - 重连成功
2025-04-28 22:38:33,346 - WARNING - 错误码：10165，信息：invalid handle
2025-04-28 22:38:33,843 - INFO - 连接关闭
2025-04-28 22:38:34,859 - INFO - 尝试第1次重连...
2025-04-28 22:38:35,008 - INFO - Websocket connected
2025-04-28 22:38:35,009 - INFO - 连接建立
2025-04-28 22:38:36,873 - INFO - 重连成功
2025-04-28 22:38:36,912 - WARNING - 错误码：10165，信息：invalid handle
2025-04-28 22:38:37,408 - INFO - 连接关闭
2025-04-28 22:38:38,409 - INFO - 尝试第1次重连...
2025-04-28 22:38:38,552 - INFO - Websocket connected
2025-04-28 22:38:38,553 - INFO - 连接建立
2025-04-28 22:38:40,415 - INFO - 重连成功
2025-04-28 22:38:40,448 - WARNING - 错误码：10165，信息：invalid handle
2025-04-28 22:38:40,947 - INFO - 连接关闭
2025-04-28 22:38:41,962 - INFO - 尝试第1次重连...
2025-04-28 22:38:42,107 - INFO - Websocket connected
2025-04-28 22:38:42,107 - INFO - 连接建立
2025-04-28 22:38:43,975 - INFO - 重连成功
2025-04-28 22:38:44,010 - WARNING - 错误码：10165，信息：invalid handle
2025-04-28 22:38:44,510 - INFO - 连接关闭
2025-04-28 22:38:45,523 - INFO - 尝试第1次重连...
2025-04-28 22:38:45,696 - INFO - Websocket connected
2025-04-28 22:38:45,697 - INFO - 连接建立
2025-04-28 22:38:47,531 - INFO - 重连成功
2025-04-28 22:38:47,569 - WARNING - 错误码：10165，信息：invalid handle
2025-04-28 22:38:48,068 - INFO - 连接关闭
2025-04-28 22:38:49,083 - INFO - 尝试第1次重连...
2025-04-28 22:38:49,259 - INFO - Websocket connected
2025-04-28 22:38:49,259 - INFO - 连接建立
2025-04-28 22:38:51,098 - INFO - 重连成功
2025-04-28 22:38:51,138 - WARNING - 错误码：10165，信息：invalid handle
2025-04-28 22:38:51,641 - INFO - 连接关闭
2025-04-28 22:38:52,649 - INFO - 尝试第1次重连...
2025-04-28 22:38:52,826 - INFO - Websocket connected
2025-04-28 22:38:52,826 - INFO - 连接建立
2025-04-28 22:38:54,655 - INFO - 重连成功
2025-04-28 22:38:54,696 - WARNING - 错误码：10165，信息：invalid handle
2025-04-28 22:38:55,196 - INFO - 连接关闭
2025-04-28 22:38:56,199 - INFO - 尝试第1次重连...
2025-04-28 22:38:56,362 - INFO - Websocket connected
2025-04-28 22:38:56,363 - INFO - 连接建立
2025-04-28 22:38:58,207 - INFO - 重连成功
2025-04-28 22:38:58,246 - WARNING - 错误码：10165，信息：invalid handle
2025-04-28 22:38:58,746 - INFO - 连接关闭
2025-04-28 22:38:59,749 - INFO - 尝试第1次重连...
2025-04-28 22:38:59,921 - INFO - Websocket connected
2025-04-28 22:38:59,921 - INFO - 连接建立
2025-04-28 22:39:01,760 - INFO - 重连成功
2025-04-28 22:39:01,799 - WARNING - 错误码：10165，信息：invalid handle
2025-04-28 22:39:02,297 - INFO - 连接关闭
2025-04-28 22:39:03,306 - INFO - 尝试第1次重连...
2025-04-28 22:39:03,466 - INFO - Websocket connected
2025-04-28 22:39:03,466 - INFO - 连接建立
2025-04-28 22:39:05,318 - INFO - 重连成功
2025-04-28 22:39:05,355 - WARNING - 错误码：10165，信息：invalid handle
2025-04-28 22:39:05,863 - INFO - 连接关闭
2025-04-28 22:39:06,880 - INFO - 尝试第1次重连...
2025-04-28 22:39:07,045 - INFO - Websocket connected
2025-04-28 22:39:07,045 - INFO - 连接建立
2025-04-28 22:39:08,889 - INFO - 重连成功
2025-04-28 22:39:08,928 - WARNING - 错误码：10165，信息：invalid handle
2025-04-28 22:39:09,430 - INFO - 连接关闭
2025-04-28 22:39:10,435 - INFO - 尝试第1次重连...
2025-04-28 22:39:10,588 - INFO - Websocket connected
2025-04-28 22:39:10,589 - INFO - 连接建立
2025-04-28 22:39:12,451 - INFO - 重连成功
2025-04-28 22:39:12,489 - WARNING - 错误码：10165，信息：invalid handle
2025-04-28 22:39:12,989 - INFO - 连接关闭
2025-04-28 22:39:13,997 - INFO - 尝试第1次重连...
2025-04-28 22:39:14,151 - INFO - Websocket connected
2025-04-28 22:39:14,152 - INFO - 连接建立
2025-04-28 22:39:16,007 - INFO - 重连成功
2025-04-28 22:39:16,058 - WARNING - 错误码：10165，信息：invalid handle
2025-04-28 22:39:16,554 - INFO - 连接关闭
2025-04-28 22:39:17,566 - INFO - 尝试第1次重连...
2025-04-28 22:39:17,730 - INFO - Websocket connected
2025-04-28 22:39:17,730 - INFO - 连接建立
2025-04-28 22:39:19,578 - INFO - 重连成功
2025-04-28 22:39:19,621 - WARNING - 错误码：10165，信息：invalid handle
2025-04-28 22:39:20,119 - INFO - 连接关闭
2025-04-28 22:39:21,129 - INFO - 尝试第1次重连...
2025-04-28 22:39:21,293 - INFO - Websocket connected
2025-04-28 22:39:21,293 - INFO - 连接建立
2025-04-28 22:39:23,136 - INFO - 重连成功
2025-04-28 22:39:23,174 - WARNING - 错误码：10165，信息：invalid handle
2025-04-28 22:39:23,675 - INFO - 连接关闭
2025-04-28 22:39:24,681 - INFO - 尝试第1次重连...
2025-04-28 22:39:24,875 - INFO - Websocket connected
2025-04-28 22:39:24,876 - INFO - 连接建立
2025-04-28 22:39:26,687 - INFO - 重连成功
2025-04-28 22:39:26,733 - WARNING - 错误码：10165，信息：invalid handle
2025-04-28 22:39:27,229 - INFO - 连接关闭
2025-04-28 22:39:28,244 - INFO - 尝试第1次重连...
2025-04-28 22:39:28,388 - INFO - Websocket connected
2025-04-28 22:39:28,388 - INFO - 连接建立
2025-04-28 22:39:30,251 - INFO - 重连成功
2025-04-28 22:39:30,291 - WARNING - 错误码：10165，信息：invalid handle
2025-04-28 22:39:30,791 - INFO - 连接关闭
2025-04-28 22:39:31,799 - INFO - 尝试第1次重连...
2025-04-28 22:39:31,947 - INFO - Websocket connected
2025-04-28 22:39:31,948 - INFO - 连接建立
2025-04-28 22:39:33,812 - INFO - 重连成功
2025-04-28 22:39:33,849 - WARNING - 错误码：10165，信息：invalid handle
2025-04-28 22:39:34,349 - INFO - 连接关闭
2025-04-28 22:39:35,361 - INFO - 尝试第1次重连...
2025-04-28 22:39:35,546 - INFO - Websocket connected
2025-04-28 22:39:35,547 - INFO - 连接建立
2025-04-28 22:39:37,377 - INFO - 重连成功
2025-04-28 22:39:37,417 - WARNING - 错误码：10165，信息：invalid handle
2025-04-28 22:39:37,918 - INFO - 连接关闭
2025-04-28 22:39:38,924 - INFO - 尝试第1次重连...
2025-04-28 22:39:39,363 - INFO - Websocket connected
2025-04-28 22:39:39,364 - INFO - 连接建立
2025-04-28 22:39:40,939 - INFO - 重连成功
2025-04-28 22:39:40,980 - WARNING - 错误码：10165，信息：invalid handle
2025-04-28 22:39:41,479 - INFO - 连接关闭
2025-04-28 22:39:42,480 - INFO - 尝试第1次重连...
2025-04-28 22:39:42,654 - INFO - Websocket connected
2025-04-28 22:39:42,655 - INFO - 连接建立
2025-04-28 22:39:44,484 - INFO - 重连成功
2025-04-28 22:39:44,529 - WARNING - 错误码：10165，信息：invalid handle
2025-04-28 22:39:45,026 - INFO - 连接关闭
2025-04-28 22:39:46,042 - INFO - 尝试第1次重连...
2025-04-28 22:39:46,221 - INFO - Websocket connected
2025-04-28 22:39:46,222 - INFO - 连接建立
2025-04-28 22:39:48,056 - INFO - 重连成功
2025-04-28 22:39:48,101 - WARNING - 错误码：10165，信息：invalid handle
2025-04-28 22:39:48,600 - INFO - 连接关闭
2025-04-28 22:39:49,610 - INFO - 尝试第1次重连...
2025-04-28 22:39:49,784 - INFO - Websocket connected
2025-04-28 22:39:49,785 - INFO - 连接建立
2025-04-28 22:39:51,616 - INFO - 重连成功
2025-04-28 22:39:51,658 - WARNING - 错误码：10165，信息：invalid handle
2025-04-28 22:39:52,160 - INFO - 连接关闭
2025-04-28 22:39:53,165 - INFO - 尝试第1次重连...
2025-04-28 22:39:53,341 - INFO - Websocket connected
2025-04-28 22:39:53,342 - INFO - 连接建立
2025-04-28 22:39:55,179 - INFO - 重连成功
2025-04-28 22:39:55,232 - WARNING - 错误码：10165，信息：invalid handle
2025-04-28 22:39:55,728 - INFO - 连接关闭
2025-04-28 22:39:56,742 - INFO - 尝试第1次重连...
2025-04-28 22:39:56,906 - INFO - Websocket connected
2025-04-28 22:39:56,909 - INFO - 连接建立
2025-04-28 22:39:58,749 - INFO - 重连成功
2025-04-28 22:39:58,790 - WARNING - 错误码：10165，信息：invalid handle
2025-04-28 22:39:59,289 - INFO - 连接关闭
2025-04-28 22:40:00,295 - INFO - 尝试第1次重连...
2025-04-28 22:40:00,472 - INFO - Websocket connected
2025-04-28 22:40:00,472 - INFO - 连接建立
2025-04-28 22:40:02,308 - INFO - 重连成功
2025-04-28 22:40:02,353 - WARNING - 错误码：10165，信息：invalid handle
2025-04-28 22:40:02,850 - INFO - 连接关闭
2025-04-28 22:40:03,854 - INFO - 尝试第1次重连...
2025-04-28 22:40:04,024 - INFO - Websocket connected
2025-04-28 22:40:04,025 - INFO - 连接建立
2025-04-28 22:40:05,868 - INFO - 重连成功
2025-04-28 22:40:05,910 - WARNING - 错误码：10165，信息：invalid handle
2025-04-28 22:40:06,412 - INFO - 连接关闭
2025-04-28 22:40:07,414 - INFO - 尝试第1次重连...
2025-04-28 22:40:07,591 - INFO - Websocket connected
2025-04-28 22:40:07,592 - INFO - 连接建立
2025-04-28 22:40:09,417 - INFO - 重连成功
2025-04-28 22:40:09,458 - WARNING - 错误码：10165，信息：invalid handle
2025-04-28 22:40:09,959 - INFO - 连接关闭
2025-04-28 22:40:10,971 - INFO - 尝试第1次重连...
2025-04-28 22:40:11,155 - INFO - Websocket connected
2025-04-28 22:40:11,156 - INFO - 连接建立
2025-04-28 22:40:12,977 - INFO - 重连成功
2025-04-28 22:40:13,023 - WARNING - 错误码：10165，信息：invalid handle
2025-04-28 22:40:13,523 - INFO - 连接关闭
2025-04-28 22:40:14,538 - INFO - 尝试第1次重连...
2025-04-28 22:40:14,693 - INFO - Websocket connected
2025-04-28 22:40:14,694 - INFO - 连接建立
2025-04-28 22:40:16,544 - INFO - 重连成功
2025-04-28 22:40:16,582 - WARNING - 错误码：10165，信息：invalid handle
2025-04-28 22:40:17,085 - INFO - 连接关闭
2025-04-28 22:40:18,087 - INFO - 尝试第1次重连...
2025-04-28 22:40:18,256 - INFO - Websocket connected
2025-04-28 22:40:18,258 - INFO - 连接建立
2025-04-28 22:40:20,098 - INFO - 重连成功
2025-04-28 22:40:20,140 - WARNING - 错误码：10165，信息：invalid handle
2025-04-28 22:40:20,640 - INFO - 连接关闭
2025-04-28 22:40:21,641 - INFO - 尝试第1次重连...
2025-04-28 22:40:21,837 - INFO - Websocket connected
2025-04-28 22:40:21,838 - INFO - 连接建立
2025-04-28 22:40:23,648 - INFO - 重连成功
2025-04-28 22:40:23,691 - WARNING - 错误码：10165，信息：invalid handle
2025-04-28 22:40:24,190 - INFO - 连接关闭
2025-04-28 22:40:25,200 - INFO - 尝试第1次重连...
2025-04-28 22:40:25,409 - INFO - Websocket connected
2025-04-28 22:40:25,410 - INFO - 连接建立
2025-04-28 22:40:27,214 - INFO - 重连成功
2025-04-28 22:40:27,230 - WARNING - 检测到连接丢失，尝试恢复...
2025-04-28 22:40:27,262 - WARNING - 错误码：10165，信息：invalid handle
2025-04-28 22:40:27,761 - INFO - 连接关闭
2025-04-28 22:40:28,239 - INFO - 尝试第1次重连...
2025-04-28 22:40:28,406 - INFO - Websocket connected
2025-04-28 22:40:28,408 - INFO - 连接建立
2025-04-28 22:40:28,765 - INFO - 尝试第1次重连...
2025-04-28 22:40:30,251 - INFO - 重连成功
2025-04-28 22:40:30,291 - INFO - 连接关闭
2025-04-28 22:40:30,973 - INFO - Websocket connected
2025-04-28 22:40:30,974 - INFO - 连接建立
2025-04-28 22:40:32,803 - INFO - 重连成功
2025-04-28 22:40:32,848 - WARNING - 错误码：10165，信息：invalid handle
2025-04-28 22:40:33,347 - INFO - 连接关闭
2025-04-28 22:40:34,357 - INFO - 尝试第1次重连...
2025-04-28 22:40:34,527 - INFO - Websocket connected
2025-04-28 22:40:34,528 - INFO - 连接建立
2025-04-28 22:40:36,361 - INFO - 重连成功
2025-04-28 22:40:36,414 - WARNING - 错误码：10165，信息：invalid handle
2025-04-28 22:40:36,917 - INFO - 连接关闭
2025-04-28 22:40:37,920 - INFO - 尝试第1次重连...
2025-04-28 22:40:38,098 - INFO - Websocket connected
2025-04-28 22:40:38,099 - INFO - 连接建立
2025-04-28 22:40:39,926 - INFO - 重连成功
2025-04-28 22:40:39,969 - WARNING - 错误码：10165，信息：invalid handle
2025-04-28 22:40:40,468 - INFO - 连接关闭
2025-04-28 22:40:41,476 - INFO - 尝试第1次重连...
2025-04-28 22:40:41,642 - INFO - Websocket connected
2025-04-28 22:40:41,643 - INFO - 连接建立
2025-04-28 22:40:43,493 - INFO - 重连成功
2025-04-28 22:40:43,531 - WARNING - 错误码：10165，信息：invalid handle
2025-04-28 22:40:44,031 - INFO - 连接关闭
2025-04-28 22:40:45,042 - INFO - 尝试第1次重连...
2025-04-28 22:40:45,206 - INFO - Websocket connected
2025-04-28 22:40:45,207 - INFO - 连接建立
2025-04-28 22:40:47,054 - INFO - 重连成功
2025-04-28 22:40:47,093 - WARNING - 错误码：10165，信息：invalid handle
2025-04-28 22:40:47,594 - INFO - 连接关闭
2025-04-28 22:40:48,595 - INFO - 尝试第1次重连...
2025-04-28 22:40:48,756 - INFO - Websocket connected
2025-04-28 22:40:48,756 - INFO - 连接建立
2025-04-28 22:40:50,600 - INFO - 重连成功
2025-04-28 22:40:50,639 - WARNING - 错误码：10165，信息：invalid handle
2025-04-28 22:40:51,140 - INFO - 连接关闭
2025-04-28 22:40:52,151 - INFO - 尝试第1次重连...
2025-04-28 22:40:52,352 - INFO - Websocket connected
2025-04-28 22:40:52,353 - INFO - 连接建立
2025-04-28 22:40:54,156 - INFO - 重连成功
2025-04-28 22:40:54,198 - WARNING - 错误码：10165，信息：invalid handle
2025-04-28 22:40:54,699 - INFO - 连接关闭
2025-04-28 22:40:55,714 - INFO - 尝试第1次重连...
2025-04-28 22:40:55,885 - INFO - Websocket connected
2025-04-28 22:40:55,886 - INFO - 连接建立
2025-04-28 22:40:57,727 - INFO - 重连成功
2025-04-28 22:40:57,778 - WARNING - 错误码：10165，信息：invalid handle
2025-04-28 22:40:58,278 - INFO - 连接关闭
2025-04-28 22:40:59,286 - INFO - 尝试第1次重连...
2025-04-28 22:40:59,463 - INFO - Websocket connected
2025-04-28 22:40:59,463 - INFO - 连接建立
2025-04-28 22:41:01,299 - INFO - 重连成功
2025-04-28 22:41:01,342 - WARNING - 错误码：10165，信息：invalid handle
2025-04-28 22:41:01,842 - INFO - 连接关闭
2025-04-28 22:41:02,856 - INFO - 尝试第1次重连...
2025-04-28 22:41:03,038 - INFO - Websocket connected
2025-04-28 22:41:03,039 - INFO - 连接建立
2025-04-28 22:41:04,868 - INFO - 重连成功
2025-04-28 22:41:04,917 - WARNING - 错误码：10165，信息：invalid handle
2025-04-28 22:41:05,410 - INFO - 连接关闭
2025-04-28 22:41:06,413 - INFO - 尝试第1次重连...
2025-04-28 22:41:06,576 - INFO - Websocket connected
2025-04-28 22:41:06,577 - INFO - 连接建立
2025-04-28 22:41:08,423 - INFO - 重连成功
2025-04-28 22:41:08,463 - WARNING - 错误码：10165，信息：invalid handle
2025-04-28 22:41:08,964 - INFO - 连接关闭
2025-04-28 22:41:09,968 - INFO - 尝试第1次重连...
2025-04-28 22:41:10,142 - INFO - Websocket connected
2025-04-28 22:41:10,142 - INFO - 连接建立
2025-04-28 22:41:11,983 - INFO - 重连成功
2025-04-28 22:41:12,028 - WARNING - 错误码：10165，信息：invalid handle
2025-04-28 22:41:12,525 - INFO - 连接关闭
2025-04-28 22:41:13,540 - INFO - 尝试第1次重连...
2025-04-28 22:41:13,715 - INFO - Websocket connected
2025-04-28 22:41:13,715 - INFO - 连接建立
2025-04-28 22:41:15,550 - INFO - 重连成功
2025-04-28 22:41:15,597 - WARNING - 错误码：10165，信息：invalid handle
2025-04-28 22:41:16,097 - INFO - 连接关闭
2025-04-28 22:41:17,107 - INFO - 尝试第1次重连...
2025-04-28 22:41:17,272 - INFO - Websocket connected
2025-04-28 22:41:17,272 - INFO - 连接建立
2025-04-28 22:41:19,119 - INFO - 重连成功
2025-04-28 22:41:19,163 - WARNING - 错误码：10165，信息：invalid handle
2025-04-28 22:41:19,661 - INFO - 连接关闭
2025-04-28 22:41:20,677 - INFO - 尝试第1次重连...
2025-04-28 22:41:20,824 - INFO - Websocket connected
2025-04-28 22:41:20,824 - INFO - 连接建立
2025-04-28 22:41:22,682 - INFO - 重连成功
2025-04-28 22:41:22,718 - WARNING - 错误码：10165，信息：invalid handle
2025-04-28 22:41:23,218 - INFO - 连接关闭
2025-04-28 22:41:24,228 - INFO - 尝试第1次重连...
2025-04-28 22:41:24,383 - INFO - Websocket connected
2025-04-28 22:41:24,383 - INFO - 连接建立
2025-04-28 22:41:26,243 - INFO - 重连成功
2025-04-28 22:41:26,280 - WARNING - 错误码：10165，信息：invalid handle
2025-04-28 22:41:26,780 - INFO - 连接关闭
2025-04-28 22:41:27,781 - INFO - 尝试第1次重连...
2025-04-28 22:41:27,939 - INFO - Websocket connected
2025-04-28 22:41:27,940 - INFO - 连接建立
2025-04-28 22:41:29,795 - INFO - 重连成功
2025-04-28 22:41:29,836 - WARNING - 错误码：10165，信息：invalid handle
2025-04-28 22:41:30,335 - INFO - 连接关闭
2025-04-28 22:41:31,340 - INFO - 尝试第1次重连...
2025-04-28 22:41:31,501 - INFO - Websocket connected
2025-04-28 22:41:31,501 - INFO - 连接建立
2025-04-28 22:41:33,348 - INFO - 重连成功
2025-04-28 22:41:33,390 - WARNING - 错误码：10165，信息：invalid handle
2025-04-28 22:41:33,891 - INFO - 连接关闭
2025-04-28 22:41:34,904 - INFO - 尝试第1次重连...
2025-04-28 22:41:35,050 - INFO - Websocket connected
2025-04-28 22:41:35,050 - INFO - 连接建立
2025-04-28 22:41:36,916 - INFO - 重连成功
2025-04-28 22:41:36,955 - WARNING - 错误码：10165，信息：invalid handle
2025-04-28 22:41:37,453 - INFO - 连接关闭
2025-04-28 22:41:38,465 - INFO - 尝试第1次重连...
2025-04-28 22:41:38,623 - INFO - Websocket connected
2025-04-28 22:41:38,624 - INFO - 连接建立
2025-04-28 22:41:40,468 - INFO - 重连成功
2025-04-28 22:41:40,503 - WARNING - 错误码：10165，信息：invalid handle
2025-04-28 22:41:41,005 - INFO - 连接关闭
2025-04-28 22:41:42,017 - INFO - 尝试第1次重连...
2025-04-28 22:41:42,178 - INFO - Websocket connected
2025-04-28 22:41:42,179 - INFO - 连接建立
2025-04-28 22:41:44,030 - INFO - 重连成功
2025-04-28 22:41:44,066 - WARNING - 错误码：10165，信息：invalid handle
2025-04-28 22:41:44,565 - INFO - 连接关闭
2025-04-28 22:41:45,569 - INFO - 尝试第1次重连...
2025-04-28 22:41:45,746 - INFO - Websocket connected
2025-04-28 22:41:45,746 - INFO - 连接建立
2025-04-28 22:41:47,585 - INFO - 重连成功
2025-04-28 22:41:47,628 - WARNING - 错误码：10165，信息：invalid handle
2025-04-28 22:41:48,123 - INFO - 连接关闭
2025-04-28 22:41:49,136 - INFO - 尝试第1次重连...
2025-04-28 22:41:49,279 - INFO - Websocket connected
2025-04-28 22:41:49,279 - INFO - 连接建立
2025-04-28 22:41:51,148 - INFO - 重连成功
2025-04-28 22:41:51,183 - WARNING - 错误码：10165，信息：invalid handle
2025-04-28 22:41:51,682 - INFO - 连接关闭
2025-04-28 22:41:52,694 - INFO - 尝试第1次重连...
2025-04-28 22:41:52,861 - INFO - Websocket connected
2025-04-28 22:41:52,861 - INFO - 连接建立
2025-04-28 22:41:54,705 - INFO - 重连成功
2025-04-28 22:41:54,746 - WARNING - 错误码：10165，信息：invalid handle
2025-04-28 22:41:55,249 - INFO - 连接关闭
2025-04-28 22:41:56,250 - INFO - 尝试第1次重连...
2025-04-28 22:41:56,409 - INFO - Websocket connected
2025-04-28 22:41:56,409 - INFO - 连接建立
2025-04-28 22:41:58,260 - INFO - 重连成功
2025-04-28 22:41:58,297 - WARNING - 错误码：10165，信息：invalid handle
2025-04-28 22:41:58,797 - INFO - 连接关闭
2025-04-28 22:41:59,800 - INFO - 尝试第1次重连...
2025-04-28 22:41:59,961 - INFO - Websocket connected
2025-04-28 22:41:59,962 - INFO - 连接建立
2025-04-28 22:42:01,802 - INFO - 重连成功
2025-04-28 22:42:01,855 - WARNING - 错误码：10165，信息：invalid handle
2025-04-28 22:42:02,355 - INFO - 连接关闭
2025-04-28 22:42:03,370 - INFO - 尝试第1次重连...
2025-04-28 22:42:03,538 - INFO - Websocket connected
2025-04-28 22:42:03,539 - INFO - 连接建立
2025-04-28 22:42:05,378 - INFO - 重连成功
2025-04-28 22:42:05,422 - WARNING - 错误码：10165，信息：invalid handle
2025-04-28 22:42:05,920 - INFO - 连接关闭
2025-04-28 22:42:06,936 - INFO - 尝试第1次重连...
2025-04-28 22:42:07,104 - INFO - Websocket connected
2025-04-28 22:42:07,105 - INFO - 连接建立
2025-04-28 22:42:08,945 - INFO - 重连成功
2025-04-28 22:42:08,982 - WARNING - 错误码：10165，信息：invalid handle
2025-04-28 22:42:09,482 - INFO - 连接关闭
2025-04-28 22:42:10,484 - INFO - 尝试第1次重连...
2025-04-28 22:42:10,643 - INFO - Websocket connected
2025-04-28 22:42:10,644 - INFO - 连接建立
2025-04-28 22:42:12,492 - INFO - 重连成功
2025-04-28 22:42:12,529 - WARNING - 错误码：10165，信息：invalid handle
2025-04-28 22:42:13,030 - INFO - 连接关闭
2025-04-28 22:42:14,046 - INFO - 尝试第1次重连...
2025-04-28 22:42:14,191 - INFO - Websocket connected
2025-04-28 22:42:14,192 - INFO - 连接建立
2025-04-28 22:42:16,057 - INFO - 重连成功
2025-04-28 22:42:16,090 - WARNING - 错误码：10165，信息：invalid handle
2025-04-28 22:42:16,591 - INFO - 连接关闭
2025-04-28 22:42:17,594 - INFO - 尝试第1次重连...
2025-04-28 22:42:17,756 - INFO - Websocket connected
2025-04-28 22:42:17,757 - INFO - 连接建立
2025-04-28 22:42:19,609 - INFO - 重连成功
2025-04-28 22:42:19,651 - WARNING - 错误码：10165，信息：invalid handle
2025-04-28 22:42:20,146 - INFO - 连接关闭
2025-04-28 22:42:21,155 - INFO - 尝试第1次重连...
2025-04-28 22:42:21,315 - INFO - Websocket connected
2025-04-28 22:42:21,315 - INFO - 连接建立
2025-04-28 22:42:23,165 - INFO - 重连成功
2025-04-28 22:42:23,298 - WARNING - 错误码：10165，信息：invalid handle
2025-04-28 22:42:23,769 - INFO - 连接关闭
2025-04-28 22:42:24,770 - INFO - 尝试第1次重连...
2025-04-28 22:42:24,925 - INFO - Websocket connected
2025-04-28 22:42:24,925 - INFO - 连接建立
2025-04-28 22:42:26,781 - INFO - 重连成功
2025-04-28 22:42:26,818 - WARNING - 错误码：10165，信息：invalid handle
2025-04-28 22:42:27,325 - INFO - 连接关闭
2025-04-28 22:42:28,327 - INFO - 尝试第1次重连...
2025-04-28 22:42:28,507 - INFO - Websocket connected
2025-04-28 22:42:28,507 - INFO - 连接建立
2025-04-28 22:42:30,333 - INFO - 重连成功
2025-04-28 22:42:30,374 - WARNING - 错误码：10165，信息：invalid handle
2025-04-28 22:42:30,874 - INFO - 连接关闭
2025-04-28 22:42:31,881 - INFO - 尝试第1次重连...
2025-04-28 22:42:32,030 - INFO - Websocket connected
2025-04-28 22:42:32,030 - INFO - 连接建立
2025-04-28 22:42:33,893 - INFO - 重连成功
2025-04-28 22:42:33,935 - WARNING - 错误码：10165，信息：invalid handle
2025-04-28 22:42:34,465 - INFO - 连接关闭
2025-04-28 22:42:35,470 - INFO - 尝试第1次重连...
2025-04-28 22:42:35,627 - INFO - Websocket connected
2025-04-28 22:42:35,628 - INFO - 连接建立
2025-04-28 22:42:37,474 - INFO - 重连成功
2025-04-28 22:42:37,510 - WARNING - 错误码：10165，信息：invalid handle
2025-04-28 22:42:38,010 - INFO - 连接关闭
2025-04-28 22:42:39,012 - INFO - 尝试第1次重连...
2025-04-28 22:42:39,159 - INFO - Websocket connected
2025-04-28 22:42:39,160 - INFO - 连接建立
2025-04-28 22:42:41,028 - INFO - 重连成功
2025-04-28 22:42:41,064 - WARNING - 错误码：10165，信息：invalid handle
2025-04-28 22:42:41,565 - INFO - 连接关闭
2025-04-28 22:42:42,578 - INFO - 尝试第1次重连...
2025-04-28 22:42:42,744 - INFO - Websocket connected
2025-04-28 22:42:42,745 - INFO - 连接建立
2025-04-28 22:42:44,586 - INFO - 重连成功
2025-04-28 22:42:44,628 - WARNING - 错误码：10165，信息：invalid handle
2025-04-28 22:42:45,127 - INFO - 连接关闭
2025-04-28 22:42:46,140 - INFO - 尝试第1次重连...
2025-04-28 22:42:46,316 - INFO - Websocket connected
2025-04-28 22:42:46,318 - INFO - 连接建立
2025-04-28 22:42:48,148 - INFO - 重连成功
2025-04-28 22:42:48,190 - WARNING - 错误码：10165，信息：invalid handle
2025-04-28 22:42:48,688 - INFO - 连接关闭
2025-04-28 22:42:49,691 - INFO - 尝试第1次重连...
2025-04-28 22:42:49,854 - INFO - Websocket connected
2025-04-28 22:42:49,854 - INFO - 连接建立
2025-04-28 22:42:51,706 - INFO - 重连成功
2025-04-28 22:42:51,742 - WARNING - 错误码：10165，信息：invalid handle
2025-04-28 22:42:52,242 - INFO - 连接关闭
2025-04-28 22:42:53,253 - INFO - 尝试第1次重连...
2025-04-28 22:42:53,426 - INFO - Websocket connected
2025-04-28 22:42:53,427 - INFO - 连接建立
2025-04-28 22:42:55,265 - INFO - 重连成功
2025-04-28 22:42:55,305 - WARNING - 错误码：10165，信息：invalid handle
2025-04-28 22:42:55,884 - INFO - 连接关闭
2025-04-28 22:42:56,898 - INFO - 尝试第1次重连...
2025-04-28 22:42:57,045 - INFO - Websocket connected
2025-04-28 22:42:57,046 - INFO - 连接建立
2025-04-28 22:42:58,908 - INFO - 重连成功
2025-04-28 22:42:58,945 - WARNING - 错误码：10165，信息：invalid handle
2025-04-28 22:42:59,444 - INFO - 连接关闭
2025-04-28 22:43:00,458 - INFO - 尝试第1次重连...
2025-04-28 22:43:00,607 - INFO - Websocket connected
2025-04-28 22:43:00,608 - INFO - 连接建立
2025-04-28 22:43:02,474 - INFO - 重连成功
2025-04-28 22:43:02,510 - WARNING - 错误码：10165，信息：invalid handle
2025-04-28 22:43:03,009 - INFO - 连接关闭
2025-04-28 22:43:04,024 - INFO - 尝试第1次重连...
2025-04-28 22:43:04,201 - INFO - Websocket connected
2025-04-28 22:43:04,202 - INFO - 连接建立
2025-04-28 22:43:06,038 - INFO - 重连成功
2025-04-28 22:43:06,077 - WARNING - 错误码：10165，信息：invalid handle
2025-04-28 22:43:06,581 - INFO - 连接关闭
2025-04-28 22:43:07,594 - INFO - 尝试第1次重连...
2025-04-28 22:43:07,773 - INFO - Websocket connected
2025-04-28 22:43:07,773 - INFO - 连接建立
2025-04-28 22:43:09,605 - INFO - 重连成功
2025-04-28 22:43:09,646 - WARNING - 错误码：10165，信息：invalid handle
2025-04-28 22:43:10,145 - INFO - 连接关闭
2025-04-28 22:43:11,161 - INFO - 尝试第1次重连...
2025-04-28 22:43:11,348 - INFO - Websocket connected
2025-04-28 22:43:11,349 - INFO - 连接建立
2025-04-28 22:43:13,174 - INFO - 重连成功
2025-04-28 22:43:13,212 - WARNING - 错误码：10165，信息：invalid handle
2025-04-28 22:43:13,712 - INFO - 连接关闭
2025-04-28 22:43:14,726 - INFO - 尝试第1次重连...
2025-04-28 22:43:14,888 - INFO - Websocket connected
2025-04-28 22:43:14,889 - INFO - 连接建立
2025-04-28 22:43:16,741 - INFO - 重连成功
2025-04-28 22:43:16,779 - WARNING - 错误码：10165，信息：invalid handle
2025-04-28 22:43:17,279 - INFO - 连接关闭
2025-04-28 22:43:18,284 - INFO - 尝试第1次重连...
2025-04-28 22:43:18,435 - INFO - Websocket connected
2025-04-28 22:43:18,436 - INFO - 连接建立
2025-04-28 22:43:20,292 - INFO - 重连成功
2025-04-28 22:43:20,328 - WARNING - 错误码：10165，信息：invalid handle
2025-04-28 22:43:20,827 - INFO - 连接关闭
2025-04-28 22:43:21,830 - INFO - 尝试第1次重连...
2025-04-28 22:43:21,999 - INFO - Websocket connected
2025-04-28 22:43:21,999 - INFO - 连接建立
2025-04-28 22:43:23,836 - INFO - 重连成功
2025-04-28 22:43:23,878 - WARNING - 错误码：10165，信息：invalid handle
2025-04-28 22:43:24,376 - INFO - 连接关闭
2025-04-28 22:43:25,384 - INFO - 尝试第1次重连...
2025-04-28 22:43:25,584 - INFO - Websocket connected
2025-04-28 22:43:25,584 - INFO - 连接建立
2025-04-28 22:43:27,397 - INFO - 重连成功
2025-04-28 22:43:27,438 - WARNING - 错误码：10165，信息：invalid handle
2025-04-28 22:43:27,940 - INFO - 连接关闭
2025-04-28 22:43:28,941 - INFO - 尝试第1次重连...
2025-04-28 22:43:29,113 - INFO - Websocket connected
2025-04-28 22:43:29,114 - INFO - 连接建立
2025-04-28 22:43:30,951 - INFO - 重连成功
2025-04-28 22:43:30,992 - WARNING - 错误码：10165，信息：invalid handle
2025-04-28 22:43:31,491 - INFO - 连接关闭
2025-04-28 22:43:32,495 - INFO - 尝试第1次重连...
2025-04-28 22:43:32,660 - INFO - Websocket connected
2025-04-28 22:43:32,661 - INFO - 连接建立
2025-04-28 22:43:34,498 - INFO - 重连成功
2025-04-28 22:43:34,545 - WARNING - 错误码：10165，信息：invalid handle
2025-04-28 22:43:35,044 - INFO - 连接关闭
2025-04-28 22:43:36,060 - INFO - 尝试第1次重连...
2025-04-28 22:43:36,189 - INFO - Websocket connected
2025-04-28 22:43:36,190 - INFO - 连接建立
2025-04-28 22:43:38,072 - INFO - 重连成功
2025-04-28 22:43:38,104 - WARNING - 错误码：10165，信息：invalid handle
2025-04-28 22:43:38,605 - INFO - 连接关闭
2025-04-28 22:43:39,613 - INFO - 尝试第1次重连...
2025-04-28 22:43:39,767 - INFO - Websocket connected
2025-04-28 22:43:39,767 - INFO - 连接建立
2025-04-28 22:43:41,624 - INFO - 重连成功
2025-04-28 22:43:41,662 - WARNING - 错误码：10165，信息：invalid handle
2025-04-28 22:43:42,166 - INFO - 连接关闭
2025-04-28 22:43:43,179 - INFO - 尝试第1次重连...
2025-04-28 22:43:43,334 - INFO - Websocket connected
2025-04-28 22:43:43,335 - INFO - 连接建立
2025-04-28 22:43:45,192 - INFO - 重连成功
2025-04-28 22:43:45,229 - WARNING - 错误码：10165，信息：invalid handle
2025-04-28 22:43:45,731 - INFO - 连接关闭
2025-04-28 22:43:46,737 - INFO - 尝试第1次重连...
2025-04-28 22:43:46,898 - INFO - Websocket connected
2025-04-28 22:43:46,899 - INFO - 连接建立
2025-04-28 22:43:48,742 - INFO - 重连成功
2025-04-28 22:43:48,780 - WARNING - 错误码：10165，信息：invalid handle
2025-04-28 22:43:49,283 - INFO - 连接关闭
2025-04-28 22:43:50,298 - INFO - 尝试第1次重连...
2025-04-28 22:43:50,468 - INFO - Websocket connected
2025-04-28 22:43:50,469 - INFO - 连接建立
2025-04-28 22:43:52,303 - INFO - 重连成功
2025-04-28 22:43:52,344 - WARNING - 错误码：10165，信息：invalid handle
2025-04-28 22:43:52,841 - INFO - 连接关闭
2025-04-28 22:43:53,843 - INFO - 尝试第1次重连...
2025-04-28 22:43:53,996 - INFO - Websocket connected
2025-04-28 22:43:53,998 - INFO - 连接建立
2025-04-28 22:43:55,852 - INFO - 重连成功
2025-04-28 22:43:55,889 - WARNING - 错误码：10165，信息：invalid handle
2025-04-28 22:43:56,389 - INFO - 连接关闭
2025-04-28 22:43:57,391 - INFO - 尝试第1次重连...
2025-04-28 22:43:57,561 - INFO - Websocket connected
2025-04-28 22:43:57,561 - INFO - 连接建立
2025-04-28 22:43:59,395 - INFO - 重连成功
2025-04-28 22:43:59,434 - WARNING - 错误码：10165，信息：invalid handle
2025-04-28 22:43:59,935 - INFO - 连接关闭
2025-04-28 22:44:00,946 - INFO - 尝试第1次重连...
2025-04-28 22:44:01,113 - INFO - Websocket connected
2025-04-28 22:44:01,114 - INFO - 连接建立
2025-04-28 22:44:02,954 - INFO - 重连成功
2025-04-28 22:44:02,994 - WARNING - 错误码：10165，信息：invalid handle
2025-04-28 22:44:03,493 - INFO - 连接关闭
2025-04-28 22:44:04,500 - INFO - 尝试第1次重连...
2025-04-28 22:44:04,674 - INFO - Websocket connected
2025-04-28 22:44:04,676 - INFO - 连接建立
2025-04-28 22:44:06,512 - INFO - 重连成功
2025-04-28 22:44:06,553 - WARNING - 错误码：10165，信息：invalid handle
2025-04-28 22:44:07,053 - INFO - 连接关闭
2025-04-28 22:44:08,060 - INFO - 尝试第1次重连...
2025-04-28 22:44:08,211 - INFO - Websocket connected
2025-04-28 22:44:08,211 - INFO - 连接建立
2025-04-28 22:44:10,066 - INFO - 重连成功
2025-04-28 22:44:10,103 - WARNING - 错误码：10165，信息：invalid handle
2025-04-28 22:44:10,602 - INFO - 连接关闭
2025-04-28 22:44:11,611 - INFO - 尝试第1次重连...
2025-04-28 22:44:11,780 - INFO - Websocket connected
2025-04-28 22:44:11,781 - INFO - 连接建立
2025-04-28 22:44:13,618 - INFO - 重连成功
2025-04-28 22:44:13,657 - WARNING - 错误码：10165，信息：invalid handle
2025-04-28 22:44:14,158 - INFO - 连接关闭
2025-04-28 22:44:15,173 - INFO - 尝试第1次重连...
2025-04-28 22:44:15,322 - INFO - Websocket connected
2025-04-28 22:44:15,322 - INFO - 连接建立
2025-04-28 22:44:17,178 - INFO - 重连成功
2025-04-28 22:44:17,215 - WARNING - 错误码：10165，信息：invalid handle
2025-04-28 22:44:17,716 - INFO - 连接关闭
2025-04-28 22:44:18,730 - INFO - 尝试第1次重连...
2025-04-28 22:44:18,902 - INFO - Websocket connected
2025-04-28 22:44:18,903 - INFO - 连接建立
2025-04-28 22:44:20,738 - INFO - 重连成功
2025-04-28 22:44:20,778 - WARNING - 错误码：10165，信息：invalid handle
2025-04-28 22:44:21,280 - INFO - 连接关闭
2025-04-28 22:44:22,292 - INFO - 尝试第1次重连...
2025-04-28 22:44:22,451 - INFO - Websocket connected
2025-04-28 22:44:22,452 - INFO - 连接建立
2025-04-28 22:44:24,304 - INFO - 重连成功
2025-04-28 22:44:24,343 - WARNING - 错误码：10165，信息：invalid handle
2025-04-28 22:44:24,842 - INFO - 连接关闭
2025-04-28 22:44:25,855 - INFO - 尝试第1次重连...
2025-04-28 22:44:26,035 - INFO - Websocket connected
2025-04-28 22:44:26,035 - INFO - 连接建立
2025-04-28 22:44:27,859 - INFO - 重连成功
2025-04-28 22:44:27,902 - WARNING - 错误码：10165，信息：invalid handle
2025-04-28 22:44:28,405 - INFO - 连接关闭
2025-04-28 22:44:29,413 - INFO - 尝试第1次重连...
2025-04-28 22:44:29,593 - INFO - Websocket connected
2025-04-28 22:44:29,594 - INFO - 连接建立
2025-04-28 22:44:31,424 - INFO - 重连成功
2025-04-28 22:44:31,467 - WARNING - 错误码：10165，信息：invalid handle
2025-04-28 22:44:31,966 - INFO - 连接关闭
2025-04-28 22:44:32,969 - INFO - 尝试第1次重连...
2025-04-28 22:44:33,165 - INFO - Websocket connected
2025-04-28 22:44:33,166 - INFO - 连接建立
2025-04-28 22:44:34,975 - INFO - 重连成功
2025-04-28 22:44:35,019 - WARNING - 错误码：10165，信息：invalid handle
2025-04-28 22:44:35,519 - INFO - 连接关闭
2025-04-28 22:44:36,528 - INFO - 尝试第1次重连...
2025-04-28 22:44:36,703 - INFO - Websocket connected
2025-04-28 22:44:36,709 - INFO - 连接建立
2025-04-28 22:44:38,532 - INFO - 重连成功
2025-04-28 22:44:38,567 - WARNING - 错误码：10165，信息：invalid handle
2025-04-28 22:44:39,071 - INFO - 连接关闭
2025-04-28 22:44:40,081 - INFO - 尝试第1次重连...
2025-04-28 22:44:40,235 - INFO - Websocket connected
2025-04-28 22:44:40,235 - INFO - 连接建立
2025-04-28 22:44:42,090 - INFO - 重连成功
2025-04-28 22:44:42,121 - WARNING - 错误码：10165，信息：invalid handle
2025-04-28 22:44:42,620 - INFO - 连接关闭
2025-04-28 22:44:43,639 - INFO - 尝试第1次重连...
2025-04-28 22:44:43,795 - INFO - Websocket connected
2025-04-28 22:44:43,795 - INFO - 连接建立
2025-04-28 22:44:45,644 - INFO - 重连成功
2025-04-28 22:44:45,685 - WARNING - 错误码：10165，信息：invalid handle
2025-04-28 22:44:46,182 - INFO - 连接关闭
2025-04-28 22:44:47,186 - INFO - 尝试第1次重连...
2025-04-28 22:44:47,351 - INFO - Websocket connected
2025-04-28 22:44:47,351 - INFO - 连接建立
2025-04-28 22:44:49,189 - INFO - 重连成功
2025-04-28 22:44:49,220 - WARNING - 错误码：10165，信息：invalid handle
2025-04-28 22:44:49,730 - INFO - 连接关闭
2025-04-28 22:44:50,735 - INFO - 尝试第1次重连...
2025-04-28 22:44:50,901 - INFO - Websocket connected
2025-04-28 22:44:50,901 - INFO - 连接建立
2025-04-28 22:44:52,738 - INFO - 重连成功
2025-04-28 22:44:52,782 - WARNING - 错误码：10165，信息：invalid handle
2025-04-28 22:44:53,282 - INFO - 连接关闭
2025-04-28 22:44:54,289 - INFO - 尝试第1次重连...
2025-04-28 22:44:54,452 - INFO - Websocket connected
2025-04-28 22:44:54,462 - INFO - 连接建立
2025-04-28 22:44:56,291 - INFO - 重连成功
2025-04-28 22:44:56,331 - WARNING - 错误码：10165，信息：invalid handle
2025-04-28 22:44:56,831 - INFO - 连接关闭
2025-04-28 22:44:57,850 - INFO - 尝试第1次重连...
2025-04-28 22:44:58,031 - INFO - Websocket connected
2025-04-28 22:44:58,031 - INFO - 连接建立
2025-04-28 22:44:59,860 - INFO - 重连成功
2025-04-28 22:44:59,901 - WARNING - 错误码：10165，信息：invalid handle
2025-04-28 22:45:00,432 - INFO - 连接关闭
2025-04-28 22:45:01,436 - INFO - 尝试第1次重连...
2025-04-28 22:45:01,909 - INFO - Websocket connected
2025-04-28 22:45:01,909 - INFO - 连接建立
2025-04-28 22:45:03,444 - INFO - 重连成功
2025-04-28 22:45:03,523 - WARNING - 错误码：10165，信息：invalid handle
2025-04-28 22:45:04,022 - INFO - 连接关闭
2025-04-28 22:45:05,031 - INFO - 尝试第1次重连...
2025-04-28 22:45:05,197 - INFO - Websocket connected
2025-04-28 22:45:05,197 - INFO - 连接建立
2025-04-28 22:45:07,037 - INFO - 重连成功
2025-04-28 22:45:07,078 - WARNING - 错误码：10165，信息：invalid handle
2025-04-28 22:45:07,572 - INFO - 连接关闭
2025-04-28 22:45:08,592 - INFO - 尝试第1次重连...
2025-04-28 22:45:08,762 - INFO - Websocket connected
2025-04-28 22:45:08,762 - INFO - 连接建立
2025-04-28 22:45:10,600 - INFO - 重连成功
2025-04-28 22:45:10,642 - WARNING - 错误码：10165，信息：invalid handle
2025-04-28 22:45:11,144 - INFO - 连接关闭
2025-04-28 22:45:12,150 - INFO - 尝试第1次重连...
2025-04-28 22:45:12,322 - INFO - Websocket connected
2025-04-28 22:45:12,322 - INFO - 连接建立
2025-04-28 22:45:14,161 - INFO - 重连成功
2025-04-28 22:45:14,210 - WARNING - 错误码：10165，信息：invalid handle
2025-04-28 22:45:14,700 - INFO - 连接关闭
2025-04-28 22:45:15,703 - INFO - 尝试第1次重连...
2025-04-28 22:45:15,863 - INFO - Websocket connected
2025-04-28 22:45:15,872 - INFO - 连接建立
2025-04-28 22:45:17,711 - INFO - 重连成功
2025-04-28 22:45:17,732 - WARNING - 错误码：10165，信息：invalid handle
2025-04-28 22:45:18,252 - INFO - 连接关闭
2025-04-28 22:45:19,259 - INFO - 尝试第1次重连...
2025-04-28 22:45:19,424 - INFO - Websocket connected
2025-04-28 22:45:19,424 - INFO - 连接建立
2025-04-28 22:45:21,269 - INFO - 重连成功
2025-04-28 22:45:21,311 - WARNING - 错误码：10165，信息：invalid handle
2025-04-28 22:45:21,804 - INFO - 连接关闭
2025-04-28 22:45:22,814 - INFO - 尝试第1次重连...
2025-04-28 22:45:22,971 - INFO - Websocket connected
2025-04-28 22:45:22,972 - INFO - 连接建立
2025-04-28 22:45:24,825 - INFO - 重连成功
2025-04-28 22:45:24,858 - WARNING - 错误码：10165，信息：invalid handle
2025-04-28 22:45:25,361 - INFO - 连接关闭
2025-04-28 22:45:26,370 - INFO - 尝试第1次重连...
2025-04-28 22:45:26,515 - INFO - Websocket connected
2025-04-28 22:45:26,515 - INFO - 连接建立
2025-04-28 22:45:28,376 - INFO - 重连成功
2025-04-28 22:45:28,412 - WARNING - 错误码：10165，信息：invalid handle
2025-04-28 22:45:28,912 - INFO - 连接关闭
2025-04-28 22:45:29,915 - INFO - 尝试第1次重连...
2025-04-28 22:45:30,071 - INFO - Websocket connected
2025-04-28 22:45:30,071 - INFO - 连接建立
2025-04-28 22:45:31,921 - INFO - 重连成功
2025-04-28 22:45:31,951 - WARNING - 错误码：10165，信息：invalid handle
2025-04-28 22:45:32,457 - INFO - 连接关闭
2025-04-28 22:45:33,462 - INFO - 尝试第1次重连...
2025-04-28 22:45:33,612 - INFO - Websocket connected
2025-04-28 22:45:33,612 - INFO - 连接建立
2025-04-28 22:45:35,472 - INFO - 重连成功
2025-04-28 22:45:35,516 - WARNING - 错误码：10165，信息：invalid handle
2025-04-28 22:45:36,011 - INFO - 连接关闭
2025-04-28 22:45:37,020 - INFO - 尝试第1次重连...
2025-04-28 22:45:37,187 - INFO - Websocket connected
2025-04-28 22:45:37,187 - INFO - 连接建立
2025-04-28 22:45:39,029 - INFO - 重连成功
2025-04-28 22:45:39,069 - WARNING - 错误码：10165，信息：invalid handle
2025-04-28 22:45:39,569 - INFO - 连接关闭
2025-04-28 22:45:40,579 - INFO - 尝试第1次重连...
2025-04-28 22:45:40,729 - INFO - Websocket connected
2025-04-28 22:45:40,729 - INFO - 连接建立
2025-04-28 22:45:42,583 - INFO - 重连成功
2025-04-28 22:45:42,616 - WARNING - 错误码：10165，信息：invalid handle
2025-04-28 22:45:43,112 - INFO - 连接关闭
2025-04-28 22:45:44,133 - INFO - 尝试第1次重连...
2025-04-28 22:45:44,301 - INFO - Websocket connected
2025-04-28 22:45:44,301 - INFO - 连接建立
2025-04-28 22:45:46,141 - INFO - 重连成功
2025-04-28 22:45:46,172 - WARNING - 错误码：10165，信息：invalid handle
2025-04-28 22:45:46,676 - INFO - 连接关闭
2025-04-28 22:45:47,685 - INFO - 尝试第1次重连...
2025-04-28 22:45:47,851 - INFO - Websocket connected
2025-04-28 22:45:47,851 - INFO - 连接建立
2025-04-28 22:45:49,691 - INFO - 重连成功
2025-04-28 22:45:49,721 - WARNING - 错误码：10165，信息：invalid handle
2025-04-28 22:45:50,229 - INFO - 连接关闭
2025-04-28 22:45:51,233 - INFO - 尝试第1次重连...
2025-04-28 22:45:51,381 - INFO - Websocket connected
2025-04-28 22:45:51,382 - INFO - 连接建立
2025-04-28 22:45:53,244 - INFO - 重连成功
2025-04-28 22:45:53,276 - WARNING - 错误码：10165，信息：invalid handle
2025-04-28 22:45:53,782 - INFO - 连接关闭
2025-04-28 22:45:54,791 - INFO - 尝试第1次重连...
2025-04-28 22:45:54,946 - INFO - Websocket connected
2025-04-28 22:45:54,946 - INFO - 连接建立
2025-04-28 22:45:56,795 - INFO - 重连成功
2025-04-28 22:45:56,832 - WARNING - 错误码：10165，信息：invalid handle
2025-04-28 22:45:57,334 - INFO - 连接关闭
2025-04-28 22:45:58,344 - INFO - 尝试第1次重连...
2025-04-28 22:45:58,489 - INFO - Websocket connected
2025-04-28 22:45:58,492 - INFO - 连接建立
2025-04-28 22:46:00,355 - INFO - 重连成功
2025-04-28 22:46:00,386 - WARNING - 错误码：10165，信息：invalid handle
2025-04-28 22:46:00,892 - INFO - 连接关闭
2025-04-28 22:46:01,899 - INFO - 尝试第1次重连...
2025-04-28 22:46:02,071 - INFO - Websocket connected
2025-04-28 22:46:02,071 - INFO - 连接建立
2025-04-28 22:46:03,901 - INFO - 重连成功
2025-04-28 22:46:03,940 - WARNING - 错误码：10165，信息：invalid handle
2025-04-28 22:46:04,438 - INFO - 连接关闭
2025-04-28 22:46:05,441 - INFO - 尝试第1次重连...
2025-04-28 22:46:05,632 - INFO - Websocket connected
2025-04-28 22:46:05,632 - INFO - 连接建立
2025-04-28 22:46:07,453 - INFO - 重连成功
2025-04-28 22:46:07,488 - WARNING - 错误码：10165，信息：invalid handle
2025-04-28 22:46:07,989 - INFO - 连接关闭
2025-04-28 22:46:09,000 - INFO - 尝试第1次重连...
2025-04-28 22:46:09,160 - INFO - Websocket connected
2025-04-28 22:46:09,160 - INFO - 连接建立
2025-04-28 22:46:11,002 - INFO - 重连成功
2025-04-28 22:46:11,032 - WARNING - 错误码：10165，信息：invalid handle
2025-04-28 22:46:11,541 - INFO - 连接关闭
2025-04-28 22:46:12,558 - INFO - 尝试第1次重连...
2025-04-28 22:46:12,710 - INFO - Websocket connected
2025-04-28 22:46:12,710 - INFO - 连接建立
2025-04-28 22:46:14,566 - INFO - 重连成功
2025-04-28 22:46:14,608 - WARNING - 错误码：10165，信息：invalid handle
2025-04-28 22:46:15,101 - INFO - 连接关闭
2025-04-28 22:46:16,112 - INFO - 尝试第1次重连...
2025-04-28 22:46:16,271 - INFO - Websocket connected
2025-04-28 22:46:16,271 - INFO - 连接建立
2025-04-28 22:46:18,115 - INFO - 重连成功
2025-04-28 22:46:18,157 - WARNING - 错误码：10165，信息：invalid handle
2025-04-28 22:46:18,659 - INFO - 连接关闭
2025-04-28 22:46:19,668 - INFO - 尝试第1次重连...
2025-04-28 22:46:19,844 - INFO - Websocket connected
2025-04-28 22:46:19,844 - INFO - 连接建立
2025-04-28 22:46:21,669 - INFO - 重连成功
2025-04-28 22:46:21,711 - WARNING - 错误码：10165，信息：invalid handle
2025-04-28 22:46:22,206 - INFO - 连接关闭
2025-04-28 22:46:23,226 - INFO - 尝试第1次重连...
2025-04-28 22:46:23,362 - INFO - Websocket connected
2025-04-28 22:46:23,362 - INFO - 连接建立
2025-04-28 22:46:25,232 - INFO - 重连成功
2025-04-28 22:46:25,262 - WARNING - 错误码：10165，信息：invalid handle
2025-04-28 22:46:25,766 - INFO - 连接关闭
2025-04-28 22:46:26,776 - INFO - 尝试第1次重连...
2025-04-28 22:46:26,931 - INFO - Websocket connected
2025-04-28 22:46:26,931 - INFO - 连接建立
2025-04-28 22:46:28,791 - INFO - 重连成功
2025-04-28 22:46:28,830 - WARNING - 错误码：10165，信息：invalid handle
2025-04-28 22:46:29,329 - INFO - 连接关闭
2025-04-28 22:46:30,337 - INFO - 尝试第1次重连...
2025-04-28 22:46:30,489 - INFO - Websocket connected
2025-04-28 22:46:30,489 - INFO - 连接建立
2025-04-28 22:46:32,342 - INFO - 重连成功
2025-04-28 22:46:32,382 - WARNING - 错误码：10165，信息：invalid handle
2025-04-28 22:46:32,883 - INFO - 连接关闭
2025-04-28 22:46:33,890 - INFO - 尝试第1次重连...
2025-04-28 22:46:34,032 - INFO - Websocket connected
2025-04-28 22:46:34,032 - INFO - 连接建立
2025-04-28 22:46:35,896 - INFO - 重连成功
2025-04-28 22:46:35,931 - WARNING - 错误码：10165，信息：invalid handle
2025-04-28 22:46:36,429 - INFO - 连接关闭
2025-04-28 22:46:37,441 - INFO - 尝试第1次重连...
2025-04-28 22:46:37,631 - INFO - Websocket connected
2025-04-28 22:46:37,631 - INFO - 连接建立
2025-04-28 22:46:39,457 - INFO - 重连成功
2025-04-28 22:46:39,499 - WARNING - 错误码：10165，信息：invalid handle
2025-04-28 22:46:39,982 - INFO - 连接关闭
2025-04-28 22:46:41,010 - INFO - 尝试第1次重连...
2025-04-28 22:46:41,161 - INFO - Websocket connected
2025-04-28 22:46:41,161 - INFO - 连接建立
2025-04-28 22:46:43,012 - INFO - 重连成功
2025-04-28 22:46:43,051 - WARNING - 错误码：10165，信息：invalid handle
2025-04-28 22:46:43,550 - INFO - 连接关闭
2025-04-28 22:46:44,561 - INFO - 尝试第1次重连...
2025-04-28 22:46:44,702 - INFO - Websocket connected
2025-04-28 22:46:44,706 - INFO - 连接建立
2025-04-28 22:46:46,573 - INFO - 重连成功
2025-04-28 22:46:46,608 - WARNING - 错误码：10165，信息：invalid handle
2025-04-28 22:46:47,107 - INFO - 连接关闭
2025-04-28 22:46:48,121 - INFO - 尝试第1次重连...
2025-04-28 22:46:48,261 - INFO - Websocket connected
2025-04-28 22:46:48,261 - INFO - 连接建立
2025-04-28 22:46:50,131 - INFO - 重连成功
2025-04-28 22:46:50,162 - WARNING - 错误码：10165，信息：invalid handle
2025-04-28 22:46:50,664 - INFO - 连接关闭
2025-04-28 22:46:51,667 - INFO - 尝试第1次重连...
2025-04-28 22:46:51,829 - INFO - Websocket connected
2025-04-28 22:46:51,830 - INFO - 连接建立
2025-04-28 22:46:53,672 - INFO - 重连成功
2025-04-28 22:46:53,707 - WARNING - 错误码：10165，信息：invalid handle
2025-04-28 22:46:54,202 - INFO - 连接关闭
2025-04-28 22:46:55,217 - INFO - 尝试第1次重连...
2025-04-28 22:46:55,386 - INFO - Websocket connected
2025-04-28 22:46:55,387 - INFO - 连接建立
2025-04-28 22:46:57,225 - INFO - 重连成功
2025-04-28 22:46:57,268 - WARNING - 错误码：10165，信息：invalid handle
2025-04-28 22:46:57,763 - INFO - 连接关闭
2025-04-28 22:46:58,776 - INFO - 尝试第1次重连...
2025-04-28 22:46:58,931 - INFO - Websocket connected
2025-04-28 22:46:58,931 - INFO - 连接建立
2025-04-28 22:47:00,787 - INFO - 重连成功
2025-04-28 22:47:00,820 - WARNING - 错误码：10165，信息：invalid handle
2025-04-28 22:47:01,320 - INFO - 连接关闭
2025-04-28 22:47:02,324 - INFO - 尝试第1次重连...
2025-04-28 22:47:02,516 - INFO - Websocket connected
2025-04-28 22:47:02,516 - INFO - 连接建立
2025-04-28 22:47:04,330 - INFO - 重连成功
2025-04-28 22:47:04,383 - WARNING - 错误码：10165，信息：invalid handle
2025-04-28 22:47:04,862 - INFO - 连接关闭
2025-04-28 22:47:05,879 - INFO - 尝试第1次重连...
2025-04-28 22:47:06,042 - INFO - Websocket connected
2025-04-28 22:47:06,042 - INFO - 连接建立
2025-04-28 22:47:07,889 - INFO - 重连成功
2025-04-28 22:47:07,931 - WARNING - 错误码：10165，信息：invalid handle
2025-04-28 22:47:08,430 - INFO - 连接关闭
2025-04-28 22:47:09,438 - INFO - 尝试第1次重连...
2025-04-28 22:47:09,623 - INFO - Websocket connected
2025-04-28 22:47:09,623 - INFO - 连接建立
2025-04-28 22:47:11,441 - INFO - 重连成功
2025-04-28 22:47:11,496 - WARNING - 错误码：10165，信息：invalid handle
2025-04-28 22:47:11,986 - INFO - 连接关闭
2025-04-28 22:47:13,006 - INFO - 尝试第1次重连...
2025-04-28 22:47:13,176 - INFO - Websocket connected
2025-04-28 22:47:13,176 - INFO - 连接建立
2025-04-28 22:47:15,011 - INFO - 重连成功
2025-04-28 22:47:15,053 - WARNING - 错误码：10165，信息：invalid handle
2025-04-28 22:47:15,555 - INFO - 连接关闭
2025-04-28 22:47:16,567 - INFO - 尝试第1次重连...
2025-04-28 22:47:16,760 - INFO - Websocket connected
2025-04-28 22:47:16,760 - INFO - 连接建立
2025-04-28 22:47:18,573 - INFO - 重连成功
2025-04-28 22:47:18,612 - WARNING - 错误码：10165，信息：invalid handle
2025-04-28 22:47:19,113 - INFO - 连接关闭
2025-04-28 22:47:20,129 - INFO - 尝试第1次重连...
2025-04-28 22:47:20,301 - INFO - Websocket connected
2025-04-28 22:47:20,301 - INFO - 连接建立
2025-04-28 22:47:22,131 - INFO - 重连成功
2025-04-28 22:47:22,177 - WARNING - 错误码：10165，信息：invalid handle
2025-04-28 22:47:22,676 - INFO - 连接关闭
2025-04-28 22:47:23,693 - INFO - 尝试第1次重连...
2025-04-28 22:47:23,860 - INFO - Websocket connected
2025-04-28 22:47:23,860 - INFO - 连接建立
2025-04-28 22:47:25,694 - INFO - 重连成功
2025-04-28 22:47:25,742 - WARNING - 错误码：10165，信息：invalid handle
2025-04-28 22:47:26,239 - INFO - 连接关闭
2025-04-28 22:47:27,241 - INFO - 尝试第1次重连...
2025-04-28 22:47:27,416 - INFO - Websocket connected
2025-04-28 22:47:27,418 - INFO - 连接建立
2025-04-28 22:47:29,251 - INFO - 重连成功
2025-04-28 22:47:29,290 - WARNING - 错误码：10165，信息：invalid handle
2025-04-28 22:47:29,791 - INFO - 连接关闭
2025-04-28 22:47:30,798 - INFO - 尝试第1次重连...
2025-04-28 22:47:30,957 - INFO - Websocket connected
2025-04-28 22:47:30,957 - INFO - 连接建立
2025-04-28 22:47:32,809 - INFO - 重连成功
2025-04-28 22:47:32,843 - WARNING - 错误码：10165，信息：invalid handle
2025-04-28 22:47:33,347 - INFO - 连接关闭
2025-04-28 22:47:34,361 - INFO - 尝试第1次重连...
2025-04-28 22:47:34,537 - INFO - Websocket connected
2025-04-28 22:47:34,537 - INFO - 连接建立
2025-04-28 22:47:36,371 - INFO - 重连成功
2025-04-28 22:47:36,415 - WARNING - 错误码：10165，信息：invalid handle
2025-04-28 22:47:36,911 - INFO - 连接关闭
2025-04-28 22:47:37,922 - INFO - 尝试第1次重连...
2025-04-28 22:47:38,100 - INFO - Websocket connected
2025-04-28 22:47:38,100 - INFO - 连接建立
2025-04-28 22:47:39,929 - INFO - 重连成功
2025-04-28 22:47:39,970 - WARNING - 错误码：10165，信息：invalid handle
2025-04-28 22:47:40,471 - INFO - 连接关闭
2025-04-28 22:47:41,482 - INFO - 尝试第1次重连...
2025-04-28 22:47:41,662 - INFO - Websocket connected
2025-04-28 22:47:41,662 - INFO - 连接建立
2025-04-28 22:47:43,493 - INFO - 重连成功
2025-04-28 22:47:43,534 - WARNING - 错误码：10165，信息：invalid handle
2025-04-28 22:47:44,032 - INFO - 连接关闭
2025-04-28 22:47:45,043 - INFO - 尝试第1次重连...
2025-04-28 22:47:45,214 - INFO - Websocket connected
2025-04-28 22:47:45,214 - INFO - 连接建立
2025-04-28 22:47:47,057 - INFO - 重连成功
2025-04-28 22:47:47,101 - WARNING - 错误码：10165，信息：invalid handle
2025-04-28 22:47:47,600 - INFO - 连接关闭
2025-04-28 22:47:48,608 - INFO - 尝试第1次重连...
2025-04-28 22:47:48,792 - INFO - Websocket connected
2025-04-28 22:47:48,794 - INFO - 连接建立
2025-04-28 22:47:50,617 - INFO - 重连成功
2025-04-28 22:47:50,668 - WARNING - 错误码：10165，信息：invalid handle
2025-04-28 22:47:51,169 - INFO - 连接关闭
2025-04-28 22:47:52,170 - INFO - 尝试第1次重连...
2025-04-28 22:47:52,339 - INFO - Websocket connected
2025-04-28 22:47:52,339 - INFO - 连接建立
2025-04-28 22:47:54,173 - INFO - 重连成功
2025-04-28 22:47:54,215 - WARNING - 错误码：10165，信息：invalid handle
2025-04-28 22:47:54,717 - INFO - 连接关闭
2025-04-28 22:47:55,731 - INFO - 尝试第1次重连...
2025-04-28 22:47:55,891 - INFO - Websocket connected
2025-04-28 22:47:55,891 - INFO - 连接建立
2025-04-28 22:47:57,742 - INFO - 重连成功
2025-04-28 22:47:57,781 - WARNING - 错误码：10165，信息：invalid handle
2025-04-28 22:47:58,281 - INFO - 连接关闭
2025-04-28 22:47:59,291 - INFO - 尝试第1次重连...
2025-04-28 22:47:59,462 - INFO - Websocket connected
2025-04-28 22:47:59,462 - INFO - 连接建立
2025-04-28 22:48:01,306 - INFO - 重连成功
2025-04-28 22:48:01,350 - WARNING - 错误码：10165，信息：invalid handle
2025-04-28 22:48:01,848 - INFO - 连接关闭
2025-04-28 22:48:02,851 - INFO - 尝试第1次重连...
2025-04-28 22:48:03,018 - INFO - Websocket connected
2025-04-28 22:48:03,018 - INFO - 连接建立
2025-04-28 22:48:04,862 - INFO - 重连成功
2025-04-28 22:48:04,901 - WARNING - 错误码：10165，信息：invalid handle
2025-04-28 22:48:05,401 - INFO - 连接关闭
2025-04-28 22:48:06,416 - INFO - 尝试第1次重连...
2025-04-28 22:48:06,605 - INFO - Websocket connected
2025-04-28 22:48:06,606 - INFO - 连接建立
2025-04-28 22:48:08,422 - INFO - 重连成功
2025-04-28 22:48:08,462 - WARNING - 错误码：10165，信息：invalid handle
2025-04-28 22:48:08,962 - INFO - 连接关闭
2025-04-28 22:48:09,976 - INFO - 尝试第1次重连...
2025-04-28 22:48:10,145 - INFO - Websocket connected
2025-04-28 22:48:10,145 - INFO - 连接建立
2025-04-28 22:48:11,979 - INFO - 重连成功
2025-04-28 22:48:12,020 - WARNING - 错误码：10165，信息：invalid handle
2025-04-28 22:48:12,531 - INFO - 连接关闭
2025-04-28 22:48:13,535 - INFO - 尝试第1次重连...
2025-04-28 22:48:13,714 - INFO - Websocket connected
2025-04-28 22:48:13,716 - INFO - 连接建立
2025-04-28 22:48:15,541 - INFO - 重连成功
2025-04-28 22:48:15,584 - WARNING - 错误码：10165，信息：invalid handle
2025-04-28 22:48:16,091 - INFO - 连接关闭
2025-04-28 22:48:17,100 - INFO - 尝试第1次重连...
2025-04-28 22:48:17,284 - INFO - Websocket connected
2025-04-28 22:48:17,284 - INFO - 连接建立
2025-04-28 22:48:19,105 - INFO - 重连成功
2025-04-28 22:48:19,135 - WARNING - 错误码：10165，信息：invalid handle
2025-04-28 22:48:19,641 - INFO - 连接关闭
2025-04-28 22:48:20,655 - INFO - 尝试第1次重连...
2025-04-28 22:48:20,850 - INFO - Websocket connected
2025-04-28 22:48:20,850 - INFO - 连接建立
2025-04-28 22:48:22,661 - INFO - 重连成功
2025-04-28 22:48:22,707 - WARNING - 错误码：10165，信息：invalid handle
2025-04-28 22:48:23,211 - INFO - 连接关闭
2025-04-28 22:48:24,219 - INFO - 尝试第1次重连...
2025-04-28 22:48:24,387 - INFO - Websocket connected
2025-04-28 22:48:24,387 - INFO - 连接建立
2025-04-28 22:48:26,229 - INFO - 重连成功
2025-04-28 22:48:26,271 - WARNING - 错误码：10165，信息：invalid handle
2025-04-28 22:48:26,772 - INFO - 连接关闭
2025-04-28 22:48:27,777 - INFO - 尝试第1次重连...
2025-04-28 22:48:27,956 - INFO - Websocket connected
2025-04-28 22:48:27,956 - INFO - 连接建立
2025-04-28 22:48:29,779 - INFO - 重连成功
2025-04-28 22:48:29,821 - WARNING - 错误码：10165，信息：invalid handle
2025-04-28 22:48:30,321 - INFO - 连接关闭
2025-04-28 22:48:31,328 - INFO - 尝试第1次重连...
2025-04-28 22:48:31,510 - INFO - Websocket connected
2025-04-28 22:48:31,510 - INFO - 连接建立
2025-04-28 22:48:33,335 - INFO - 重连成功
2025-04-28 22:48:33,376 - WARNING - 错误码：10165，信息：invalid handle
2025-04-28 22:48:33,871 - INFO - 连接关闭
2025-04-28 22:48:34,882 - INFO - 尝试第1次重连...
2025-04-28 22:48:35,061 - INFO - Websocket connected
2025-04-28 22:48:35,061 - INFO - 连接建立
2025-04-28 22:48:36,894 - INFO - 重连成功
2025-04-28 22:48:36,936 - WARNING - 错误码：10165，信息：invalid handle
2025-04-28 22:48:37,438 - INFO - 连接关闭
2025-04-28 22:48:38,441 - INFO - 尝试第1次重连...
2025-04-28 22:48:38,612 - INFO - Websocket connected
2025-04-28 22:48:38,612 - INFO - 连接建立
2025-04-28 22:48:40,446 - INFO - 重连成功
2025-04-28 22:48:40,489 - WARNING - 错误码：10165，信息：invalid handle
2025-04-28 22:48:40,989 - INFO - 连接关闭
2025-04-28 22:48:41,993 - INFO - 尝试第1次重连...
2025-04-28 22:48:42,170 - INFO - Websocket connected
2025-04-28 22:48:42,170 - INFO - 连接建立
2025-04-28 22:48:44,001 - INFO - 重连成功
2025-04-28 22:48:44,045 - WARNING - 错误码：10165，信息：invalid handle
2025-04-28 22:48:44,542 - INFO - 连接关闭
2025-04-28 22:48:45,549 - INFO - 尝试第1次重连...
2025-04-28 22:48:45,760 - INFO - Websocket connected
2025-04-28 22:48:45,760 - INFO - 连接建立
2025-04-28 22:48:47,563 - INFO - 重连成功
2025-04-28 22:48:47,623 - WARNING - 错误码：10165，信息：invalid handle
2025-04-28 22:48:48,108 - INFO - 连接关闭
2025-04-28 22:48:49,111 - INFO - 尝试第1次重连...
2025-04-28 22:48:49,282 - INFO - Websocket connected
2025-04-28 22:48:49,282 - INFO - 连接建立
2025-04-28 22:48:51,115 - INFO - 重连成功
2025-04-28 22:48:51,157 - WARNING - 错误码：10165，信息：invalid handle
2025-04-28 22:48:51,658 - INFO - 连接关闭
2025-04-28 22:48:52,666 - INFO - 尝试第1次重连...
2025-04-28 22:48:52,858 - INFO - Websocket connected
2025-04-28 22:48:52,858 - INFO - 连接建立
2025-04-28 22:48:54,678 - INFO - 重连成功
2025-04-28 22:48:54,711 - WARNING - 错误码：10165，信息：invalid handle
2025-04-28 22:48:55,220 - INFO - 连接关闭
2025-04-28 22:48:56,225 - INFO - 尝试第1次重连...
2025-04-28 22:48:56,395 - INFO - Websocket connected
2025-04-28 22:48:56,395 - INFO - 连接建立
2025-04-28 22:48:58,236 - INFO - 重连成功
2025-04-28 22:48:58,279 - WARNING - 错误码：10165，信息：invalid handle
2025-04-28 22:48:58,773 - INFO - 连接关闭
2025-04-28 22:48:59,781 - INFO - 尝试第1次重连...
2025-04-28 22:48:59,969 - INFO - Websocket connected
2025-04-28 22:48:59,969 - INFO - 连接建立
2025-04-28 22:49:01,801 - INFO - 重连成功
2025-04-28 22:49:01,848 - WARNING - 错误码：10165，信息：invalid handle
2025-04-28 22:49:02,347 - INFO - 连接关闭
2025-04-28 22:49:03,356 - INFO - 尝试第1次重连...
2025-04-28 22:49:03,540 - INFO - Websocket connected
2025-04-28 22:49:03,540 - INFO - 连接建立
2025-04-28 22:49:05,361 - INFO - 重连成功
2025-04-28 22:49:05,426 - WARNING - 错误码：10165，信息：invalid handle
2025-04-28 22:49:05,899 - INFO - 连接关闭
2025-04-28 22:49:06,917 - INFO - 尝试第1次重连...
2025-04-28 22:49:07,198 - INFO - Websocket connected
2025-04-28 22:49:07,198 - INFO - 连接建立
2025-04-28 22:49:08,921 - INFO - 重连成功
2025-04-28 22:49:08,968 - WARNING - 错误码：10165，信息：invalid handle
2025-04-28 22:49:09,470 - INFO - 连接关闭
2025-04-28 22:49:10,480 - INFO - 尝试第1次重连...
2025-04-28 22:49:10,683 - INFO - Websocket connected
2025-04-28 22:49:10,683 - INFO - 连接建立
2025-04-28 22:49:12,489 - INFO - 重连成功
2025-04-28 22:49:12,531 - WARNING - 错误码：10165，信息：invalid handle
2025-04-28 22:49:13,035 - INFO - 连接关闭
2025-04-28 22:49:14,048 - INFO - 尝试第1次重连...
2025-04-28 22:49:14,226 - INFO - Websocket connected
2025-04-28 22:49:14,226 - INFO - 连接建立
2025-04-28 22:49:16,052 - INFO - 重连成功
2025-04-28 22:49:16,098 - WARNING - 错误码：10165，信息：invalid handle
2025-04-28 22:49:16,600 - INFO - 连接关闭
2025-04-28 22:49:17,609 - INFO - 尝试第1次重连...
2025-04-28 22:49:17,787 - INFO - Websocket connected
2025-04-28 22:49:17,787 - INFO - 连接建立
2025-04-28 22:49:19,623 - INFO - 重连成功
2025-04-28 22:49:19,664 - WARNING - 错误码：10165，信息：invalid handle
2025-04-28 22:49:20,165 - INFO - 连接关闭
2025-04-28 22:49:21,167 - INFO - 尝试第1次重连...
2025-04-28 22:49:21,336 - INFO - Websocket connected
2025-04-28 22:49:21,336 - INFO - 连接建立
2025-04-28 22:49:23,176 - INFO - 重连成功
2025-04-28 22:49:23,211 - WARNING - 错误码：10165，信息：invalid handle
2025-04-28 22:49:23,720 - INFO - 连接关闭
2025-04-28 22:49:24,726 - INFO - 尝试第1次重连...
2025-04-28 22:49:24,925 - INFO - Websocket connected
2025-04-28 22:49:24,925 - INFO - 连接建立
2025-04-28 22:49:26,728 - INFO - 重连成功
2025-04-28 22:49:26,770 - WARNING - 错误码：10165，信息：invalid handle
2025-04-28 22:49:27,271 - INFO - 连接关闭
2025-04-28 22:49:28,279 - INFO - 尝试第1次重连...
2025-04-28 22:49:28,460 - INFO - Websocket connected
2025-04-28 22:49:28,460 - INFO - 连接建立
2025-04-28 22:49:30,286 - INFO - 重连成功
2025-04-28 22:49:30,330 - WARNING - 错误码：10165，信息：invalid handle
2025-04-28 22:49:30,831 - INFO - 连接关闭
2025-04-28 22:49:31,843 - INFO - 尝试第1次重连...
2025-04-28 22:49:32,021 - INFO - Websocket connected
2025-04-28 22:49:32,021 - INFO - 连接建立
2025-04-28 22:49:33,853 - INFO - 重连成功
2025-04-28 22:49:33,891 - WARNING - 错误码：10165，信息：invalid handle
2025-04-28 22:49:34,394 - INFO - 连接关闭
2025-04-28 22:49:35,398 - INFO - 尝试第1次重连...
2025-04-28 22:49:35,552 - INFO - Websocket connected
2025-04-28 22:49:35,552 - INFO - 连接建立
2025-04-28 22:49:37,401 - INFO - 重连成功
2025-04-28 22:49:37,442 - WARNING - 错误码：10165，信息：invalid handle
2025-04-28 22:49:37,941 - INFO - 连接关闭
2025-04-28 22:49:38,945 - INFO - 尝试第1次重连...
2025-04-28 22:49:39,111 - INFO - Websocket connected
2025-04-28 22:49:39,111 - INFO - 连接建立
2025-04-28 22:49:40,955 - INFO - 重连成功
2025-04-28 22:49:40,990 - WARNING - 错误码：10165，信息：invalid handle
2025-04-28 22:49:41,485 - INFO - 连接关闭
2025-04-28 22:49:42,501 - INFO - 尝试第1次重连...
2025-04-28 22:49:42,645 - INFO - Websocket connected
2025-04-28 22:49:42,655 - INFO - 连接建立
2025-04-28 22:49:44,508 - INFO - 重连成功
2025-04-28 22:49:44,540 - WARNING - 错误码：10165，信息：invalid handle
2025-04-28 22:49:45,042 - INFO - 连接关闭
2025-04-28 22:49:46,054 - INFO - 尝试第1次重连...
2025-04-28 22:49:46,214 - INFO - Websocket connected
2025-04-28 22:49:46,215 - INFO - 连接建立
2025-04-28 22:49:48,066 - INFO - 重连成功
2025-04-28 22:49:48,101 - WARNING - 错误码：10165，信息：invalid handle
2025-04-28 22:49:48,598 - INFO - 连接关闭
2025-04-28 22:49:49,611 - INFO - 尝试第1次重连...
2025-04-28 22:49:49,749 - INFO - Websocket connected
2025-04-28 22:49:49,749 - INFO - 连接建立
2025-04-28 22:49:51,621 - INFO - 重连成功
2025-04-28 22:49:51,652 - WARNING - 错误码：10165，信息：invalid handle
2025-04-28 22:49:52,150 - INFO - 连接关闭
2025-04-28 22:49:53,159 - INFO - 尝试第1次重连...
2025-04-28 22:49:53,331 - INFO - Websocket connected
2025-04-28 22:49:53,331 - INFO - 连接建立
2025-04-28 22:49:55,169 - INFO - 重连成功
2025-04-28 22:49:55,211 - WARNING - 错误码：10165，信息：invalid handle
2025-04-28 22:49:55,732 - INFO - 连接关闭
2025-04-28 22:49:56,743 - INFO - 尝试第1次重连...
2025-04-28 22:49:56,912 - INFO - Websocket connected
2025-04-28 22:49:56,912 - INFO - 连接建立
2025-04-28 22:49:58,754 - INFO - 重连成功
2025-04-28 22:49:58,789 - WARNING - 错误码：10165，信息：invalid handle
2025-04-28 22:58:13,977 - ERROR - 连接错误: [WinError 10053] 你的主机中的软件中止了一个已建立的连接。
2025-04-28 22:58:13,977 - ERROR - [WinError 10053] 你的主机中的软件中止了一个已建立的连接。 - goodbye
2025-04-28 22:58:13,977 - INFO - 连接关闭
2025-04-28 22:58:14,978 - INFO - 尝试第1次重连...
2025-04-28 22:58:15,267 - INFO - Websocket connected
2025-04-28 22:58:15,267 - INFO - 连接建立
2025-04-28 22:58:16,981 - INFO - 重连成功
2025-04-28 22:58:17,114 - WARNING - 错误码：10165，信息：invalid handle
2025-04-28 22:58:17,612 - INFO - 连接关闭
2025-04-28 22:58:18,617 - INFO - 尝试第1次重连...
2025-04-28 22:58:18,772 - INFO - Websocket connected
2025-04-28 22:58:18,772 - INFO - 连接建立
2025-04-28 22:58:20,618 - INFO - 重连成功
2025-04-28 22:58:20,651 - WARNING - 错误码：10165，信息：invalid handle
2025-04-28 22:58:21,156 - INFO - 连接关闭
2025-04-28 22:58:22,168 - INFO - 尝试第1次重连...
2025-04-28 22:58:22,333 - INFO - Websocket connected
2025-04-28 22:58:22,333 - INFO - 连接建立
2025-04-28 22:58:24,177 - INFO - 重连成功
2025-04-28 22:58:24,209 - WARNING - 错误码：10165，信息：invalid handle
2025-04-28 22:58:24,719 - INFO - 连接关闭
2025-04-28 22:58:25,730 - INFO - 尝试第1次重连...
2025-04-28 22:58:25,866 - INFO - Websocket connected
2025-04-28 22:58:25,866 - INFO - 连接建立
2025-04-28 22:58:27,742 - INFO - 重连成功
2025-04-28 22:58:27,772 - WARNING - 错误码：10165，信息：invalid handle
2025-04-28 22:58:28,275 - INFO - 连接关闭
2025-04-28 22:58:29,279 - INFO - 尝试第1次重连...
2025-04-28 22:58:29,432 - INFO - Websocket connected
2025-04-28 22:58:29,432 - INFO - 连接建立
2025-05-04 12:49:44,945 - DEBUG - Building prefix dict from the default dictionary ...
2025-05-04 12:49:44,946 - DEBUG - Loading model from cache C:\Users\fangx\AppData\Local\Temp\jieba.cache
2025-05-04 12:49:45,277 - DEBUG - Loading model cost 0.331 seconds.
2025-05-04 12:49:45,277 - DEBUG - Prefix dict has been built successfully.
2025-05-04 12:49:45,278 - INFO - 自定义词典加载成功
2025-05-04 12:49:45,279 - INFO - 停用词表加载成功
2025-05-04 12:49:45,443 - INFO - Websocket connected
2025-05-04 12:49:45,444 - INFO - 连接建立
2025-05-04 12:49:47,697 - INFO - 开始录音（按回车键停止）
2025-05-04 12:50:47,071 - INFO - 用户中断操作
2025-05-04 12:50:47,215 - INFO - 音频资源已释放
2025-05-04 12:50:47,249 - INFO - === 系统已安全关闭 ===
2025-05-04 12:50:47,249 - INFO - 连接关闭
2025-05-04 12:52:09,133 - DEBUG - Building prefix dict from the default dictionary ...
2025-05-04 12:52:09,133 - DEBUG - Loading model from cache C:\Users\fangx\AppData\Local\Temp\jieba.cache
2025-05-04 12:52:09,426 - DEBUG - Loading model cost 0.293 seconds.
2025-05-04 12:52:09,426 - DEBUG - Prefix dict has been built successfully.
2025-05-04 12:52:09,427 - INFO - 自定义词典加载成功
2025-05-04 12:52:09,427 - INFO - 停用词表加载成功
2025-05-04 12:52:09,605 - INFO - Websocket connected
2025-05-04 12:52:09,606 - INFO - 连接建立
2025-05-04 12:52:11,805 - INFO - 开始录音（按回车键停止）
2025-05-04 12:52:16,619 - INFO - 收到停止指令
2025-05-04 12:52:17,241 - INFO - 音频资源已释放
2025-05-04 12:52:17,281 - INFO - === 系统已安全关闭 ===
2025-05-10 11:51:45,193 - DEBUG - Building prefix dict from the default dictionary ...
2025-05-10 11:51:45,196 - DEBUG - Loading model from cache C:\Users\fangx\AppData\Local\Temp\jieba.cache
2025-05-10 11:51:45,527 - DEBUG - Loading model cost 0.332 seconds.
2025-05-10 11:51:45,527 - DEBUG - Prefix dict has been built successfully.
2025-05-10 11:51:45,528 - INFO - 自定义词典加载成功
2025-05-10 11:51:45,529 - INFO - 停用词表加载成功
2025-05-10 11:51:45,703 - INFO - Websocket connected
2025-05-10 11:51:45,703 - INFO - 连接建立
2025-05-10 11:51:48,085 - INFO - 开始录音（按回车键停止）
2025-05-10 11:52:37,870 - INFO - 收到停止指令
2025-05-10 11:52:38,482 - INFO - 音频资源已释放
2025-05-10 11:52:38,517 - INFO - === 系统已安全关闭 ===
2025-05-10 12:10:17,724 - DEBUG - Building prefix dict from the default dictionary ...
2025-05-10 12:10:17,726 - DEBUG - Loading model from cache C:\Users\fangx\AppData\Local\Temp\jieba.cache
2025-05-10 12:10:18,044 - DEBUG - Loading model cost 0.319 seconds.
2025-05-10 12:10:18,045 - DEBUG - Prefix dict has been built successfully.
2025-05-10 12:10:18,045 - INFO - 自定义词典加载成功
2025-05-10 12:10:18,045 - INFO - 停用词表加载成功
2025-05-10 12:10:18,244 - INFO - Websocket connected
2025-05-10 12:10:18,244 - INFO - 连接建立
2025-05-10 12:10:20,445 - INFO - 开始录音（按回车键停止）
2025-05-10 12:10:40,982 - WARNING - 错误码：10165，信息：invalid handle
2025-05-10 12:10:41,405 - INFO - 连接关闭
2025-05-10 12:10:42,412 - INFO - 尝试第1次重连...
2025-05-10 12:10:42,586 - INFO - Websocket connected
2025-05-10 12:10:42,586 - INFO - 连接建立
2025-05-10 12:10:44,427 - INFO - 重连成功
2025-05-10 12:10:44,467 - WARNING - 错误码：10165，信息：invalid handle
2025-05-10 12:10:44,968 - INFO - 连接关闭
2025-05-10 12:10:45,978 - INFO - 尝试第1次重连...
2025-05-10 12:10:46,125 - INFO - Websocket connected
2025-05-10 12:10:46,125 - INFO - 连接建立
2025-05-10 12:10:47,988 - INFO - 重连成功
2025-05-10 12:10:47,988 - INFO - 用户中断操作
2025-05-10 12:10:47,989 - INFO - 音频资源已释放
2025-05-10 12:10:48,019 - INFO - === 系统已安全关闭 ===
2025-05-10 12:10:51,179 - DEBUG - Building prefix dict from the default dictionary ...
2025-05-10 12:10:51,180 - DEBUG - Loading model from cache C:\Users\fangx\AppData\Local\Temp\jieba.cache
2025-05-10 12:10:51,470 - DEBUG - Loading model cost 0.291 seconds.
2025-05-10 12:10:51,470 - DEBUG - Prefix dict has been built successfully.
2025-05-10 12:10:51,470 - INFO - 自定义词典加载成功
2025-05-10 12:10:51,471 - INFO - 停用词表加载成功
2025-05-10 12:10:51,679 - INFO - Websocket connected
2025-05-10 12:10:51,680 - INFO - 连接建立
2025-05-10 12:10:53,797 - INFO - 开始录音（按回车键停止）
2025-05-10 12:11:17,929 - INFO - 收到停止指令
2025-05-10 12:11:18,512 - INFO - 音频资源已释放
2025-05-10 12:11:18,547 - INFO - 连接关闭
2025-05-10 12:11:18,547 - INFO - === 系统已安全关闭 ===
2025-05-10 12:12:05,561 - DEBUG - Building prefix dict from the default dictionary ...
2025-05-10 12:12:05,561 - DEBUG - Loading model from cache C:\Users\fangx\AppData\Local\Temp\jieba.cache
2025-05-10 12:12:05,858 - DEBUG - Loading model cost 0.296 seconds.
2025-05-10 12:12:05,858 - DEBUG - Prefix dict has been built successfully.
2025-05-10 12:12:05,858 - INFO - 自定义词典加载成功
2025-05-10 12:12:05,858 - INFO - 停用词表加载成功
2025-05-10 12:12:06,048 - INFO - Websocket connected
2025-05-10 12:12:06,049 - INFO - 连接建立
2025-05-10 12:12:08,222 - INFO - 开始录音（按回车键停止）
2025-05-10 12:12:21,518 - INFO - 用户中断操作
2025-05-10 12:12:21,657 - INFO - 音频资源已释放
2025-05-10 12:12:21,723 - INFO - 连接关闭
2025-05-10 12:12:21,723 - INFO - === 系统已安全关闭 ===
2025-05-10 12:17:35,723 - DEBUG - Building prefix dict from the default dictionary ...
2025-05-10 12:17:35,724 - DEBUG - Loading model from cache C:\Users\fangx\AppData\Local\Temp\jieba.cache
2025-05-10 12:17:36,019 - DEBUG - Loading model cost 0.296 seconds.
2025-05-10 12:17:36,019 - DEBUG - Prefix dict has been built successfully.
2025-05-10 12:17:36,020 - INFO - 自定义词典加载成功
2025-05-10 12:17:36,020 - INFO - 停用词表加载成功
2025-05-10 12:17:36,213 - INFO - Websocket connected
2025-05-10 12:17:36,213 - INFO - 连接建立
2025-05-10 12:17:38,436 - INFO - 开始录音（按回车键停止）
2025-05-10 12:18:13,209 - INFO - 收到停止指令
2025-05-10 12:18:13,788 - INFO - 音频资源已释放
2025-05-10 12:18:13,837 - INFO - 连接关闭
2025-05-10 12:18:13,837 - INFO - === 系统已安全关闭 ===
2025-05-10 12:18:47,757 - DEBUG - Building prefix dict from the default dictionary ...
2025-05-10 12:18:47,758 - DEBUG - Loading model from cache C:\Users\fangx\AppData\Local\Temp\jieba.cache
2025-05-10 12:18:48,049 - DEBUG - Loading model cost 0.292 seconds.
2025-05-10 12:18:48,049 - DEBUG - Prefix dict has been built successfully.
2025-05-10 12:18:48,049 - INFO - 自定义词典加载成功
2025-05-10 12:18:48,050 - INFO - 停用词表加载成功
2025-05-10 12:18:48,394 - INFO - Websocket connected
2025-05-10 12:18:48,395 - INFO - 连接建立
2025-05-10 12:18:50,443 - INFO - 开始录音（按回车键停止）
2025-05-10 12:19:16,344 - INFO - 收到停止指令
2025-05-10 12:19:16,916 - INFO - 音频资源已释放
2025-05-10 12:19:16,949 - INFO - === 系统已安全关闭 ===
2025-05-10 12:29:06,689 - DEBUG - Building prefix dict from the default dictionary ...
2025-05-10 12:29:06,690 - DEBUG - Loading model from cache C:\Users\fangx\AppData\Local\Temp\jieba.cache
2025-05-10 12:29:06,976 - DEBUG - Loading model cost 0.287 seconds.
2025-05-10 12:29:06,976 - DEBUG - Prefix dict has been built successfully.
2025-05-10 12:29:06,977 - INFO - 自定义词典加载成功
2025-05-10 12:29:06,977 - INFO - 停用词表加载成功
2025-05-10 12:29:07,127 - INFO - Websocket connected
2025-05-10 12:29:07,128 - INFO - 连接建立
2025-05-10 12:29:09,412 - INFO - 开始录音（按回车键停止）
2025-05-10 12:29:50,397 - INFO - 收到停止指令
2025-05-10 12:29:51,009 - INFO - 音频资源已释放
2025-05-10 12:29:51,040 - INFO - 连接关闭
2025-05-10 12:29:51,040 - INFO - === 系统已安全关闭 ===
2025-05-10 12:30:16,939 - DEBUG - Building prefix dict from the default dictionary ...
2025-05-10 12:30:16,940 - DEBUG - Loading model from cache C:\Users\fangx\AppData\Local\Temp\jieba.cache
2025-05-10 12:30:17,240 - DEBUG - Loading model cost 0.302 seconds.
2025-05-10 12:30:17,240 - DEBUG - Prefix dict has been built successfully.
2025-05-10 12:30:17,240 - INFO - 自定义词典加载成功
2025-05-10 12:30:17,240 - INFO - 停用词表加载成功
2025-05-10 12:30:17,398 - INFO - Websocket connected
2025-05-10 12:30:17,398 - INFO - 连接建立
2025-05-10 12:30:19,607 - INFO - 开始录音（按回车键停止）
2025-05-10 12:31:13,355 - INFO - 收到停止指令
2025-05-10 12:31:13,921 - INFO - 音频资源已释放
2025-05-10 12:31:13,957 - INFO - 连接关闭
2025-05-10 12:31:13,957 - INFO - === 系统已安全关闭 ===
2025-05-10 12:31:34,889 - DEBUG - Building prefix dict from the default dictionary ...
2025-05-10 12:31:34,889 - DEBUG - Loading model from cache C:\Users\fangx\AppData\Local\Temp\jieba.cache
2025-05-10 12:31:35,187 - DEBUG - Loading model cost 0.296 seconds.
2025-05-10 12:31:35,187 - DEBUG - Prefix dict has been built successfully.
2025-05-10 12:31:35,187 - INFO - 自定义词典加载成功
2025-05-10 12:31:35,187 - INFO - 停用词表加载成功
2025-05-10 12:31:35,369 - INFO - Websocket connected
2025-05-10 12:31:35,370 - INFO - 连接建立
2025-05-10 12:31:37,548 - INFO - 开始录音（按回车键停止）
2025-05-10 12:32:23,033 - INFO - 收到停止指令
2025-05-10 12:32:23,624 - INFO - 音频资源已释放
2025-05-10 12:32:23,662 - INFO - 连接关闭
2025-05-10 12:32:23,662 - INFO - === 系统已安全关闭 ===
2025-05-10 13:52:53,658 - DEBUG - Building prefix dict from the default dictionary ...
2025-05-10 13:52:53,659 - DEBUG - Loading model from cache C:\Users\fangx\AppData\Local\Temp\jieba.cache
2025-05-10 13:52:53,960 - DEBUG - Loading model cost 0.302 seconds.
2025-05-10 13:52:53,960 - DEBUG - Prefix dict has been built successfully.
2025-05-10 13:52:53,961 - INFO - 自定义词典加载成功
2025-05-10 13:52:53,961 - INFO - 停用词表加载成功
2025-05-10 13:52:54,134 - INFO - Websocket connected
2025-05-10 13:52:54,134 - INFO - 连接建立
2025-05-10 13:52:56,341 - INFO - 开始录音（按回车键停止）
2025-05-10 13:52:56,820 - INFO - 收到停止指令
2025-05-10 13:52:57,364 - INFO - 音频资源已释放
2025-05-10 13:52:57,402 - INFO - 连接关闭
2025-05-10 13:52:57,402 - INFO - === 系统已安全关闭 ===
2025-05-11 14:14:10,230 - DEBUG - Building prefix dict from the default dictionary ...
2025-05-11 14:14:10,232 - DEBUG - Loading model from cache C:\Users\fangx\AppData\Local\Temp\jieba.cache
2025-05-11 14:14:10,552 - DEBUG - Loading model cost 0.321 seconds.
2025-05-11 14:14:10,552 - DEBUG - Prefix dict has been built successfully.
2025-05-11 14:14:10,553 - INFO - 自定义词典加载成功
2025-05-11 14:14:10,553 - INFO - 停用词表加载成功
2025-05-11 14:14:10,731 - INFO - Websocket connected
2025-05-11 14:14:10,731 - INFO - 连接建立
2025-05-11 14:14:12,961 - INFO - 开始录音（按回车键停止）
2025-05-11 14:14:33,520 - WARNING - 错误码：10165，信息：invalid handle
2025-05-11 14:14:33,946 - INFO - 连接关闭
2025-05-11 14:14:34,955 - INFO - 尝试第1次重连...
2025-05-11 14:14:35,123 - INFO - Websocket connected
2025-05-11 14:14:35,124 - INFO - 连接建立
2025-05-11 14:14:36,970 - INFO - 重连成功
2025-05-11 14:14:37,008 - WARNING - 错误码：10165，信息：invalid handle
2025-05-11 14:14:37,511 - INFO - 连接关闭
2025-05-11 14:14:38,515 - INFO - 尝试第1次重连...
2025-05-11 14:14:38,670 - INFO - Websocket connected
2025-05-11 14:14:38,670 - INFO - 连接建立
2025-05-11 14:14:40,527 - INFO - 重连成功
2025-05-11 14:14:40,557 - WARNING - 错误码：10165，信息：invalid handle
2025-05-11 14:14:41,061 - INFO - 连接关闭
2025-05-11 14:14:42,076 - INFO - 尝试第1次重连...
2025-05-11 14:14:42,230 - INFO - Websocket connected
2025-05-11 14:14:42,236 - INFO - 连接建立
2025-05-11 14:14:44,080 - INFO - 重连成功
2025-05-11 14:14:44,116 - WARNING - 错误码：10165，信息：invalid handle
2025-05-11 14:14:44,618 - INFO - 连接关闭
2025-05-11 14:14:45,619 - INFO - 尝试第1次重连...
2025-05-11 14:14:45,768 - INFO - Websocket connected
2025-05-11 14:14:45,768 - INFO - 连接建立
2025-05-11 14:14:47,627 - INFO - 重连成功
2025-05-11 14:14:47,660 - WARNING - 错误码：10165，信息：invalid handle
2025-05-11 14:14:48,157 - INFO - 连接关闭
2025-05-11 14:14:49,173 - INFO - 尝试第1次重连...
2025-05-11 14:14:49,342 - INFO - Websocket connected
2025-05-11 14:14:49,342 - INFO - 连接建立
2025-05-11 14:14:51,184 - INFO - 重连成功
2025-05-11 14:14:51,221 - WARNING - 错误码：10165，信息：invalid handle
2025-05-11 14:14:51,724 - INFO - 连接关闭
2025-05-11 14:14:52,733 - INFO - 尝试第1次重连...
2025-05-11 14:14:52,874 - INFO - Websocket connected
2025-05-11 14:14:52,874 - INFO - 连接建立
2025-05-11 14:14:54,746 - INFO - 重连成功
2025-05-11 14:14:54,782 - WARNING - 错误码：10165，信息：invalid handle
2025-05-11 14:14:55,281 - INFO - 连接关闭
2025-05-11 14:14:56,285 - INFO - 尝试第1次重连...
2025-05-11 14:14:56,455 - INFO - Websocket connected
2025-05-11 14:14:56,456 - INFO - 连接建立
2025-05-11 14:14:58,298 - INFO - 重连成功
2025-05-11 14:14:58,337 - WARNING - 错误码：10165，信息：invalid handle
2025-05-11 14:14:58,843 - INFO - 连接关闭
2025-05-11 14:14:59,858 - INFO - 尝试第1次重连...
2025-05-11 14:15:00,008 - INFO - Websocket connected
2025-05-11 14:15:00,008 - INFO - 连接建立
2025-05-11 14:15:01,874 - INFO - 重连成功
2025-05-11 14:15:01,909 - WARNING - 错误码：10165，信息：invalid handle
2025-05-11 14:15:02,410 - INFO - 连接关闭
2025-05-11 14:15:03,421 - INFO - 尝试第1次重连...
2025-05-11 14:15:03,576 - INFO - Websocket connected
2025-05-11 14:15:03,577 - INFO - 连接建立
2025-05-11 14:15:05,437 - INFO - 重连成功
2025-05-11 14:15:05,471 - WARNING - 错误码：10165，信息：invalid handle
2025-05-11 14:15:05,971 - INFO - 连接关闭
2025-05-11 14:15:06,982 - INFO - 尝试第1次重连...
2025-05-11 14:15:07,143 - INFO - Websocket connected
2025-05-11 14:15:07,143 - INFO - 连接建立
2025-05-11 14:15:08,994 - INFO - 重连成功
2025-05-11 14:15:09,035 - WARNING - 错误码：10165，信息：invalid handle
2025-05-11 14:15:09,535 - INFO - 连接关闭
2025-05-11 14:15:10,549 - INFO - 尝试第1次重连...
2025-05-11 14:15:10,693 - INFO - Websocket connected
2025-05-11 14:15:10,693 - INFO - 连接建立
2025-05-11 14:15:12,560 - INFO - 重连成功
2025-05-11 14:15:12,594 - WARNING - 错误码：10165，信息：invalid handle
2025-05-11 14:15:13,095 - INFO - 连接关闭
2025-05-11 14:15:14,105 - INFO - 尝试第1次重连...
2025-05-11 14:15:14,273 - INFO - Websocket connected
2025-05-11 14:15:14,273 - INFO - 连接建立
2025-05-11 14:15:16,109 - INFO - 重连成功
2025-05-11 14:15:16,146 - WARNING - 错误码：10165，信息：invalid handle
2025-05-11 14:15:16,646 - INFO - 连接关闭
2025-05-11 14:15:17,658 - INFO - 尝试第1次重连...
2025-05-11 14:15:17,834 - INFO - Websocket connected
2025-05-11 14:15:17,836 - INFO - 连接建立
2025-05-11 14:15:19,671 - INFO - 重连成功
2025-05-11 14:15:19,709 - WARNING - 错误码：10165，信息：invalid handle
2025-05-11 14:15:20,209 - INFO - 连接关闭
2025-05-11 14:15:21,212 - INFO - 尝试第1次重连...
2025-05-11 14:15:21,364 - INFO - Websocket connected
2025-05-11 14:15:21,365 - INFO - 连接建立
2025-05-11 14:15:23,214 - INFO - 重连成功
2025-05-11 14:15:23,251 - WARNING - 错误码：10165，信息：invalid handle
2025-05-11 14:15:23,752 - INFO - 连接关闭
2025-05-11 14:15:24,763 - INFO - 尝试第1次重连...
2025-05-11 14:15:24,935 - INFO - Websocket connected
2025-05-11 14:15:24,936 - INFO - 连接建立
2025-05-11 14:15:26,767 - INFO - 重连成功
2025-05-11 14:15:26,805 - WARNING - 错误码：10165，信息：invalid handle
2025-05-11 14:15:27,305 - INFO - 连接关闭
2025-05-11 14:15:28,306 - INFO - 尝试第1次重连...
2025-05-11 14:15:28,454 - INFO - Websocket connected
2025-05-11 14:15:28,454 - INFO - 连接建立
2025-05-11 14:15:30,311 - INFO - 重连成功
2025-05-11 14:15:30,346 - WARNING - 错误码：10165，信息：invalid handle
2025-05-11 14:15:30,846 - INFO - 连接关闭
2025-05-11 14:15:31,857 - INFO - 尝试第1次重连...
2025-05-11 14:15:32,020 - INFO - Websocket connected
2025-05-11 14:15:32,021 - INFO - 连接建立
2025-05-11 14:15:33,862 - INFO - 重连成功
2025-05-11 14:15:33,899 - WARNING - 错误码：10165，信息：invalid handle
2025-05-11 14:15:34,399 - INFO - 连接关闭
2025-05-11 14:15:35,407 - INFO - 尝试第1次重连...
2025-05-11 14:15:35,562 - INFO - Websocket connected
2025-05-11 14:15:35,562 - INFO - 连接建立
2025-05-11 14:15:37,413 - INFO - 重连成功
2025-05-11 14:15:37,449 - WARNING - 错误码：10165，信息：invalid handle
2025-05-11 14:15:37,949 - INFO - 连接关闭
2025-05-11 14:15:38,952 - INFO - 尝试第1次重连...
2025-05-11 14:15:39,098 - INFO - Websocket connected
2025-05-11 14:15:39,098 - INFO - 连接建立
2025-05-11 14:15:40,957 - INFO - 重连成功
2025-05-11 14:15:40,998 - WARNING - 错误码：10165，信息：invalid handle
2025-05-11 14:15:41,497 - INFO - 连接关闭
2025-05-11 14:15:42,511 - INFO - 尝试第1次重连...
2025-05-11 14:15:42,676 - INFO - Websocket connected
2025-05-11 14:15:42,676 - INFO - 连接建立
2025-05-11 14:15:44,523 - INFO - 重连成功
2025-05-11 14:15:44,560 - WARNING - 错误码：10165，信息：invalid handle
2025-05-11 14:15:45,061 - INFO - 连接关闭
2025-05-11 14:15:46,070 - INFO - 尝试第1次重连...
2025-05-11 14:15:46,259 - INFO - Websocket connected
2025-05-11 14:15:46,259 - INFO - 连接建立
2025-05-11 14:15:48,071 - INFO - 重连成功
2025-05-11 14:15:48,103 - WARNING - 检测到连接丢失，尝试恢复...
2025-05-11 14:15:48,110 - WARNING - 错误码：10165，信息：invalid handle
2025-05-11 14:15:48,609 - INFO - 连接关闭
2025-05-11 14:15:49,108 - INFO - 尝试第1次重连...
2025-05-11 14:15:49,272 - INFO - Websocket connected
2025-05-11 14:15:49,272 - INFO - 连接建立
2025-05-11 14:15:49,618 - INFO - 尝试第1次重连...
2025-05-11 14:15:51,115 - INFO - 重连成功
2025-05-11 14:15:51,151 - INFO - 连接关闭
2025-05-11 14:15:51,819 - INFO - Websocket connected
2025-05-11 14:15:51,819 - INFO - 连接建立
2025-05-11 14:15:53,655 - INFO - 重连成功
2025-05-11 14:15:53,697 - WARNING - 错误码：10165，信息：invalid handle
2025-05-11 14:15:54,196 - INFO - 连接关闭
2025-05-11 14:15:55,199 - INFO - 尝试第1次重连...
2025-05-11 14:15:55,338 - INFO - Websocket connected
2025-05-11 14:15:55,339 - INFO - 连接建立
2025-05-11 14:15:57,204 - INFO - 重连成功
2025-05-11 14:15:57,241 - WARNING - 错误码：10165，信息：invalid handle
2025-05-11 14:15:57,739 - INFO - 连接关闭
2025-05-11 14:15:58,745 - INFO - 尝试第1次重连...
2025-05-11 14:15:58,892 - INFO - Websocket connected
2025-05-11 14:15:58,893 - INFO - 连接建立
2025-05-11 14:16:00,752 - INFO - 重连成功
2025-05-11 14:16:00,790 - WARNING - 错误码：10165，信息：invalid handle
2025-05-11 14:16:01,291 - INFO - 连接关闭
2025-05-11 14:16:02,295 - INFO - 尝试第1次重连...
2025-05-11 14:16:02,445 - INFO - Websocket connected
2025-05-11 14:16:02,445 - INFO - 连接建立
2025-05-11 14:16:04,307 - INFO - 重连成功
2025-05-11 14:16:04,342 - WARNING - 错误码：10165，信息：invalid handle
2025-05-11 14:16:04,842 - INFO - 连接关闭
2025-05-11 14:16:05,856 - INFO - 尝试第1次重连...
2025-05-11 14:16:06,015 - INFO - Websocket connected
2025-05-11 14:16:06,016 - INFO - 连接建立
2025-05-11 14:16:07,857 - INFO - 重连成功
2025-05-11 14:16:07,892 - WARNING - 错误码：10165，信息：invalid handle
2025-05-11 14:16:08,393 - INFO - 连接关闭
2025-05-11 14:16:09,397 - INFO - 尝试第1次重连...
2025-05-11 14:16:09,560 - INFO - Websocket connected
2025-05-11 14:16:09,562 - INFO - 连接建立
2025-05-11 14:16:11,403 - INFO - 重连成功
2025-05-11 14:16:11,441 - WARNING - 错误码：10165，信息：invalid handle
2025-05-11 14:16:11,943 - INFO - 连接关闭
2025-05-11 14:16:12,960 - INFO - 尝试第1次重连...
2025-05-11 14:16:13,124 - INFO - Websocket connected
2025-05-11 14:16:13,124 - INFO - 连接建立
2025-05-11 14:16:14,968 - INFO - 重连成功
2025-05-11 14:16:15,002 - WARNING - 错误码：10165，信息：invalid handle
2025-05-11 14:16:15,506 - INFO - 连接关闭
2025-05-11 14:16:16,511 - INFO - 尝试第1次重连...
2025-05-11 14:16:16,675 - INFO - Websocket connected
2025-05-11 14:16:16,675 - INFO - 连接建立
2025-05-11 14:16:18,529 - INFO - 重连成功
2025-05-11 14:16:18,568 - WARNING - 错误码：10165，信息：invalid handle
2025-05-11 14:16:19,068 - INFO - 连接关闭
2025-05-11 14:16:20,080 - INFO - 尝试第1次重连...
2025-05-11 14:16:20,259 - INFO - Websocket connected
2025-05-11 14:16:20,259 - INFO - 连接建立
2025-05-11 14:16:20,700 - INFO - 收到停止指令
2025-05-11 14:16:22,088 - INFO - 重连成功
2025-05-11 14:16:22,129 - WARNING - 错误码：10165，信息：invalid handle
2025-05-11 14:16:22,191 - INFO - 音频资源已释放
2025-05-11 14:16:22,629 - INFO - 连接关闭
2025-05-11 14:16:22,629 - INFO - === 系统已安全关闭 ===
2025-05-11 14:21:28,488 - DEBUG - Building prefix dict from the default dictionary ...
2025-05-11 14:21:28,490 - DEBUG - Loading model from cache C:\Users\fangx\AppData\Local\Temp\jieba.cache
2025-05-11 14:21:28,784 - DEBUG - Loading model cost 0.295 seconds.
2025-05-11 14:21:28,784 - DEBUG - Prefix dict has been built successfully.
2025-05-11 14:21:28,944 - INFO - Websocket connected
2025-05-11 14:21:28,945 - INFO - 连接建立
2025-05-11 14:21:31,159 - INFO - 开始录音（按回车键停止）
2025-05-11 14:21:51,615 - WARNING - 错误码：10165，信息：invalid handle
2025-05-11 14:21:51,615 - INFO - 重建连接...
2025-05-11 14:21:52,274 - INFO - Websocket connected
2025-05-11 14:21:52,275 - INFO - 连接建立
2025-05-11 14:21:54,127 - INFO - 连接关闭
2025-05-11 14:21:54,167 - WARNING - 错误码：10165，信息：invalid handle
2025-05-11 14:21:54,167 - INFO - 重建连接...
2025-05-11 14:21:54,907 - INFO - Websocket connected
2025-05-11 14:21:54,907 - INFO - 连接建立
2025-05-11 14:21:56,674 - INFO - 连接关闭
2025-05-11 14:21:56,720 - WARNING - 错误码：10165，信息：invalid handle
2025-05-11 14:21:56,720 - INFO - 重建连接...
2025-05-11 14:21:57,374 - INFO - Websocket connected
2025-05-11 14:21:57,375 - INFO - 连接建立
2025-05-11 14:21:59,228 - INFO - 连接关闭
2025-05-11 14:21:59,264 - WARNING - 错误码：10165，信息：invalid handle
2025-05-11 14:21:59,265 - INFO - 重建连接...
2025-05-11 14:21:59,903 - INFO - Websocket connected
2025-05-11 14:21:59,903 - INFO - 连接建立
2025-05-11 14:22:01,773 - INFO - 连接关闭
2025-05-11 14:22:01,805 - WARNING - 错误码：10165，信息：invalid handle
2025-05-11 14:22:01,805 - INFO - 重建连接...
2025-05-11 14:22:02,447 - INFO - Websocket connected
2025-05-11 14:22:02,448 - INFO - 连接建立
2025-05-11 14:22:04,294 - WARNING - 音频队列已满，丢弃数据
2025-05-11 14:22:04,319 - INFO - 连接关闭
2025-05-11 14:22:04,354 - WARNING - 错误码：10165，信息：invalid handle
2025-05-11 14:22:04,354 - INFO - 重建连接...
2025-05-11 14:22:05,023 - INFO - Websocket connected
2025-05-11 14:22:05,023 - INFO - 连接建立
2025-05-11 14:22:06,854 - WARNING - 音频队列已满，丢弃数据
2025-05-11 14:22:06,861 - INFO - 连接关闭
2025-05-11 14:22:06,901 - WARNING - 错误码：10165，信息：invalid handle
2025-05-11 14:22:06,901 - INFO - 重建连接...
2025-05-11 14:22:07,564 - INFO - Websocket connected
2025-05-11 14:22:07,564 - INFO - 连接建立
2025-05-11 14:22:09,405 - INFO - 连接关闭
2025-05-11 14:22:09,449 - WARNING - 错误码：10165，信息：invalid handle
2025-05-11 14:22:09,449 - INFO - 重建连接...
2025-05-11 14:22:10,119 - INFO - Websocket connected
2025-05-11 14:22:10,120 - INFO - 连接建立
2025-05-11 14:22:11,954 - INFO - 连接关闭
2025-05-11 14:22:11,991 - WARNING - 错误码：10165，信息：invalid handle
2025-05-11 14:22:11,991 - INFO - 重建连接...
2025-05-11 14:22:12,659 - INFO - Websocket connected
2025-05-11 14:22:12,659 - INFO - 连接建立
2025-05-11 14:22:14,506 - INFO - 连接关闭
2025-05-11 14:22:14,547 - WARNING - 错误码：10165，信息：invalid handle
2025-05-11 14:22:14,547 - INFO - 重建连接...
2025-05-11 14:22:15,212 - INFO - Websocket connected
2025-05-11 14:22:15,213 - INFO - 连接建立
2025-05-11 14:22:17,064 - INFO - 连接关闭
2025-05-11 14:22:17,099 - WARNING - 错误码：10165，信息：invalid handle
2025-05-11 14:22:17,099 - INFO - 重建连接...
2025-05-11 14:22:17,743 - INFO - Websocket connected
2025-05-11 14:22:17,745 - INFO - 连接建立
2025-05-11 14:22:19,607 - INFO - 连接关闭
2025-05-11 14:22:19,647 - WARNING - 错误码：10165，信息：invalid handle
2025-05-11 14:22:19,647 - INFO - 重建连接...
2025-05-11 14:22:20,362 - INFO - Websocket connected
2025-05-11 14:22:20,363 - INFO - 连接建立
2025-05-11 14:22:22,134 - WARNING - 音频队列已满，丢弃数据
2025-05-11 14:22:22,159 - INFO - 连接关闭
2025-05-11 14:22:22,200 - WARNING - 错误码：10165，信息：invalid handle
2025-05-11 14:22:22,200 - INFO - 重建连接...
2025-05-11 14:22:22,863 - INFO - Websocket connected
2025-05-11 14:22:22,863 - INFO - 连接建立
2025-05-11 14:22:24,694 - WARNING - 音频队列已满，丢弃数据
2025-05-11 14:22:24,710 - INFO - 连接关闭
2025-05-11 14:22:24,749 - WARNING - 错误码：10165，信息：invalid handle
2025-05-11 14:22:24,749 - INFO - 重建连接...
2025-05-11 14:22:25,393 - INFO - Websocket connected
2025-05-11 14:22:25,393 - INFO - 连接建立
2025-05-11 14:22:27,253 - WARNING - 音频队列已满，丢弃数据
2025-05-11 14:22:27,257 - INFO - 连接关闭
2025-05-11 14:22:27,302 - WARNING - 错误码：10165，信息：invalid handle
2025-05-11 14:22:27,302 - INFO - 重建连接...
2025-05-11 14:22:27,975 - INFO - Websocket connected
2025-05-11 14:22:27,975 - INFO - 连接建立
2025-05-11 14:22:29,814 - WARNING - 音频队列已满，丢弃数据
2025-05-11 14:22:29,817 - INFO - 连接关闭
2025-05-11 14:22:29,852 - WARNING - 错误码：10165，信息：invalid handle
2025-05-11 14:22:29,852 - INFO - 重建连接...
2025-05-11 14:22:30,506 - INFO - Websocket connected
2025-05-11 14:22:30,506 - INFO - 连接建立
2025-05-11 14:22:32,357 - INFO - 连接关闭
2025-05-11 14:22:32,395 - WARNING - 错误码：10165，信息：invalid handle
2025-05-11 14:22:32,395 - INFO - 重建连接...
2025-05-11 14:22:33,078 - INFO - Websocket connected
2025-05-11 14:22:33,079 - INFO - 连接建立
2025-05-11 14:22:34,900 - INFO - 连接关闭
2025-05-11 14:22:34,950 - WARNING - 错误码：10165，信息：invalid handle
2025-05-11 14:22:34,950 - INFO - 重建连接...
2025-05-11 14:22:35,631 - INFO - Websocket connected
2025-05-11 14:22:35,632 - INFO - 连接建立
2025-05-11 14:22:37,459 - INFO - 连接关闭
2025-05-11 14:22:37,502 - WARNING - 错误码：10165，信息：invalid handle
2025-05-11 14:22:37,502 - INFO - 重建连接...
2025-05-11 14:22:38,200 - INFO - Websocket connected
2025-05-11 14:22:38,201 - INFO - 连接建立
2025-05-11 14:22:40,018 - INFO - 连接关闭
2025-05-11 14:22:40,064 - WARNING - 错误码：10165，信息：invalid handle
2025-05-11 14:22:40,064 - INFO - 重建连接...
2025-05-11 14:22:40,753 - INFO - Websocket connected
2025-05-11 14:22:40,753 - INFO - 连接建立
2025-05-11 14:22:42,567 - INFO - 连接关闭
2025-05-11 14:22:42,611 - WARNING - 错误码：10165，信息：invalid handle
2025-05-11 14:22:42,611 - INFO - 重建连接...
2025-05-11 14:22:43,292 - INFO - Websocket connected
2025-05-11 14:22:43,292 - INFO - 连接建立
2025-05-11 14:22:45,093 - WARNING - 音频队列已满，丢弃数据
2025-05-11 14:22:45,121 - INFO - 连接关闭
2025-05-11 14:22:45,166 - WARNING - 错误码：10165，信息：invalid handle
2025-05-11 14:22:45,166 - INFO - 重建连接...
2025-05-11 14:22:45,839 - INFO - Websocket connected
2025-05-11 14:22:45,840 - INFO - 连接建立
2025-05-11 14:22:47,653 - WARNING - 音频队列已满，丢弃数据
2025-05-11 14:22:47,675 - INFO - 连接关闭
2025-05-11 14:22:47,717 - WARNING - 错误码：10165，信息：invalid handle
2025-05-11 14:22:47,717 - INFO - 重建连接...
2025-05-11 14:22:48,377 - INFO - Websocket connected
2025-05-11 14:22:48,378 - INFO - 连接建立
2025-05-11 14:22:50,214 - WARNING - 音频队列已满，丢弃数据
2025-05-11 14:22:50,219 - INFO - 连接关闭
2025-05-11 14:22:50,259 - WARNING - 错误码：10165，信息：invalid handle
2025-05-11 14:22:50,259 - INFO - 重建连接...
2025-05-11 14:22:50,927 - INFO - Websocket connected
2025-05-11 14:22:50,927 - INFO - 连接建立
2025-05-11 14:22:52,774 - WARNING - 音频队列已满，丢弃数据
2025-05-11 14:22:52,775 - INFO - 连接关闭
2025-05-11 14:22:52,818 - WARNING - 错误码：10165，信息：invalid handle
2025-05-11 14:22:52,818 - INFO - 重建连接...
2025-05-11 14:22:53,512 - INFO - Websocket connected
2025-05-11 14:22:53,513 - INFO - 连接建立
2025-05-11 14:22:55,330 - INFO - 连接关闭
2025-05-11 14:22:55,384 - WARNING - 错误码：10165，信息：invalid handle
2025-05-11 14:22:55,384 - INFO - 重建连接...
2025-05-11 14:22:56,042 - INFO - Websocket connected
2025-05-11 14:22:56,042 - INFO - 连接建立
2025-05-11 14:22:57,894 - WARNING - 音频队列已满，丢弃数据
2025-05-11 14:22:57,895 - INFO - 连接关闭
2025-05-11 14:22:57,933 - WARNING - 错误码：10165，信息：invalid handle
2025-05-11 14:22:57,933 - INFO - 重建连接...
2025-05-11 14:22:58,586 - INFO - Websocket connected
2025-05-11 14:22:58,586 - INFO - 连接建立
2025-05-11 14:23:00,435 - INFO - 连接关闭
2025-05-11 14:23:00,474 - WARNING - 错误码：10165，信息：invalid handle
2025-05-11 14:23:00,474 - INFO - 重建连接...
2025-05-11 14:23:01,157 - INFO - Websocket connected
2025-05-11 14:23:01,157 - INFO - 连接建立
2025-05-11 14:23:02,984 - INFO - 连接关闭
2025-05-11 14:23:03,031 - WARNING - 错误码：10165，信息：invalid handle
2025-05-11 14:23:03,031 - INFO - 重建连接...
2025-05-11 14:23:03,730 - INFO - Websocket connected
2025-05-11 14:23:03,731 - INFO - 连接建立
2025-05-11 14:23:05,544 - INFO - 连接关闭
2025-05-11 14:23:05,582 - WARNING - 错误码：10165，信息：invalid handle
2025-05-11 14:23:05,582 - INFO - 重建连接...
2025-05-11 14:23:06,274 - INFO - Websocket connected
2025-05-11 14:23:06,275 - INFO - 连接建立
2025-05-11 14:23:08,086 - INFO - 连接关闭
2025-05-11 14:23:08,131 - WARNING - 错误码：10165，信息：invalid handle
2025-05-11 14:23:08,131 - INFO - 重建连接...
2025-05-11 14:23:08,811 - INFO - Websocket connected
2025-05-11 14:23:08,811 - INFO - 连接建立
2025-05-11 14:23:10,613 - WARNING - 音频队列已满，丢弃数据
2025-05-11 14:23:10,637 - INFO - 连接关闭
2025-05-11 14:23:10,682 - WARNING - 错误码：10165，信息：invalid handle
2025-05-11 14:23:10,682 - INFO - 重建连接...
2025-05-11 14:23:11,365 - INFO - Websocket connected
2025-05-11 14:23:11,365 - INFO - 连接建立
2025-05-11 14:23:13,174 - WARNING - 音频队列已满，丢弃数据
2025-05-11 14:23:13,190 - INFO - 连接关闭
2025-05-11 14:23:13,234 - WARNING - 错误码：10165，信息：invalid handle
2025-05-11 14:23:13,234 - INFO - 重建连接...
2025-05-11 14:23:13,910 - INFO - Websocket connected
2025-05-11 14:23:13,910 - INFO - 连接建立
2025-05-11 14:23:15,734 - WARNING - 音频队列已满，丢弃数据
2025-05-11 14:23:15,749 - INFO - 连接关闭
2025-05-11 14:23:15,791 - WARNING - 错误码：10165，信息：invalid handle
2025-05-11 14:23:15,791 - INFO - 重建连接...
2025-05-11 14:23:16,487 - INFO - Websocket connected
2025-05-11 14:23:16,488 - INFO - 连接建立
2025-05-11 14:23:18,294 - WARNING - 音频队列已满，丢弃数据
2025-05-11 14:23:18,301 - INFO - 连接关闭
2025-05-11 14:23:18,344 - WARNING - 错误码：10165，信息：invalid handle
2025-05-11 14:23:18,345 - INFO - 重建连接...
2025-05-11 14:23:19,020 - INFO - Websocket connected
2025-05-11 14:23:19,021 - INFO - 连接建立
2025-05-11 14:23:20,854 - WARNING - 音频队列已满，丢弃数据
2025-05-11 14:23:20,861 - INFO - 连接关闭
2025-05-11 14:23:20,902 - WARNING - 错误码：10165，信息：invalid handle
2025-05-11 14:23:20,902 - INFO - 重建连接...
2025-05-11 14:23:21,569 - INFO - Websocket connected
2025-05-11 14:23:21,570 - INFO - 连接建立
2025-05-11 14:23:23,414 - WARNING - 音频队列已满，丢弃数据
2025-05-11 14:23:23,419 - INFO - 连接关闭
2025-05-11 14:23:23,466 - WARNING - 错误码：10165，信息：invalid handle
2025-05-11 14:23:23,467 - INFO - 重建连接...
2025-05-11 14:23:24,127 - INFO - Websocket connected
2025-05-11 14:23:24,128 - INFO - 连接建立
2025-05-11 14:23:25,965 - INFO - 连接关闭
2025-05-11 14:23:26,007 - WARNING - 错误码：10165，信息：invalid handle
2025-05-11 14:23:26,007 - INFO - 重建连接...
2025-05-11 14:23:26,694 - INFO - Websocket connected
2025-05-11 14:23:26,695 - INFO - 连接建立
2025-05-11 14:23:28,517 - INFO - 连接关闭
2025-05-11 14:23:28,561 - WARNING - 错误码：10165，信息：invalid handle
2025-05-11 14:23:28,561 - INFO - 重建连接...
2025-05-11 14:23:29,226 - INFO - Websocket connected
2025-05-11 14:23:29,227 - INFO - 连接建立
2025-05-11 14:23:31,075 - INFO - 连接关闭
2025-05-11 14:23:31,118 - WARNING - 错误码：10165，信息：invalid handle
2025-05-11 14:23:31,118 - INFO - 重建连接...
2025-05-11 14:23:31,201 - WARNING - 检测到连接丢失，尝试恢复...
2025-05-11 14:23:31,777 - INFO - Websocket connected
2025-05-11 14:23:31,778 - INFO - 连接建立
2025-05-11 14:23:32,201 - INFO - 尝试第1次重连...
2025-05-11 14:23:33,622 - INFO - 连接关闭
2025-05-11 14:23:33,658 - INFO - 连接关闭
2025-05-11 14:23:34,292 - INFO - Websocket connected
2025-05-11 14:23:34,293 - INFO - 连接建立
2025-05-11 14:23:36,134 - WARNING - 音频队列已满，丢弃数据
2025-05-11 14:23:36,172 - INFO - 重连成功
2025-05-11 14:23:36,205 - WARNING - 错误码：10165，信息：invalid handle
2025-05-11 14:23:36,205 - INFO - 重建连接...
2025-05-11 14:23:36,857 - INFO - Websocket connected
2025-05-11 14:23:36,858 - INFO - 连接建立
2025-05-11 14:23:38,214 - WARNING - 音频队列已满，丢弃数据
2025-05-11 14:23:38,294 - WARNING - 音频队列已满，丢弃数据
2025-05-11 14:23:38,373 - WARNING - 音频队列已满，丢弃数据
2025-05-11 14:23:38,454 - WARNING - 音频队列已满，丢弃数据
2025-05-11 14:23:38,534 - WARNING - 音频队列已满，丢弃数据
2025-05-11 14:23:38,614 - WARNING - 音频队列已满，丢弃数据
2025-05-11 14:23:38,694 - WARNING - 音频队列已满，丢弃数据
2025-05-11 14:23:38,714 - INFO - 连接关闭
2025-05-11 14:23:38,750 - WARNING - 错误码：10165，信息：invalid handle
2025-05-11 14:23:38,750 - INFO - 重建连接...
2025-05-11 14:23:39,411 - INFO - Websocket connected
2025-05-11 14:23:39,412 - INFO - 连接建立
2025-05-11 14:23:41,254 - WARNING - 音频队列已满，丢弃数据
2025-05-11 14:23:41,260 - INFO - 连接关闭
2025-05-11 14:23:41,298 - WARNING - 错误码：10165，信息：invalid handle
2025-05-11 14:23:41,299 - INFO - 重建连接...
2025-05-11 14:23:41,988 - INFO - Websocket connected
2025-05-11 14:23:41,989 - INFO - 连接建立
2025-05-11 14:23:43,813 - INFO - 连接关闭
2025-05-11 14:23:43,848 - WARNING - 错误码：10165，信息：invalid handle
2025-05-11 14:23:43,849 - INFO - 重建连接...
2025-05-11 14:23:44,527 - INFO - Websocket connected
2025-05-11 14:23:44,527 - INFO - 连接建立
2025-05-11 14:23:46,355 - INFO - 连接关闭
2025-05-11 14:23:46,389 - WARNING - 错误码：10165，信息：invalid handle
2025-05-11 14:23:46,389 - INFO - 重建连接...
2025-05-11 14:23:47,023 - INFO - Websocket connected
2025-05-11 14:23:47,024 - INFO - 连接建立
2025-05-11 14:23:48,898 - INFO - 连接关闭
2025-05-11 14:23:48,929 - WARNING - 错误码：10165，信息：invalid handle
2025-05-11 14:23:48,929 - INFO - 重建连接...
2025-05-11 14:23:49,582 - INFO - Websocket connected
2025-05-11 14:23:49,583 - INFO - 连接建立
2025-05-11 14:23:51,414 - WARNING - 音频队列已满，丢弃数据
2025-05-11 14:23:51,439 - INFO - 连接关闭
2025-05-11 14:23:51,476 - WARNING - 错误码：10165，信息：invalid handle
2025-05-11 14:23:51,476 - INFO - 重建连接...
2025-05-11 14:23:52,142 - INFO - Websocket connected
2025-05-11 14:23:52,143 - INFO - 连接建立
2025-05-11 14:23:53,974 - WARNING - 音频队列已满，丢弃数据
2025-05-11 14:23:53,982 - INFO - 连接关闭
2025-05-11 14:23:54,018 - WARNING - 错误码：10165，信息：invalid handle
2025-05-11 14:23:54,018 - INFO - 重建连接...
2025-05-11 14:23:54,692 - INFO - Websocket connected
2025-05-11 14:23:54,692 - INFO - 连接建立
2025-05-11 14:23:56,533 - INFO - 连接关闭
2025-05-11 14:23:56,574 - WARNING - 错误码：10165，信息：invalid handle
2025-05-11 14:23:56,574 - INFO - 重建连接...
2025-05-11 14:23:57,222 - INFO - Websocket connected
2025-05-11 14:23:57,223 - INFO - 连接建立
2025-05-11 14:23:59,082 - INFO - 连接关闭
2025-05-11 14:23:59,116 - WARNING - 错误码：10165，信息：invalid handle
2025-05-11 14:23:59,116 - INFO - 重建连接...
2025-05-11 14:23:59,779 - INFO - Websocket connected
2025-05-11 14:23:59,780 - INFO - 连接建立
2025-05-11 14:24:01,628 - INFO - 连接关闭
2025-05-11 14:24:01,667 - WARNING - 错误码：10165，信息：invalid handle
2025-05-11 14:24:01,667 - INFO - 重建连接...
2025-05-11 14:24:02,308 - INFO - Websocket connected
2025-05-11 14:24:02,309 - INFO - 连接建立
2025-05-11 14:24:04,173 - INFO - 连接关闭
2025-05-11 14:24:04,206 - WARNING - 错误码：10165，信息：invalid handle
2025-05-11 14:24:04,206 - INFO - 重建连接...
2025-05-11 14:24:04,874 - INFO - Websocket connected
2025-05-11 14:24:04,875 - INFO - 连接建立
2025-05-11 14:24:06,693 - WARNING - 音频队列已满，丢弃数据
2025-05-11 14:24:06,717 - INFO - 连接关闭
2025-05-11 14:24:06,757 - WARNING - 错误码：10165，信息：invalid handle
2025-05-11 14:24:06,757 - INFO - 重建连接...
2025-05-11 14:24:07,197 - INFO - 收到停止指令
2025-05-11 14:24:07,421 - INFO - Websocket connected
2025-05-11 14:24:07,422 - INFO - 连接建立
2025-05-11 14:24:09,268 - INFO - 连接关闭
2025-05-11 14:24:09,310 - WARNING - 错误码：10165，信息：invalid handle
2025-05-11 14:24:09,311 - INFO - 重建连接...
2025-05-11 14:24:09,394 - INFO - 音频资源已释放
2025-05-11 14:24:09,394 - INFO - === 系统已安全关闭 ===
2025-05-11 14:35:33,867 - DEBUG - Building prefix dict from the default dictionary ...
2025-05-11 14:35:33,868 - DEBUG - Loading model from cache C:\Users\fangx\AppData\Local\Temp\jieba.cache
2025-05-11 14:35:34,182 - DEBUG - Loading model cost 0.315 seconds.
2025-05-11 14:35:34,182 - DEBUG - Prefix dict has been built successfully.
2025-05-11 14:35:34,182 - INFO - 自定义词典加载成功
2025-05-11 14:35:34,183 - INFO - 停用词表加载成功
2025-05-11 14:35:34,380 - INFO - Websocket connected
2025-05-11 14:35:34,380 - INFO - 连接建立
2025-05-11 14:35:36,584 - INFO - 开始录音（按回车键停止）
2025-05-11 14:35:57,123 - WARNING - 错误码：10165，信息：invalid handle
2025-05-11 14:35:57,541 - INFO - 连接关闭
2025-05-11 14:35:58,553 - INFO - 尝试第1次重连...
2025-05-11 14:35:58,710 - INFO - Websocket connected
2025-05-11 14:35:58,712 - INFO - 连接建立
2025-05-11 14:36:00,566 - INFO - 重连成功
2025-05-11 14:36:00,601 - WARNING - 错误码：10165，信息：invalid handle
2025-05-11 14:36:01,103 - INFO - 连接关闭
2025-05-11 14:36:02,109 - INFO - 尝试第1次重连...
2025-05-11 14:36:02,265 - INFO - Websocket connected
2025-05-11 14:36:02,266 - INFO - 连接建立
2025-05-11 14:36:04,113 - INFO - 重连成功
2025-05-11 14:36:04,149 - WARNING - 错误码：10165，信息：invalid handle
2025-05-11 14:36:04,651 - INFO - 连接关闭
2025-05-11 14:36:05,653 - INFO - 尝试第1次重连...
2025-05-11 14:36:05,821 - INFO - Websocket connected
2025-05-11 14:36:05,822 - INFO - 连接建立
2025-05-11 14:36:07,658 - INFO - 重连成功
2025-05-11 14:36:07,698 - WARNING - 错误码：10165，信息：invalid handle
2025-05-11 14:36:08,199 - INFO - 连接关闭
2025-05-11 14:36:09,206 - INFO - 尝试第1次重连...
2025-05-11 14:36:09,359 - INFO - Websocket connected
2025-05-11 14:36:09,359 - INFO - 连接建立
2025-05-11 14:36:11,220 - INFO - 重连成功
2025-05-11 14:36:11,259 - WARNING - 错误码：10165，信息：invalid handle
2025-05-11 14:36:11,762 - INFO - 连接关闭
2025-05-11 14:36:12,766 - INFO - 尝试第1次重连...
2025-05-11 14:36:12,930 - INFO - Websocket connected
2025-05-11 14:36:12,930 - INFO - 连接建立
2025-05-11 14:36:14,775 - INFO - 重连成功
2025-05-11 14:36:14,813 - WARNING - 错误码：10165，信息：invalid handle
2025-05-11 14:36:15,317 - INFO - 连接关闭
2025-05-11 14:36:16,326 - INFO - 尝试第1次重连...
2025-05-11 14:36:16,486 - INFO - Websocket connected
2025-05-11 14:36:16,486 - INFO - 连接建立
2025-05-11 14:36:18,335 - INFO - 重连成功
2025-05-11 14:36:18,368 - WARNING - 错误码：10165，信息：invalid handle
2025-05-11 14:36:18,867 - INFO - 连接关闭
2025-05-11 14:36:19,872 - INFO - 尝试第1次重连...
2025-05-11 14:36:20,048 - INFO - Websocket connected
2025-05-11 14:36:20,049 - INFO - 连接建立
2025-05-11 14:36:21,887 - INFO - 重连成功
2025-05-11 14:36:21,946 - WARNING - 错误码：10165，信息：invalid handle
2025-05-11 14:36:22,440 - INFO - 连接关闭
2025-05-11 14:36:23,451 - INFO - 尝试第1次重连...
2025-05-11 14:36:23,589 - INFO - Websocket connected
2025-05-11 14:36:23,590 - INFO - 连接建立
2025-05-11 14:36:25,464 - INFO - 重连成功
2025-05-11 14:36:25,496 - WARNING - 错误码：10165，信息：invalid handle
2025-05-11 14:36:25,996 - INFO - 连接关闭
2025-05-11 14:36:26,999 - INFO - 尝试第1次重连...
2025-05-11 14:36:27,171 - INFO - Websocket connected
2025-05-11 14:36:27,171 - INFO - 连接建立
2025-05-11 14:36:29,002 - INFO - 重连成功
2025-05-11 14:36:29,053 - WARNING - 错误码：10165，信息：invalid handle
2025-05-11 14:36:29,549 - INFO - 连接关闭
2025-05-11 14:36:30,564 - INFO - 尝试第1次重连...
2025-05-11 14:36:30,729 - INFO - Websocket connected
2025-05-11 14:36:30,729 - INFO - 连接建立
2025-05-11 14:36:30,889 - INFO - 收到停止指令
2025-05-11 14:36:32,575 - INFO - 重连成功
2025-05-11 14:36:32,612 - WARNING - 错误码：10165，信息：invalid handle
2025-05-11 14:36:32,657 - INFO - 音频资源已释放
2025-05-11 14:36:33,112 - INFO - 连接关闭
2025-05-11 14:36:33,112 - INFO - === 系统已安全关闭 ===
2025-05-11 14:37:59,615 - DEBUG - Building prefix dict from the default dictionary ...
2025-05-11 14:37:59,616 - DEBUG - Loading model from cache C:\Users\fangx\AppData\Local\Temp\jieba.cache
2025-05-11 14:37:59,908 - DEBUG - Loading model cost 0.293 seconds.
2025-05-11 14:37:59,909 - DEBUG - Prefix dict has been built successfully.
2025-05-11 14:37:59,909 - INFO - 自定义词典加载成功
2025-05-11 14:37:59,909 - INFO - 停用词表加载成功
2025-05-11 14:38:00,069 - INFO - Websocket connected
2025-05-11 14:38:00,069 - INFO - 连接建立
2025-05-11 14:38:02,270 - INFO - 开始录音（按回车键停止）
2025-05-11 14:38:22,800 - WARNING - 错误码：10165，信息：invalid handle
2025-05-11 14:38:23,221 - INFO - 连接关闭
2025-05-11 14:38:24,227 - INFO - 尝试第1次重连...
2025-05-11 14:38:24,388 - INFO - Websocket connected
2025-05-11 14:38:24,389 - INFO - 连接建立
2025-05-11 14:38:26,239 - INFO - 重连成功
2025-05-11 14:38:26,276 - WARNING - 错误码：10165，信息：invalid handle
2025-05-11 14:38:26,783 - INFO - 连接关闭
2025-05-11 14:38:27,784 - INFO - 尝试第1次重连...
2025-05-11 14:38:27,968 - INFO - Websocket connected
2025-05-11 14:38:27,968 - INFO - 连接建立
2025-05-11 14:38:29,787 - INFO - 重连成功
2025-05-11 14:38:29,826 - WARNING - 错误码：10165，信息：invalid handle
2025-05-11 14:38:30,328 - INFO - 连接关闭
2025-05-11 14:38:31,330 - INFO - 尝试第1次重连...
2025-05-11 14:38:31,475 - INFO - Websocket connected
2025-05-11 14:38:31,477 - INFO - 连接建立
2025-05-11 14:38:33,149 - INFO - 收到停止指令
2025-05-11 14:38:33,334 - INFO - 重连成功
2025-05-11 14:38:33,367 - WARNING - 错误码：10165，信息：invalid handle
2025-05-11 14:38:33,463 - INFO - 音频资源已释放
2025-05-11 14:38:33,904 - INFO - 连接关闭
2025-05-11 14:38:33,904 - INFO - === 系统已安全关闭 ===
2025-05-11 14:40:48,605 - DEBUG - Building prefix dict from the default dictionary ...
2025-05-11 14:40:48,606 - DEBUG - Loading model from cache C:\Users\fangx\AppData\Local\Temp\jieba.cache
2025-05-11 14:40:48,894 - DEBUG - Loading model cost 0.289 seconds.
2025-05-11 14:40:48,894 - DEBUG - Prefix dict has been built successfully.
2025-05-11 14:40:48,894 - INFO - 自定义词典加载成功
2025-05-11 14:40:48,894 - INFO - 停用词表加载成功
2025-05-11 14:40:49,098 - INFO - Websocket connected
2025-05-11 14:40:49,099 - INFO - 连接建立
2025-05-11 14:40:51,255 - INFO - 开始录音（按回车键停止）
2025-05-11 14:41:11,792 - WARNING - 错误码：10165，信息：invalid handle
2025-05-11 14:41:12,214 - INFO - 连接关闭
2025-05-11 14:41:13,218 - INFO - 尝试第1次重连...
2025-05-11 14:41:13,388 - INFO - Websocket connected
2025-05-11 14:41:13,388 - INFO - 连接建立
2025-05-11 14:41:15,221 - INFO - 重连成功
2025-05-11 14:41:15,270 - WARNING - 错误码：10165，信息：invalid handle
2025-05-11 14:41:15,770 - INFO - 连接关闭
2025-05-11 14:41:16,781 - INFO - 尝试第1次重连...
2025-05-11 14:41:16,948 - INFO - Websocket connected
2025-05-11 14:41:16,948 - INFO - 连接建立
2025-05-11 14:41:18,794 - INFO - 重连成功
2025-05-11 14:41:18,835 - WARNING - 错误码：10165，信息：invalid handle
2025-05-11 14:41:19,336 - INFO - 连接关闭
2025-05-11 14:41:20,346 - INFO - 尝试第1次重连...
2025-05-11 14:41:20,516 - INFO - Websocket connected
2025-05-11 14:41:20,518 - INFO - 连接建立
2025-05-11 14:41:22,357 - INFO - 重连成功
2025-05-11 14:41:22,401 - WARNING - 错误码：10165，信息：invalid handle
2025-05-11 14:41:22,899 - INFO - 连接关闭
2025-05-11 14:41:23,906 - INFO - 尝试第1次重连...
2025-05-11 14:41:24,077 - INFO - Websocket connected
2025-05-11 14:41:24,078 - INFO - 连接建立
2025-05-11 14:41:25,909 - INFO - 重连成功
2025-05-11 14:41:25,952 - WARNING - 错误码：10165，信息：invalid handle
2025-05-11 14:41:26,456 - INFO - 连接关闭
2025-05-11 14:41:27,469 - INFO - 尝试第1次重连...
2025-05-11 14:41:27,648 - INFO - Websocket connected
2025-05-11 14:41:27,649 - INFO - 连接建立
2025-05-11 14:41:29,484 - INFO - 重连成功
2025-05-11 14:41:29,533 - WARNING - 错误码：10165，信息：invalid handle
2025-05-11 14:41:30,031 - INFO - 连接关闭
2025-05-11 14:41:31,047 - INFO - 尝试第1次重连...
2025-05-11 14:41:31,207 - INFO - Websocket connected
2025-05-11 14:41:31,208 - INFO - 连接建立
2025-05-11 14:41:33,055 - INFO - 重连成功
2025-05-11 14:41:33,055 - INFO - 用户中断操作
2025-05-11 14:41:33,168 - INFO - 音频资源已释放
2025-05-11 14:41:33,206 - INFO - 连接关闭
2025-05-11 14:41:33,206 - INFO - === 系统已安全关闭 ===
2025-05-11 14:41:33,207 - INFO - 自动重连已被禁用，不进行重连。
2025-05-11 14:47:35,936 - DEBUG - Building prefix dict from the default dictionary ...
2025-05-11 14:47:35,937 - DEBUG - Loading model from cache C:\Users\fangx\AppData\Local\Temp\jieba.cache
2025-05-11 14:47:36,238 - DEBUG - Loading model cost 0.302 seconds.
2025-05-11 14:47:36,238 - DEBUG - Prefix dict has been built successfully.
2025-05-11 14:47:36,410 - INFO - Websocket connected
2025-05-11 14:47:36,411 - INFO - 连接建立
2025-05-11 14:47:38,654 - INFO - 开始录音（按回车键停止）
2025-05-11 14:48:37,317 - WARNING - 错误码：10165，信息：invalid handle
2025-05-11 14:48:37,795 - INFO - 连接关闭
2025-05-11 14:48:37,798 - INFO - 最终结果已保存
2025-05-11 14:49:29,121 - INFO - 收到停止指令
2025-05-11 14:49:30,165 - INFO - 音频资源已释放
2025-05-11 14:49:30,165 - INFO - === 系统已安全关闭 ===
2025-05-11 14:56:00,512 - DEBUG - Building prefix dict from the default dictionary ...
2025-05-11 14:56:00,513 - DEBUG - Loading model from cache C:\Users\fangx\AppData\Local\Temp\jieba.cache
2025-05-11 14:56:00,797 - DEBUG - Loading model cost 0.285 seconds.
2025-05-11 14:56:00,797 - DEBUG - Prefix dict has been built successfully.
2025-05-11 14:56:01,017 - INFO - Websocket connected
2025-05-11 14:56:01,017 - INFO - 连接建立
2025-05-11 14:56:03,198 - INFO - 开始录音（按回车键停止）
2025-05-11 14:56:23,729 - WARNING - 错误码：10165，信息：invalid handle
2025-05-11 14:56:24,156 - INFO - 连接关闭
2025-05-11 14:56:52,238 - INFO - 收到停止指令
2025-05-11 14:56:53,269 - INFO - 音频资源已释放
2025-05-11 14:56:53,269 - INFO - === 系统已安全关闭 ===
2025-05-11 15:08:49,317 - DEBUG - Building prefix dict from the default dictionary ...
2025-05-11 15:08:49,318 - DEBUG - Loading model from cache C:\Users\fangx\AppData\Local\Temp\jieba.cache
2025-05-11 15:08:49,604 - DEBUG - Loading model cost 0.287 seconds.
2025-05-11 15:08:49,604 - DEBUG - Prefix dict has been built successfully.
2025-05-11 15:08:49,794 - INFO - Websocket connected
2025-05-11 15:08:49,794 - INFO - 连接建立
2025-05-11 15:08:51,998 - INFO - 开始录音（按回车键停止）
2025-05-11 15:10:13,990 - WARNING - 错误码：10165，信息：invalid handle
2025-05-11 15:10:14,396 - INFO - 连接关闭
2025-05-11 15:10:14,398 - INFO - 最终结果已保存
2025-05-11 15:11:03,657 - INFO - 收到停止指令
2025-05-11 15:11:04,620 - INFO - 正在清理资源...
2025-05-11 15:11:04,712 - INFO - 音频资源已释放
2025-05-11 15:11:04,712 - INFO - === 系统已安全关闭 ===
2025-05-11 15:11:12,921 - DEBUG - Building prefix dict from the default dictionary ...
2025-05-11 15:11:12,922 - DEBUG - Loading model from cache C:\Users\fangx\AppData\Local\Temp\jieba.cache
2025-05-11 15:11:13,213 - DEBUG - Loading model cost 0.292 seconds.
2025-05-11 15:11:13,213 - DEBUG - Prefix dict has been built successfully.
2025-05-11 15:11:13,407 - INFO - Websocket connected
2025-05-11 15:11:13,408 - INFO - 连接建立
2025-05-11 15:11:15,571 - INFO - 开始录音（按回车键停止）
2025-05-11 15:11:36,032 - WARNING - 错误码：10165，信息：invalid handle
2025-05-11 15:11:36,532 - INFO - 连接关闭
2025-05-11 15:12:12,625 - INFO - 用户中断操作
2025-05-11 15:12:12,625 - INFO - 正在清理资源...
2025-05-11 15:12:12,766 - INFO - 音频资源已释放
2025-05-11 15:12:12,766 - INFO - === 系统已安全关闭 ===
2025-05-11 15:12:13,480 - DEBUG - Building prefix dict from the default dictionary ...
2025-05-11 15:12:13,481 - DEBUG - Loading model from cache C:\Users\fangx\AppData\Local\Temp\jieba.cache
2025-05-11 15:12:13,774 - DEBUG - Loading model cost 0.295 seconds.
2025-05-11 15:12:13,774 - DEBUG - Prefix dict has been built successfully.
2025-05-11 15:12:13,929 - INFO - Websocket connected
2025-05-11 15:12:13,930 - INFO - 连接建立
2025-05-11 15:12:16,077 - INFO - 开始录音（按回车键停止）
2025-05-11 15:12:33,729 - WARNING - 错误码：10165，信息：invalid handle
2025-05-11 15:12:34,232 - INFO - 连接关闭
2025-05-11 15:12:34,233 - INFO - 最终结果已保存
2025-05-11 15:14:21,221 - INFO - 收到停止指令
2025-05-11 15:14:22,218 - INFO - 正在清理资源...
2025-05-11 15:14:22,309 - INFO - 音频资源已释放
2025-05-11 15:14:22,310 - INFO - === 系统已安全关闭 ===
2025-05-11 15:18:27,735 - DEBUG - Building prefix dict from the default dictionary ...
2025-05-11 15:18:27,736 - DEBUG - Loading model from cache C:\Users\fangx\AppData\Local\Temp\jieba.cache
2025-05-11 15:18:28,034 - DEBUG - Loading model cost 0.299 seconds.
2025-05-11 15:18:28,034 - DEBUG - Prefix dict has been built successfully.
2025-05-11 15:18:28,206 - INFO - Websocket connected
2025-05-11 15:18:28,206 - INFO - 连接建立
2025-05-11 15:18:30,427 - INFO - 开始录音（按回车键停止）
2025-05-11 15:18:50,966 - WARNING - 错误码：10165，信息：invalid handle
2025-05-11 15:18:51,388 - INFO - 连接关闭
2025-05-11 15:18:51,388 - ERROR - 连接错误: 0
2025-05-11 15:18:52,338 - INFO - 正在清理资源...
2025-05-11 15:18:52,431 - INFO - 音频资源已释放
2025-05-11 15:18:52,431 - INFO - === 系统已安全关闭 ===
2025-05-11 15:20:15,652 - DEBUG - Building prefix dict from the default dictionary ...
2025-05-11 15:20:15,653 - DEBUG - Loading model from cache C:\Users\fangx\AppData\Local\Temp\jieba.cache
2025-05-11 15:20:15,940 - DEBUG - Loading model cost 0.288 seconds.
2025-05-11 15:20:15,940 - DEBUG - Prefix dict has been built successfully.
2025-05-11 15:20:16,170 - INFO - Websocket connected
2025-05-11 15:20:16,170 - INFO - 连接建立
2025-05-11 15:20:18,327 - INFO - 开始录音（按回车键停止）
2025-05-11 15:20:38,867 - WARNING - 错误码：10165，信息：invalid handle
2025-05-11 15:20:39,287 - INFO - 连接关闭
2025-05-11 15:20:39,287 - INFO - 正在清理资源...
2025-05-11 15:20:39,361 - INFO - 音频资源已释放
2025-05-11 15:20:39,361 - INFO - === 系统已安全关闭 ===
2025-05-11 15:20:39,361 - ERROR - 连接错误: 0
2025-05-11 15:20:40,237 - INFO - 正在清理资源...
2025-05-11 15:20:40,237 - ERROR - 资源释放失败: Stream not open
2025-05-11 15:20:40,237 - INFO - === 系统已安全关闭 ===
2025-05-11 15:27:32,565 - DEBUG - Building prefix dict from the default dictionary ...
2025-05-11 15:27:32,566 - DEBUG - Loading model from cache C:\Users\fangx\AppData\Local\Temp\jieba.cache
2025-05-11 15:27:32,850 - DEBUG - Loading model cost 0.285 seconds.
2025-05-11 15:27:32,850 - DEBUG - Prefix dict has been built successfully.
2025-05-11 15:27:33,028 - INFO - Websocket connected
2025-05-11 15:27:33,029 - INFO - 连接建立
2025-05-11 15:27:35,268 - INFO - 开始录音（按回车键停止）
2025-05-11 15:27:55,803 - WARNING - 错误码：10165，信息：invalid handle
2025-05-11 15:27:56,227 - INFO - 连接关闭
2025-05-11 15:32:39,044 - INFO - 用户中断操作
2025-05-11 15:32:39,044 - INFO - 正在清理资源...
2025-05-11 15:32:39,181 - INFO - 音频资源已释放
2025-05-11 15:32:39,181 - INFO - === 系统已安全关闭 ===
2025-05-11 15:32:39,841 - DEBUG - Building prefix dict from the default dictionary ...
2025-05-11 15:32:39,842 - DEBUG - Loading model from cache C:\Users\fangx\AppData\Local\Temp\jieba.cache
2025-05-11 15:32:40,153 - DEBUG - Loading model cost 0.312 seconds.
2025-05-11 15:32:40,154 - DEBUG - Prefix dict has been built successfully.
2025-05-11 15:32:40,314 - INFO - Websocket connected
2025-05-11 15:32:40,314 - INFO - 连接建立
2025-05-11 15:32:42,478 - INFO - 开始录音（按回车键停止）
2025-05-11 15:33:03,006 - WARNING - 错误码：10165，信息：invalid handle
2025-05-11 15:33:03,430 - INFO - 连接关闭
2025-05-11 15:33:03,430 - INFO - 收到停止指令
2025-05-11 15:33:04,381 - INFO - 正在清理资源...
2025-05-11 15:33:04,472 - INFO - 音频资源已释放
2025-05-11 15:33:04,472 - INFO - === 系统已安全关闭 ===
2025-05-11 15:37:57,155 - DEBUG - Building prefix dict from the default dictionary ...
2025-05-11 15:37:57,156 - DEBUG - Loading model from cache C:\Users\fangx\AppData\Local\Temp\jieba.cache
2025-05-11 15:37:57,474 - DEBUG - Loading model cost 0.319 seconds.
2025-05-11 15:37:57,474 - DEBUG - Prefix dict has been built successfully.
2025-05-11 15:37:57,639 - INFO - Websocket connected
2025-05-11 15:37:57,639 - INFO - 连接建立
2025-05-11 15:37:59,864 - INFO - 开始录音（按回车键停止）
2025-05-11 15:38:16,956 - WARNING - 错误码：10165，信息：invalid handle
2025-05-11 15:38:17,387 - INFO - 连接关闭
2025-05-11 15:38:17,388 - INFO - 最终结果已保存
2025-05-11 15:38:17,389 - INFO - 收到停止指令
2025-05-11 15:38:18,329 - INFO - 正在清理资源...
2025-05-11 15:38:18,416 - INFO - 音频资源已释放
2025-05-11 15:38:44,743 - INFO - 收到停止指令
2025-05-11 15:38:44,744 - INFO - === 系统已安全关闭 ===
2025-05-11 15:41:34,514 - DEBUG - Building prefix dict from the default dictionary ...
2025-05-11 15:41:34,515 - DEBUG - Loading model from cache C:\Users\fangx\AppData\Local\Temp\jieba.cache
2025-05-11 15:41:34,805 - DEBUG - Loading model cost 0.290 seconds.
2025-05-11 15:41:34,805 - DEBUG - Prefix dict has been built successfully.
2025-05-11 15:41:35,030 - INFO - Websocket connected
2025-05-11 15:41:35,030 - INFO - 连接建立
2025-05-11 15:41:37,184 - INFO - 开始录音（按回车键停止）
2025-05-11 15:41:57,723 - WARNING - 错误码：10165，信息：invalid handle
2025-05-11 15:41:58,145 - INFO - 连接关闭
2025-05-11 15:41:58,145 - INFO - 收到停止指令
2025-05-11 15:41:59,085 - INFO - 正在清理资源...
2025-05-11 15:41:59,179 - INFO - 音频资源已释放
2025-05-11 15:44:23,853 - INFO - keyboard_listener 异常退出: 'utf-8' codec can't decode byte 0xff in position 0: invalid start byte
2025-05-11 15:44:24,581 - DEBUG - Building prefix dict from the default dictionary ...
2025-05-11 15:44:24,582 - DEBUG - Loading model from cache C:\Users\fangx\AppData\Local\Temp\jieba.cache
2025-05-11 15:44:24,950 - DEBUG - Loading model cost 0.369 seconds.
2025-05-11 15:44:24,950 - DEBUG - Prefix dict has been built successfully.
2025-05-11 15:44:25,136 - INFO - Websocket connected
2025-05-11 15:44:25,137 - INFO - 连接建立
2025-05-11 15:44:27,349 - INFO - 开始录音（按回车键停止）
2025-05-11 15:44:47,884 - WARNING - 错误码：10165，信息：invalid handle
2025-05-11 15:44:47,884 - INFO - 正在清理资源...
2025-05-11 15:44:47,986 - INFO - 音频资源已释放
2025-05-11 15:44:52,884 - INFO - 检测到静默超时，执行安全退出
2025-05-11 15:44:52,884 - INFO - 正在清理资源...
2025-05-11 15:44:52,884 - ERROR - 资源释放失败: Stream not open
2025-05-11 15:52:31,858 - INFO - keyboard_listener 异常退出: 'utf-8' codec can't decode byte 0xff in position 0: invalid start byte
2025-05-11 15:52:31,858 - INFO - === 系统已安全关闭 ===
2025-05-11 15:52:31,858 - INFO - 正在清理资源...
2025-05-11 15:52:31,858 - ERROR - 连接错误: 0
2025-05-11 15:52:31,858 - ERROR - 资源释放失败: Stream not open
2025-05-11 15:52:31,858 - INFO - 连接关闭
2025-05-11 15:52:31,858 - INFO - === 系统已安全关闭 ===
2025-05-11 15:52:31,858 - INFO - 收到停止指令
2025-05-11 15:52:32,589 - DEBUG - Building prefix dict from the default dictionary ...
2025-05-11 15:52:32,591 - DEBUG - Loading model from cache C:\Users\fangx\AppData\Local\Temp\jieba.cache
2025-05-11 15:52:32,890 - DEBUG - Loading model cost 0.302 seconds.
2025-05-11 15:52:32,890 - DEBUG - Prefix dict has been built successfully.
2025-05-11 15:52:33,089 - INFO - Websocket connected
2025-05-11 15:52:33,089 - INFO - 连接建立
2025-05-11 15:52:35,307 - INFO - 开始录音（按回车键停止）
2025-05-11 15:52:56,803 - WARNING - 检测到静默中断，执行安全退出
2025-05-11 15:52:57,224 - INFO - 连接关闭
2025-05-11 15:52:57,225 - INFO - 最终结果已保存
2025-05-11 15:52:57,226 - INFO - 收到停止指令
2025-05-11 15:52:57,777 - INFO - 正在清理资源...
2025-05-11 15:52:57,864 - INFO - 音频资源已释放
2025-05-11 15:52:57,864 - INFO - === 系统已安全关闭 ===
2025-05-11 15:53:21,282 - INFO - 收到停止指令
2025-05-11 15:55:16,294 - DEBUG - Building prefix dict from the default dictionary ...
2025-05-11 15:55:16,295 - DEBUG - Loading model from cache C:\Users\fangx\AppData\Local\Temp\jieba.cache
2025-05-11 15:55:16,589 - DEBUG - Loading model cost 0.295 seconds.
2025-05-11 15:55:16,589 - DEBUG - Prefix dict has been built successfully.
2025-05-11 15:55:16,770 - INFO - Websocket connected
2025-05-11 15:55:16,771 - INFO - 连接建立
2025-05-11 15:55:18,977 - INFO - 开始录音（按回车键停止）
2025-05-11 15:55:39,518 - WARNING - 检测到静默中断，执行安全退出
2025-05-11 15:55:39,939 - INFO - 连接关闭
2025-05-11 15:55:39,939 - INFO - 收到停止指令
2025-05-11 15:55:40,474 - INFO - 正在清理资源...
2025-05-11 15:55:40,573 - INFO - 音频资源已释放
2025-05-11 15:55:40,573 - INFO - === 系统已安全关闭 ===
2025-05-11 15:56:12,333 - INFO - 收到停止指令
2025-05-11 16:05:14,102 - DEBUG - Building prefix dict from the default dictionary ...
2025-05-11 16:05:14,103 - DEBUG - Loading model from cache C:\Users\fangx\AppData\Local\Temp\jieba.cache
2025-05-11 16:05:14,395 - DEBUG - Loading model cost 0.292 seconds.
2025-05-11 16:05:14,395 - DEBUG - Prefix dict has been built successfully.
2025-05-11 16:05:14,567 - INFO - Websocket connected
2025-05-11 16:05:14,568 - INFO - 连接建立
2025-05-11 16:05:16,796 - INFO - 开始录音（按回车键停止）
2025-05-11 16:05:37,251 - WARNING - 检测到静默中断，执行安全退出
2025-05-11 16:05:37,752 - INFO - 连接关闭
2025-05-11 16:05:37,752 - INFO - 收到停止指令
2025-05-11 16:05:38,216 - INFO - 正在清理资源...
2025-05-11 16:05:38,311 - INFO - 音频资源已释放
2025-05-11 16:05:38,311 - INFO - === 系统已安全关闭 ===
2025-05-11 16:14:31,429 - DEBUG - Building prefix dict from the default dictionary ...
2025-05-11 16:14:31,430 - DEBUG - Loading model from cache C:\Users\fangx\AppData\Local\Temp\jieba.cache
2025-05-11 16:14:31,727 - DEBUG - Loading model cost 0.298 seconds.
2025-05-11 16:14:31,727 - DEBUG - Prefix dict has been built successfully.
2025-05-11 16:14:32,104 - INFO - Websocket connected
2025-05-11 16:14:32,104 - INFO - 连接建立
2025-05-11 16:14:34,155 - INFO - 开始录音（按回车键停止）
2025-05-11 16:14:52,127 - INFO - 收到停止指令
2025-05-11 16:14:53,104 - INFO - 正在清理资源...
2025-05-11 16:14:53,194 - INFO - 音频资源已释放
2025-05-11 16:14:53,229 - INFO - 连接关闭
2025-05-11 16:14:53,229 - INFO - === 系统已安全关闭 ===
2025-05-11 16:15:28,657 - DEBUG - Building prefix dict from the default dictionary ...
2025-05-11 16:15:28,658 - DEBUG - Loading model from cache C:\Users\fangx\AppData\Local\Temp\jieba.cache
2025-05-11 16:15:28,951 - DEBUG - Loading model cost 0.293 seconds.
2025-05-11 16:15:28,952 - DEBUG - Prefix dict has been built successfully.
2025-05-11 16:15:29,127 - INFO - Websocket connected
2025-05-11 16:15:29,127 - INFO - 连接建立
2025-05-11 16:15:31,335 - INFO - 开始录音（按回车键停止）
2025-05-11 16:15:49,951 - WARNING - 检测到静默中断，执行安全退出
2025-05-11 16:15:50,368 - INFO - 连接关闭
2025-05-11 16:15:50,369 - INFO - 最终结果已保存
2025-05-11 16:15:50,370 - INFO - 收到停止指令
2025-05-11 16:15:50,918 - INFO - 正在清理资源...
2025-05-11 16:15:51,010 - INFO - 音频资源已释放
2025-05-11 16:15:51,010 - INFO - === 系统已安全关闭 ===
2025-05-11 16:16:20,780 - DEBUG - Building prefix dict from the default dictionary ...
2025-05-11 16:16:20,781 - DEBUG - Loading model from cache C:\Users\fangx\AppData\Local\Temp\jieba.cache
2025-05-11 16:16:21,057 - DEBUG - Loading model cost 0.277 seconds.
2025-05-11 16:16:21,057 - DEBUG - Prefix dict has been built successfully.
2025-05-11 16:16:21,254 - INFO - Websocket connected
2025-05-11 16:16:21,255 - INFO - 连接建立
2025-05-11 16:16:23,423 - INFO - 开始录音（按回车键停止）
2025-05-11 16:16:38,839 - INFO - 收到停止指令
2025-05-11 16:16:39,799 - INFO - 正在清理资源...
2025-05-11 16:16:39,896 - INFO - 音频资源已释放
2025-05-11 16:16:39,953 - INFO - 连接关闭
2025-05-11 16:16:39,954 - INFO - === 系统已安全关闭 ===
2025-05-11 16:19:29,200 - DEBUG - Building prefix dict from the default dictionary ...
2025-05-11 16:19:29,202 - DEBUG - Loading model from cache C:\Users\fangx\AppData\Local\Temp\jieba.cache
2025-05-11 16:19:29,505 - DEBUG - Loading model cost 0.305 seconds.
2025-05-11 16:19:29,505 - DEBUG - Prefix dict has been built successfully.
2025-05-11 16:19:29,689 - INFO - Websocket connected
2025-05-11 16:19:29,690 - INFO - 连接建立
2025-05-11 16:19:31,896 - INFO - 开始录音（按回车键停止）
2025-05-11 16:19:36,059 - INFO - 收到停止指令
2025-05-11 16:19:36,996 - INFO - 正在清理资源...
2025-05-11 16:19:37,091 - INFO - 音频资源已释放
2025-05-11 16:19:37,127 - INFO - === 系统已安全关闭 ===
2025-05-11 16:20:40,609 - DEBUG - Building prefix dict from the default dictionary ...
2025-05-11 16:20:40,610 - DEBUG - Loading model from cache C:\Users\fangx\AppData\Local\Temp\jieba.cache
2025-05-11 16:20:40,908 - DEBUG - Loading model cost 0.299 seconds.
2025-05-11 16:20:40,909 - DEBUG - Prefix dict has been built successfully.
2025-05-11 16:20:41,072 - INFO - Websocket connected
2025-05-11 16:20:41,073 - INFO - 连接建立
2025-05-11 16:20:43,293 - INFO - 开始录音（按回车键停止）
2025-05-11 16:20:54,961 - INFO - 收到停止指令
2025-05-11 16:20:55,922 - INFO - 正在清理资源...
2025-05-11 16:20:56,008 - INFO - 音频资源已释放
2025-05-11 16:20:56,044 - INFO - 连接关闭
2025-05-11 16:20:56,045 - INFO - === 系统已安全关闭 ===
2025-05-11 16:21:17,928 - DEBUG - Building prefix dict from the default dictionary ...
2025-05-11 16:21:17,929 - DEBUG - Loading model from cache C:\Users\fangx\AppData\Local\Temp\jieba.cache
2025-05-11 16:21:18,213 - DEBUG - Loading model cost 0.285 seconds.
2025-05-11 16:21:18,213 - DEBUG - Prefix dict has been built successfully.
2025-05-11 16:21:18,439 - INFO - Websocket connected
2025-05-11 16:21:18,439 - INFO - 连接建立
2025-05-11 16:21:20,575 - INFO - 开始录音（按回车键停止）
2025-05-11 16:21:41,029 - WARNING - 检测到静默中断，执行安全退出
2025-05-11 16:21:41,526 - INFO - 连接关闭
2025-05-11 16:21:41,527 - INFO - 收到停止指令
2025-05-11 16:21:41,998 - INFO - 正在清理资源...
2025-05-11 16:21:42,089 - INFO - 音频资源已释放
2025-05-11 16:21:42,090 - INFO - === 系统已安全关闭 ===
2025-05-11 16:29:00,171 - DEBUG - Building prefix dict from the default dictionary ...
2025-05-11 16:29:00,172 - DEBUG - Loading model from cache C:\Users\fangx\AppData\Local\Temp\jieba.cache
2025-05-11 16:29:00,464 - DEBUG - Loading model cost 0.293 seconds.
2025-05-11 16:29:00,464 - DEBUG - Prefix dict has been built successfully.
2025-05-11 16:29:00,656 - INFO - Websocket connected
2025-05-11 16:29:00,656 - INFO - 连接建立
2025-05-11 16:29:02,879 - INFO - 开始录音（按回车键停止）
2025-05-11 16:29:29,855 - INFO - 用户中断操作
2025-05-11 16:29:29,855 - INFO - 正在清理资源...
2025-05-11 16:29:29,996 - INFO - 音频资源已释放
2025-05-11 16:29:30,038 - INFO - 连接关闭
2025-05-11 16:29:30,039 - INFO - === 系统已安全关闭 ===
2025-05-11 16:29:30,684 - DEBUG - Building prefix dict from the default dictionary ...
2025-05-11 16:29:30,686 - DEBUG - Loading model from cache C:\Users\fangx\AppData\Local\Temp\jieba.cache
2025-05-11 16:29:31,117 - DEBUG - Loading model cost 0.433 seconds.
2025-05-11 16:29:31,117 - DEBUG - Prefix dict has been built successfully.
2025-05-11 16:29:31,325 - INFO - Websocket connected
2025-05-11 16:29:31,326 - INFO - 连接建立
2025-05-11 16:29:33,434 - INFO - 开始录音（按回车键停止）
2025-05-11 16:30:07,735 - WARNING - 检测到静默中断，执行安全退出
2025-05-11 16:30:08,156 - INFO - 连接关闭
2025-05-11 16:30:08,157 - INFO - 最终结果已保存
2025-05-11 16:30:08,159 - INFO - 收到停止指令
2025-05-11 16:30:08,699 - INFO - 正在清理资源...
2025-05-11 16:30:08,792 - INFO - 音频资源已释放
2025-05-11 16:30:08,792 - INFO - === 系统已安全关闭 ===
2025-05-11 16:30:23,795 - DEBUG - Building prefix dict from the default dictionary ...
2025-05-11 16:30:23,795 - DEBUG - Loading model from cache C:\Users\fangx\AppData\Local\Temp\jieba.cache
2025-05-11 16:30:24,080 - DEBUG - Loading model cost 0.285 seconds.
2025-05-11 16:30:24,080 - DEBUG - Prefix dict has been built successfully.
2025-05-11 16:30:24,258 - INFO - Websocket connected
2025-05-11 16:30:24,258 - INFO - 连接建立
2025-05-11 16:30:26,461 - INFO - 开始录音（按回车键停止）
2025-05-11 16:32:18,097 - INFO - 收到停止指令
2025-05-11 16:32:19,086 - INFO - 正在清理资源...
2025-05-11 16:32:19,177 - INFO - 音频资源已释放
2025-05-11 16:32:19,214 - INFO - 连接关闭
2025-05-11 16:32:19,215 - INFO - === 系统已安全关闭 ===
2025-05-11 16:37:28,107 - DEBUG - Building prefix dict from the default dictionary ...
2025-05-11 16:37:28,108 - DEBUG - Loading model from cache C:\Users\fangx\AppData\Local\Temp\jieba.cache
2025-05-11 16:37:28,396 - DEBUG - Loading model cost 0.289 seconds.
2025-05-11 16:37:28,396 - DEBUG - Prefix dict has been built successfully.
2025-05-11 16:37:28,560 - INFO - Websocket connected
2025-05-11 16:37:28,561 - INFO - 连接建立
2025-05-11 16:37:30,810 - INFO - 开始录音（按回车键停止）
2025-05-11 16:38:07,899 - WARNING - 检测到静默中断，执行安全退出
2025-05-11 16:38:08,400 - INFO - 连接关闭
2025-05-11 16:38:08,402 - INFO - 最终结果已保存
2025-05-11 16:38:08,404 - INFO - 收到停止指令
2025-05-11 16:38:08,867 - INFO - 正在清理资源...
2025-05-11 16:38:08,967 - INFO - 音频资源已释放
2025-05-11 16:38:08,968 - INFO - === 系统已安全关闭 ===
2025-05-11 16:38:14,193 - DEBUG - Building prefix dict from the default dictionary ...
2025-05-11 16:38:14,195 - DEBUG - Loading model from cache C:\Users\fangx\AppData\Local\Temp\jieba.cache
2025-05-11 16:38:14,477 - DEBUG - Loading model cost 0.284 seconds.
2025-05-11 16:38:14,477 - DEBUG - Prefix dict has been built successfully.
2025-05-11 16:38:14,682 - INFO - Websocket connected
2025-05-11 16:38:14,683 - INFO - 连接建立
2025-05-11 16:38:16,821 - INFO - 开始录音（按回车键停止）
2025-05-11 16:39:02,013 - INFO - 收到停止指令
2025-05-11 16:39:02,966 - INFO - 正在清理资源...
2025-05-11 16:39:03,058 - INFO - 音频资源已释放
2025-05-11 16:39:03,097 - INFO - 连接关闭
2025-05-11 16:39:03,098 - INFO - === 系统已安全关闭 ===
2025-05-11 16:46:16,387 - DEBUG - Building prefix dict from the default dictionary ...
2025-05-11 16:46:16,388 - DEBUG - Loading model from cache C:\Users\fangx\AppData\Local\Temp\jieba.cache
2025-05-11 16:46:16,709 - DEBUG - Loading model cost 0.321 seconds.
2025-05-11 16:46:16,709 - DEBUG - Prefix dict has been built successfully.
2025-05-11 16:46:16,929 - INFO - Websocket connected
2025-05-11 16:46:16,931 - INFO - 连接建立
2025-05-11 16:46:19,124 - INFO - 开始录音（按回车键停止）
2025-05-11 16:47:25,719 - INFO - 收到停止指令
2025-05-11 16:47:26,701 - INFO - 正在清理资源...
2025-05-11 16:47:26,798 - INFO - 音频资源已释放
2025-05-11 16:47:26,842 - INFO - 连接关闭
2025-05-11 16:47:26,843 - INFO - === 系统已安全关闭 ===
2025-05-11 16:49:57,759 - DEBUG - Building prefix dict from the default dictionary ...
2025-05-11 16:49:57,760 - DEBUG - Loading model from cache C:\Users\fangx\AppData\Local\Temp\jieba.cache
2025-05-11 16:49:58,116 - DEBUG - Loading model cost 0.357 seconds.
2025-05-11 16:49:58,116 - DEBUG - Prefix dict has been built successfully.
2025-05-11 16:49:58,316 - INFO - Websocket connected
2025-05-11 16:49:58,316 - INFO - 连接建立
2025-05-11 16:50:00,511 - INFO - 开始录音（按回车键停止）
2025-05-11 16:50:24,677 - INFO - 收到停止指令
2025-05-11 16:50:25,618 - INFO - 正在清理资源...
2025-05-11 16:50:25,705 - INFO - 音频资源已释放
2025-05-11 16:50:25,740 - INFO - 连接关闭
2025-05-11 16:50:25,740 - INFO - === 系统已安全关闭 ===
2025-05-11 16:52:16,781 - DEBUG - Building prefix dict from the default dictionary ...
2025-05-11 16:52:16,782 - DEBUG - Loading model from cache C:\Users\fangx\AppData\Local\Temp\jieba.cache
2025-05-11 16:52:17,065 - DEBUG - Loading model cost 0.284 seconds.
2025-05-11 16:52:17,065 - DEBUG - Prefix dict has been built successfully.
2025-05-11 16:52:18,286 - INFO - Websocket connected
2025-05-11 16:52:18,286 - INFO - 连接建立
2025-05-11 16:52:19,423 - INFO - 开始录音（按回车键停止）
2025-05-11 16:53:34,999 - INFO - 收到停止指令
2025-05-11 16:53:35,601 - INFO - 连接关闭
2025-05-11 16:53:35,603 - INFO - 最终结果已保存
2025-05-11 16:53:35,604 - INFO - 收到停止指令
2025-05-11 16:53:35,970 - INFO - 正在清理资源...
2025-05-11 16:53:36,056 - INFO - 音频资源已释放
2025-05-11 16:53:36,057 - INFO - === 系统已安全关闭 ===
2025-05-11 16:54:03,376 - DEBUG - Building prefix dict from the default dictionary ...
2025-05-11 16:54:03,378 - DEBUG - Loading model from cache C:\Users\fangx\AppData\Local\Temp\jieba.cache
2025-05-11 16:54:03,671 - DEBUG - Loading model cost 0.294 seconds.
2025-05-11 16:54:03,671 - DEBUG - Prefix dict has been built successfully.
2025-05-11 16:54:06,036 - INFO - 开始录音（按回车键停止）
2025-05-11 16:54:18,850 - INFO - Websocket connected
2025-05-11 16:54:18,851 - INFO - 连接建立
2025-05-11 16:54:19,036 - WARNING - 检测到静默中断，执行安全退出
2025-05-11 16:54:19,535 - INFO - 连接关闭
2025-05-11 16:54:19,535 - INFO - 收到停止指令
2025-05-11 16:54:20,018 - INFO - 正在清理资源...
2025-05-11 16:54:20,109 - INFO - 音频资源已释放
2025-05-11 16:54:20,109 - INFO - === 系统已安全关闭 ===
2025-05-11 16:54:23,059 - DEBUG - Building prefix dict from the default dictionary ...
2025-05-11 16:54:23,060 - DEBUG - Loading model from cache C:\Users\fangx\AppData\Local\Temp\jieba.cache
2025-05-11 16:54:23,338 - DEBUG - Loading model cost 0.279 seconds.
2025-05-11 16:54:23,339 - DEBUG - Prefix dict has been built successfully.
2025-05-11 16:54:23,532 - INFO - Websocket connected
2025-05-11 16:54:23,533 - INFO - 连接建立
2025-05-11 16:54:25,662 - INFO - 开始录音（按回车键停止）
2025-05-11 16:55:16,746 - INFO - 收到停止指令
2025-05-11 16:55:17,735 - INFO - 正在清理资源...
2025-05-11 16:55:17,817 - INFO - 音频资源已释放
2025-05-11 16:55:17,857 - INFO - 连接关闭
2025-05-11 16:55:17,858 - INFO - === 系统已安全关闭 ===
2025-05-11 17:11:17,888 - DEBUG - Building prefix dict from the default dictionary ...
2025-05-11 17:11:17,889 - DEBUG - Loading model from cache C:\Users\fangx\AppData\Local\Temp\jieba.cache
2025-05-11 17:11:18,188 - DEBUG - Loading model cost 0.299 seconds.
2025-05-11 17:11:18,188 - DEBUG - Prefix dict has been built successfully.
2025-05-11 17:11:18,350 - INFO - Websocket connected
2025-05-11 17:11:18,351 - INFO - 连接建立
2025-05-11 17:11:20,601 - INFO - 开始录音（按回车键停止）
2025-05-11 17:12:34,106 - INFO - 收到停止指令
2025-05-11 17:12:35,067 - INFO - 正在清理资源...
2025-05-11 17:12:35,155 - INFO - 音频资源已释放
2025-05-11 17:12:35,191 - INFO - 连接关闭
2025-05-11 17:12:35,193 - INFO - 最终结果已保存
2025-05-11 17:12:35,194 - INFO - === 系统已安全关闭 ===
2025-05-11 17:13:09,983 - DEBUG - Building prefix dict from the default dictionary ...
2025-05-11 17:13:09,984 - DEBUG - Loading model from cache C:\Users\fangx\AppData\Local\Temp\jieba.cache
2025-05-11 17:13:10,271 - DEBUG - Loading model cost 0.289 seconds.
2025-05-11 17:13:10,271 - DEBUG - Prefix dict has been built successfully.
2025-05-11 17:13:10,465 - INFO - Websocket connected
2025-05-11 17:13:10,465 - INFO - 连接建立
2025-05-11 17:13:12,632 - INFO - 开始录音（按回车键停止）
2025-05-11 17:13:23,009 - INFO - 收到停止指令
2025-05-11 17:13:23,982 - INFO - 正在清理资源...
2025-05-11 17:13:24,065 - INFO - 音频资源已释放
2025-05-11 17:13:24,106 - INFO - 连接关闭
2025-05-11 17:13:24,107 - INFO - 最终结果已保存
2025-05-11 17:13:24,107 - INFO - === 系统已安全关闭 ===
2025-05-11 17:19:36,055 - DEBUG - Building prefix dict from the default dictionary ...
2025-05-11 17:19:36,056 - DEBUG - Loading model from cache C:\Users\fangx\AppData\Local\Temp\jieba.cache
2025-05-11 17:19:36,529 - DEBUG - Loading model cost 0.474 seconds.
2025-05-11 17:19:36,529 - DEBUG - Prefix dict has been built successfully.
2025-05-11 17:19:36,767 - INFO - Websocket connected
2025-05-11 17:19:36,768 - INFO - 连接建立
2025-05-11 17:19:38,997 - INFO - 开始录音（按回车键停止）
2025-05-11 17:19:59,092 - INFO - 用户中断操作
2025-05-11 17:19:59,092 - INFO - 正在清理资源...
2025-05-11 17:19:59,231 - INFO - 音频资源已释放
2025-05-11 17:19:59,268 - INFO - 连接关闭
2025-05-11 17:19:59,268 - INFO - === 系统已安全关闭 ===
2025-05-25 14:56:10,616 - DEBUG - Building prefix dict from the default dictionary ...
2025-05-25 14:56:10,940 - DEBUG - Dumping model to file cache C:\Users\fangx\AppData\Local\Temp\jieba.cache
2025-05-25 14:56:10,973 - DEBUG - Loading model cost 0.355 seconds.
2025-05-25 14:56:10,973 - DEBUG - Prefix dict has been built successfully.
2025-05-25 14:56:11,200 - INFO - Websocket connected
2025-05-25 14:56:11,201 - INFO - 连接建立
2025-05-25 14:56:13,355 - INFO - 开始录音（按回车键停止）
2025-05-25 14:56:16,135 - ERROR - 关键词处理失败: Unknown format code 'f' for object of type 'str'
2025-05-25 14:56:20,621 - ERROR - 关键词处理失败: Unknown format code 'f' for object of type 'str'
2025-05-25 14:56:27,578 - ERROR - 关键词处理失败: Unknown format code 'f' for object of type 'str'
2025-05-25 14:56:30,140 - ERROR - 关键词处理失败: Unknown format code 'f' for object of type 'str'
2025-05-25 14:56:34,778 - INFO - 收到停止指令
2025-05-25 14:56:35,742 - INFO - 正在清理资源...
2025-05-25 14:56:35,828 - INFO - 音频资源已释放
2025-05-25 14:56:35,869 - INFO - 连接关闭
2025-05-25 14:56:35,870 - INFO - === 系统已安全关闭 ===
2025-05-25 15:00:44,099 - DEBUG - Building prefix dict from the default dictionary ...
2025-05-25 15:00:44,100 - DEBUG - Loading model from cache C:\Users\fangx\AppData\Local\Temp\jieba.cache
2025-05-25 15:00:44,392 - DEBUG - Loading model cost 0.293 seconds.
2025-05-25 15:00:44,392 - DEBUG - Prefix dict has been built successfully.
2025-05-25 15:00:44,570 - INFO - Websocket connected
2025-05-25 15:00:44,571 - INFO - 连接建立
2025-05-25 15:00:46,768 - INFO - 开始录音（按回车键停止）
2025-05-25 15:01:16,997 - INFO - 收到停止指令
2025-05-25 15:01:17,946 - INFO - 正在清理资源...
2025-05-25 15:01:18,045 - INFO - 音频资源已释放
2025-05-25 15:01:18,085 - INFO - 连接关闭
2025-05-25 15:01:18,085 - INFO - === 系统已安全关闭 ===
2025-06-10 10:42:38,436 - DEBUG - Building prefix dict from the default dictionary ...
2025-06-10 10:42:38,831 - DEBUG - Dumping model to file cache C:\Users\fangx\AppData\Local\Temp\jieba.cache
2025-06-10 10:42:38,864 - DEBUG - Loading model cost 0.428 seconds.
2025-06-10 10:42:38,865 - DEBUG - Prefix dict has been built successfully.
2025-06-10 10:42:39,174 - INFO - Websocket connected
2025-06-10 10:42:39,174 - INFO - 连接建立
2025-06-10 10:42:41,311 - INFO - 开始录音（按回车键停止）
2025-06-10 10:47:36,786 - DEBUG - Building prefix dict from the default dictionary ...
2025-06-10 10:47:36,787 - DEBUG - Loading model from cache C:\Users\fangx\AppData\Local\Temp\jieba.cache
2025-06-10 10:47:37,109 - DEBUG - Loading model cost 0.323 seconds.
2025-06-10 10:47:37,109 - DEBUG - Prefix dict has been built successfully.
2025-06-10 10:47:38,359 - INFO - Websocket connected
2025-06-10 10:47:38,359 - INFO - 连接建立
2025-06-10 10:47:39,544 - INFO - 开始录音（按回车键停止）
2025-06-10 10:47:57,801 - INFO - 用户中断操作
2025-06-10 10:47:57,801 - INFO - 正在清理资源...
2025-06-10 10:47:57,959 - INFO - 音频资源已释放
2025-06-10 10:47:58,005 - INFO - 连接关闭
2025-06-10 10:47:58,006 - INFO - === 系统已安全关闭 ===
2025-06-10 10:49:58,530 - DEBUG - Building prefix dict from the default dictionary ...
2025-06-10 10:49:58,531 - DEBUG - Loading model from cache C:\Users\fangx\AppData\Local\Temp\jieba.cache
2025-06-10 10:49:58,849 - DEBUG - Loading model cost 0.320 seconds.
2025-06-10 10:49:58,849 - DEBUG - Prefix dict has been built successfully.
2025-06-10 10:50:00,182 - INFO - Websocket connected
2025-06-10 10:50:00,183 - INFO - 连接建立
2025-06-10 10:50:01,261 - INFO - 开始录音（按回车键停止）
2025-06-10 10:50:03,277 - INFO - 用户中断操作
2025-06-10 10:50:03,277 - INFO - 正在清理资源...
2025-06-10 10:50:03,427 - INFO - 音频资源已释放
2025-06-10 10:50:03,612 - INFO - 连接关闭
2025-06-10 10:50:03,613 - INFO - 收到停止指令
2025-06-10 10:50:03,613 - INFO - === 系统已安全关闭 ===
2025-08-18 23:59:59,945 - DEBUG - Building prefix dict from the default dictionary ...
2025-08-19 00:00:00,252 - DEBUG - Dumping model to file cache C:\Users\fangx\AppData\Local\Temp\jieba.cache
2025-08-19 00:00:00,295 - DEBUG - Loading model cost 0.339 seconds.
2025-08-19 00:00:00,295 - DEBUG - Prefix dict has been built successfully.
2025-08-19 00:00:00,447 - INFO - Websocket connected
2025-08-19 00:00:00,447 - INFO - 连接建立
2025-08-19 00:00:02,731 - INFO - 开始录音（按回车键停止）
2025-08-19 00:00:09,466 - INFO - 用户中断操作
2025-08-19 00:00:09,466 - INFO - 正在清理资源...
2025-08-19 00:00:09,607 - INFO - 音频资源已释放
2025-08-19 00:00:09,630 - INFO - 连接关闭
2025-08-19 00:00:09,631 - INFO - === 系统已安全关闭 ===
2025-08-19 00:13:14,454 - DEBUG - Building prefix dict from the default dictionary ...
2025-08-19 00:13:14,455 - DEBUG - Loading model from cache C:\Users\fangx\AppData\Local\Temp\jieba.cache
2025-08-19 00:13:14,743 - DEBUG - Loading model cost 0.289 seconds.
2025-08-19 00:13:14,743 - DEBUG - Prefix dict has been built successfully.
2025-08-19 00:13:14,878 - INFO - Websocket connected
2025-08-19 00:13:14,878 - INFO - 连接建立
2025-08-19 00:13:17,159 - INFO - 开始录音（按回车键停止）
2025-08-19 00:13:23,735 - INFO - 用户中断操作
2025-08-19 00:13:23,735 - INFO - 正在清理资源...
2025-08-19 00:13:23,876 - INFO - 音频资源已释放
2025-08-19 00:13:23,901 - INFO - 连接关闭
2025-08-19 00:13:23,901 - INFO - 收到停止指令
2025-08-19 00:13:23,902 - INFO - === 系统已安全关闭 ===
